class_label,file_name,file_ext,width,height,aspect_ratio,pixels,file_size_kb,color_mode
Kaca,R_3850.jpg,.jpg,225,225,1.0,50625,2.6,RGB
Kaca,R_3851.jpg,.jpg,225,225,1.0,50625,4.86,RGB
Kaca,R_3852.jpg,.jpg,225,225,1.0,50625,2.65,RGB
Kaca,R_3853.jpg,.jpg,183,275,0.6655,50325,3.83,RGB
Kaca,R_3854.jpg,.jpg,194,259,0.749,50246,3.16,RGB
Kaca,R_3855.jpg,.jpg,225,225,1.0,50625,3.42,RGB
Kaca,R_3856.jpg,.jpg,259,194,1.3351,50246,2.07,RGB
Kaca,R_3857.jpg,.jpg,225,225,1.0,50625,2.66,RGB
Kaca,R_3858.jpg,.jpg,225,225,1.0,50625,2.5,RGB
Kaca,R_3859.jpg,.jpg,225,225,1.0,50625,3.65,RGB
Kaca,R_3860.jpg,.jpg,88,222,0.3964,19536,2.89,RGB
Kaca,R_3861.jpg,.jpg,225,225,1.0,50625,4.65,RGB
Kaca,R_3862.jpg,.jpg,293,172,1.7035,50396,3.88,RGB
Kaca,R_3863.jpg,.jpg,225,225,1.0,50625,3.95,RGB
Kaca,R_3864.jpg,.jpg,182,277,0.657,50414,4.53,RGB
Kaca,R_3865.jpg,.jpg,183,275,0.6655,50325,5.1,RGB
Kaca,R_3866.jpg,.jpg,217,232,0.9353,50344,3.38,RGB
Kaca,R_3867.jpg,.jpg,225,225,1.0,50625,5.6,RGB
Kaca,R_3868.jpg,.jpg,225,225,1.0,50625,2.95,RGB
Kaca,R_3869.jpg,.jpg,196,256,0.7656,50176,4.95,RGB
Kaca,R_3870.jpg,.jpg,269,187,1.4385,50303,10.5,RGB
Kaca,R_3871.jpg,.jpg,96,203,0.4729,19488,2.17,RGB
Kaca,R_3872.jpg,.jpg,183,275,0.6655,50325,4.25,RGB
Kaca,R_3873.jpg,.jpg,284,177,1.6045,50268,4.01,RGB
Kaca,R_3874.jpg,.jpg,225,225,1.0,50625,4.31,RGB
Kaca,R_3875.jpg,.jpg,98,199,0.4925,19502,2.4,RGB
Kaca,R_3876.jpg,.jpg,244,207,1.1787,50508,7.6,RGB
Kaca,R_3877.jpg,.jpg,183,275,0.6655,50325,3.88,RGB
Kaca,R_3878.jpg,.jpg,300,168,1.7857,50400,9.89,RGB
Kaca,R_3879.jpg,.jpg,314,161,1.9503,50554,12.06,RGB
Kaca,R_3880.jpg,.jpg,194,259,0.749,50246,5.03,RGB
Kaca,R_3881.jpg,.jpg,225,225,1.0,50625,4.59,RGB
Kaca,R_3882.jpg,.jpg,225,225,1.0,50625,2.4,RGB
Kaca,R_3883.jpg,.jpg,261,193,1.3523,50373,6.02,RGB
Kaca,R_3884.jpg,.jpg,159,318,0.5,50562,8.7,RGB
Kaca,R_3885.jpg,.jpg,225,225,1.0,50625,5.54,RGB
Kaca,R_3886.jpg,.jpg,183,275,0.6655,50325,5.25,RGB
Kaca,R_3887.jpg,.jpg,225,225,1.0,50625,4.1,RGB
Kaca,R_3888.jpg,.jpg,300,168,1.7857,50400,7.94,RGB
Kaca,R_3889.jpg,.jpg,194,259,0.749,50246,3.56,RGB
Kaca,R_3890.jpg,.jpg,225,225,1.0,50625,3.32,RGB
Kaca,R_3891.jpg,.jpg,225,225,1.0,50625,12.49,RGB
Kaca,R_3892.jpg,.jpg,174,289,0.6021,50286,4.31,RGB
Kaca,R_3893.jpg,.jpg,183,275,0.6655,50325,4.64,RGB
Kaca,R_3894.jpg,.jpg,183,275,0.6655,50325,4.38,RGB
Kaca,R_3895.jpg,.jpg,225,225,1.0,50625,2.93,RGB
Kaca,R_3896.jpg,.jpg,190,266,0.7143,50540,3.02,RGB
Kaca,R_3897.jpg,.jpg,225,225,1.0,50625,4.73,RGB
Kaca,R_3898.jpg,.jpg,259,194,1.3351,50246,5.85,RGB
Kaca,R_3899.jpg,.jpg,183,275,0.6655,50325,5.15,RGB
Kaca,R_3900.jpg,.jpg,225,225,1.0,50625,4.49,RGB
Kaca,R_3901.jpg,.jpg,210,240,0.875,50400,1.98,RGB
Kaca,R_3902.jpg,.jpg,185,272,0.6801,50320,5.46,RGB
Kaca,R_3903.jpg,.jpg,244,206,1.1845,50264,3.37,RGB
Kaca,R_3904.jpg,.jpg,225,225,1.0,50625,4.76,RGB
Kaca,R_3905.jpg,.jpg,225,225,1.0,50625,9.6,RGB
Kaca,R_3906.jpg,.jpg,293,172,1.7035,50396,12.23,RGB
Kaca,R_3908.jpg,.jpg,226,223,1.0135,50398,8.64,RGB
Kaca,R_3909.jpg,.jpg,194,259,0.749,50246,2.55,RGB
Kaca,R_3910.jpg,.jpg,275,183,1.5027,50325,6.57,RGB
Kaca,R_3911.jpg,.jpg,295,171,1.7251,50445,6.61,RGB
Kaca,R_3912.jpg,.jpg,273,185,1.4757,50505,10.28,RGB
Kaca,R_3913.jpg,.jpg,267,189,1.4127,50463,2.67,RGB
Kaca,R_3914.jpg,.jpg,246,205,1.2,50430,3.81,P
Kaca,R_3915.jpg,.jpg,224,225,0.9956,50400,9.34,RGB
Kaca,R_3916.jpg,.jpg,259,194,1.3351,50246,3.79,RGB
Kaca,R_3917.jpg,.jpg,265,190,1.3947,50350,1.97,RGB
Kaca,R_3918.jpg,.jpg,225,225,1.0,50625,2.57,RGB
Kaca,R_3919.jpg,.jpg,259,194,1.3351,50246,3.31,RGB
Kaca,R_3920.jpg,.jpg,219,230,0.9522,50370,14.69,RGB
Kaca,R_3921.jpg,.jpg,287,176,1.6307,50512,3.62,RGB
Kaca,R_3922.jpg,.jpg,210,240,0.875,50400,1.96,RGB
Kaca,R_3923.jpg,.jpg,225,225,1.0,50625,7.39,RGB
Kaca,R_3924.jpg,.jpg,225,225,1.0,50625,8.55,RGB
Kaca,R_3925.jpg,.jpg,259,194,1.3351,50246,6.74,RGB
Kaca,R_3926.jpg,.jpg,183,275,0.6655,50325,6.79,RGB
Kaca,R_3927.jpg,.jpg,183,275,0.6655,50325,2.96,RGB
Kaca,R_3928.jpg,.jpg,225,225,1.0,50625,6.83,RGB
Kaca,R_3929.jpg,.jpg,300,168,1.7857,50400,3.29,RGB
Kaca,R_3930.jpg,.jpg,286,176,1.625,50336,7.41,RGB
Kaca,R_3931.jpg,.jpg,275,183,1.5027,50325,5.87,RGB
Kaca,R_3932.jpg,.jpg,92,212,0.434,19504,2.57,RGB
Kaca,R_3933.jpg,.jpg,275,183,1.5027,50325,1.81,RGB
Kaca,R_3934.jpg,.jpg,205,246,0.8333,50430,2.17,P
Kaca,R_3935.jpg,.jpg,225,225,1.0,50625,8.06,RGB
Kaca,R_3936.jpg,.jpg,225,225,1.0,50625,6.44,RGB
Kaca,R_3937.jpg,.jpg,159,318,0.5,50562,6.23,RGB
Kaca,R_3939.jpg,.jpg,225,225,1.0,50625,5.94,RGB
Kaca,R_3940.jpg,.jpg,195,259,0.7529,50505,3.26,RGB
Kaca,R_3941.jpg,.jpg,294,171,1.7193,50274,16.36,RGB
Kaca,R_3942.jpg,.jpg,225,225,1.0,50625,10.14,RGB
Kaca,R_3943.jpg,.jpg,194,259,0.749,50246,5.0,RGB
Kaca,R_3944.jpg,.jpg,75,258,0.2907,19350,2.69,RGB
Kaca,R_3945.jpg,.jpg,224,224,1.0,50176,4.66,RGB
Kaca,R_3946.jpg,.jpg,225,225,1.0,50625,3.88,RGB
Kaca,R_3947.jpg,.jpg,225,225,1.0,50625,2.27,P
Kaca,R_3948.jpg,.jpg,161,314,0.5127,50554,5.76,RGB
Kaca,R_3949.jpg,.jpg,210,240,0.875,50400,3.51,RGB
Kaca,R_3950.jpg,.jpg,183,276,0.663,50508,3.11,RGB
Kaca,R_3951.jpg,.jpg,225,225,1.0,50625,5.56,RGB
Kaca,R_3952.jpg,.jpg,74,264,0.2803,19536,5.59,RGB
Kaca,R_3953.jpg,.jpg,225,225,1.0,50625,5.95,RGB
Kaca,R_3954.jpg,.jpg,194,259,0.749,50246,4.28,RGB
Kaca,R_3955.jpg,.jpg,225,225,1.0,50625,9.65,RGB
Kaca,R_3957.jpg,.jpg,327,154,2.1234,50358,13.12,RGB
Kaca,R_3958.jpg,.jpg,74,264,0.2803,19536,4.54,RGB
Kaca,R_3959.jpg,.jpg,93,210,0.4429,19530,2.32,RGB
Kaca,R_3960.jpg,.jpg,194,259,0.749,50246,5.87,RGB
Kaca,R_3961.jpg,.jpg,202,250,0.808,50500,7.83,RGB
Kaca,R_3962.jpg,.jpg,225,225,1.0,50625,9.37,RGB
Kaca,R_3963.jpg,.jpg,225,225,1.0,50625,7.04,P
Kaca,R_3964.jpg,.jpg,225,225,1.0,50625,2.82,RGB
Kaca,R_3966.jpg,.jpg,200,200,1.0,40000,1.49,P
Kaca,R_3967.jpg,.jpg,219,230,0.9522,50370,8.75,RGB
Kaca,R_3968.jpg,.jpg,254,198,1.2828,50292,7.22,RGB
Kaca,R_3969.jpg,.jpg,194,259,0.749,50246,7.11,RGB
Kaca,R_3970.jpg,.jpg,259,194,1.3351,50246,7.28,RGB
Kaca,R_3971.jpg,.jpg,201,251,0.8008,50451,6.55,RGB
Kaca,R_3972.jpg,.jpg,168,299,0.5619,50232,4.25,RGB
Kaca,R_3973.jpg,.jpg,194,259,0.749,50246,2.93,RGB
Kaca,R_3974.jpg,.jpg,225,225,1.0,50625,4.74,RGB
Kaca,R_3975.jpg,.jpg,70,277,0.2527,19390,2.79,RGB
Kaca,R_3976.jpg,.jpg,225,225,1.0,50625,4.95,RGB
Kaca,R_3977.jpg,.jpg,210,240,0.875,50400,3.66,RGB
Kaca,R_3978.jpg,.jpg,225,225,1.0,50625,6.62,RGB
Kaca,R_3979.jpg,.jpg,194,259,0.749,50246,9.4,RGB
Kaca,R_3980.jpg,.jpg,168,301,0.5581,50568,10.11,RGB
Kaca,R_3981.jpg,.jpg,225,225,1.0,50625,4.93,RGB
Kaca,R_3982.jpg,.jpg,270,186,1.4516,50220,10.89,RGB
Kaca,R_3983.jpg,.jpg,225,225,1.0,50625,3.49,RGB
Kaca,R_3984.jpg,.jpg,225,225,1.0,50625,4.01,RGB
Kaca,R_3985.jpg,.jpg,225,225,1.0,50625,5.65,RGB
Kaca,R_3986.jpg,.jpg,220,229,0.9607,50380,7.96,RGB
Kaca,R_3987.jpg,.jpg,225,225,1.0,50625,9.86,RGB
Kaca,R_3988.jpg,.jpg,225,225,1.0,50625,7.16,RGB
Kaca,R_3989.jpg,.jpg,275,183,1.5027,50325,11.14,RGB
Kaca,R_3990.jpg,.jpg,202,249,0.8112,50298,3.89,RGB
Kaca,R_3991.jpg,.jpg,224,224,1.0,50176,8.86,RGB
Kaca,R_3992.jpg,.jpg,194,259,0.749,50246,2.89,RGB
Kaca,R_3993.jpg,.jpg,162,311,0.5209,50382,5.87,RGB
Kaca,R_3994.jpg,.jpg,225,225,1.0,50625,4.47,RGB
Kaca,R_3995.jpg,.jpg,80,243,0.3292,19440,2.47,RGB
Kaca,R_3996.jpg,.jpg,159,318,0.5,50562,10.23,RGB
Kaca,R_3997.jpg,.jpg,225,225,1.0,50625,3.17,RGB
Kaca,R_3998.jpg,.jpg,225,225,1.0,50625,3.57,RGB
Kaca,R_3999.jpg,.jpg,204,248,0.8226,50592,7.09,RGB
Kaca,R_4000.jpg,.jpg,294,172,1.7093,50568,7.86,RGB
Kaca,R_4001.jpg,.jpg,225,225,1.0,50625,5.86,RGB
Kaca,R_4003.jpg,.jpg,284,177,1.6045,50268,10.21,RGB
Kaca,R_4007.jpg,.jpg,159,318,0.5,50562,1.51,P
Kaca,R_4008.jpg,.jpg,280,180,1.5556,50400,8.28,RGB
Kaca,R_4009.jpg,.jpg,225,225,1.0,50625,11.03,RGB
Kaca,R_4010.jpg,.jpg,259,194,1.3351,50246,5.53,RGB
Kaca,R_4011.jpg,.jpg,225,225,1.0,50625,6.71,RGB
Kaca,R_4012.jpg,.jpg,194,259,0.749,50246,6.22,RGB
Kaca,R_4013.jpg,.jpg,246,205,1.2,50430,4.81,RGB
Kaca,R_4014.jpg,.jpg,225,225,1.0,50625,4.84,RGB
Kaca,R_4015.jpg,.jpg,225,225,1.0,50625,1.97,P
Kaca,R_4016.jpg,.jpg,225,225,1.0,50625,2.94,P
Kaca,R_4017.jpg,.jpg,240,210,1.1429,50400,10.85,RGB
Kaca,R_4018.jpg,.jpg,250,201,1.2438,50250,7.52,RGB
Kaca,R_4019.jpg,.jpg,225,225,1.0,50625,3.48,RGB
Kaca,R_4020.jpg,.jpg,232,217,1.0691,50344,11.0,RGB
Kaca,R_4021.jpg,.jpg,225,225,1.0,50625,5.41,RGB
Kaca,R_4022.jpg,.jpg,275,183,1.5027,50325,2.8,RGB
Kaca,R_4023.jpg,.jpg,225,225,1.0,50625,3.95,RGB
Kaca,R_4024.jpg,.jpg,225,225,1.0,50625,5.31,RGB
Kaca,R_4025.jpg,.jpg,194,259,0.749,50246,8.29,RGB
Kaca,R_4026.jpg,.jpg,259,194,1.3351,50246,9.32,RGB
Kaca,R_4027.jpg,.jpg,202,250,0.808,50500,12.16,RGB
Kaca,R_4028.jpg,.jpg,190,266,0.7143,50540,9.29,RGB
Kaca,R_4029.jpg,.jpg,256,197,1.2995,50432,10.68,RGB
Kaca,R_4030.jpg,.jpg,225,225,1.0,50625,3.02,RGB
Kaca,R_4031.jpg,.jpg,198,254,0.7795,50292,4.03,RGB
Kaca,R_4032.jpg,.jpg,183,276,0.663,50508,5.86,RGB
Kaca,R_4033.jpg,.jpg,91,214,0.4252,19474,2.77,RGB
Kaca,R_4034.jpg,.jpg,183,276,0.663,50508,5.37,RGB
Kaca,R_4035.jpg,.jpg,225,225,1.0,50625,10.63,RGB
Kaca,R_4036.jpg,.jpg,222,227,0.978,50394,13.53,RGB
Kaca,R_4037.jpg,.jpg,275,183,1.5027,50325,14.01,RGB
Kaca,R_4038.jpg,.jpg,73,264,0.2765,19272,4.7,RGB
Kaca,R_4039.jpg,.jpg,194,259,0.749,50246,3.12,RGB
Kaca,R_4040.jpg,.jpg,225,225,1.0,50625,18.14,RGB
Kaca,R_4041.jpg,.jpg,268,188,1.4255,50384,10.4,RGB
Kaca,R_4042.jpg,.jpg,201,250,0.804,50250,3.38,RGB
Kaca,R_4043.jpg,.jpg,225,225,1.0,50625,3.7,RGB
Kaca,R_4044.jpg,.jpg,190,266,0.7143,50540,7.41,RGB
Kaca,R_4045.jpg,.jpg,217,232,0.9353,50344,6.26,RGB
Kaca,R_4047.jpg,.jpg,246,205,1.2,50430,16.5,RGB
Kaca,R_4048.jpg,.jpg,268,188,1.4255,50384,10.26,RGB
Kaca,R_4049.jpg,.jpg,180,195,0.9231,35100,3.4,RGB
Kaca,R_4050.jpg,.jpg,184,275,0.6691,50600,3.78,RGB
Kaca,R_4051.jpg,.jpg,259,194,1.3351,50246,9.54,RGB
Kaca,R_4052.jpg,.jpg,225,225,1.0,50625,6.55,RGB
Kaca,R_4053.jpg,.jpg,225,225,1.0,50625,2.48,RGB
Kaca,R_4054.jpg,.jpg,183,275,0.6655,50325,6.46,RGB
Kaca,R_4055.jpg,.jpg,91,215,0.4233,19565,4.5,RGB
Kaca,R_4056.jpg,.jpg,265,190,1.3947,50350,4.45,RGB
Kaca,R_4057.jpg,.jpg,199,253,0.7866,50347,6.61,RGB
Kaca,R_4058.jpg,.jpg,256,197,1.2995,50432,10.42,RGB
Kaca,R_4059.jpg,.jpg,201,251,0.8008,50451,5.4,RGB
Kaca,R_4060.jpg,.jpg,193,262,0.7366,50566,3.33,RGB
Kaca,R_4061.jpg,.jpg,235,215,1.093,50525,5.52,RGB
Kaca,R_4062.jpg,.jpg,208,242,0.8595,50336,8.27,RGB
Kaca,R_4063.jpg,.jpg,225,225,1.0,50625,3.69,RGB
Kaca,R_4064.jpg,.jpg,200,200,1.0,40000,1.35,P
Kaca,R_4066.jpg,.jpg,220,230,0.9565,50600,4.52,RGB
Kaca,R_4067.jpg,.jpg,225,225,1.0,50625,4.4,RGB
Kaca,R_4068.jpg,.jpg,194,259,0.749,50246,3.21,RGB
Kaca,R_4069.jpg,.jpg,183,275,0.6655,50325,4.22,RGB
Kaca,R_4070.jpg,.jpg,181,278,0.6511,50318,11.98,RGB
Kaca,R_4071.jpg,.jpg,308,163,1.8896,50204,4.91,RGB
Kaca,R_4072.jpg,.jpg,300,168,1.7857,50400,8.34,RGB
Kaca,R_4073.jpg,.jpg,160,314,0.5096,50240,7.02,RGB
Kaca,R_4074.jpg,.jpg,72,269,0.2677,19368,4.11,RGB
Kaca,R_4075.jpg,.jpg,310,163,1.9018,50530,2.72,RGB
Kaca,R_4076.jpg,.jpg,183,275,0.6655,50325,8.94,RGB
Kaca,R_4077.jpg,.jpg,343,147,2.3333,50421,9.28,RGB
Kaca,R_4078.jpg,.jpg,184,274,0.6715,50416,3.77,RGB
Kaca,R_4079.jpg,.jpg,194,259,0.749,50246,5.95,RGB
Kaca,R_4080.jpg,.jpg,222,227,0.978,50394,8.26,RGB
Kaca,R_4081.jpg,.jpg,327,154,2.1234,50358,7.3,RGB
Kaca,R_4082.jpg,.jpg,254,198,1.2828,50292,12.58,RGB
Kaca,R_4083.jpg,.jpg,194,259,0.749,50246,11.59,RGB
Kaca,R_4084.jpg,.jpg,190,266,0.7143,50540,11.79,RGB
Kaca,R_4086.jpg,.jpg,225,225,1.0,50625,6.83,RGB
Kaca,R_4087.jpg,.jpg,253,199,1.2714,50347,12.72,RGB
Kaca,R_4088.jpg,.jpg,275,183,1.5027,50325,6.5,RGB
Kaca,R_4091.jpg,.jpg,210,241,0.8714,50610,7.4,RGB
Kaca,R_4092.jpg,.jpg,225,225,1.0,50625,2.17,P
Kaca,R_4094.jpg,.jpg,259,194,1.3351,50246,3.94,RGB
Kaca,R_4095.jpg,.jpg,199,253,0.7866,50347,4.68,RGB
Kaca,R_4096.jpg,.jpg,85,228,0.3728,19380,3.51,RGB
Kaca,R_4097.jpg,.jpg,225,225,1.0,50625,4.51,RGB
Kaca,R_4098.jpg,.jpg,202,249,0.8112,50298,3.57,RGB
Kaca,R_4100.jpg,.jpg,259,194,1.3351,50246,10.98,RGB
Kaca,R_4101.jpg,.jpg,225,225,1.0,50625,6.58,RGB
Kaca,R_4102.jpg,.jpg,225,225,1.0,50625,11.36,RGB
Kaca,R_4103.jpg,.jpg,83,233,0.3562,19339,3.78,RGB
Kaca,R_4104.jpg,.jpg,80,244,0.3279,19520,4.47,RGB
Kaca,R_4105.jpg,.jpg,92,211,0.436,19412,2.81,RGB
Kaca,R_4106.jpg,.jpg,183,275,0.6655,50325,4.04,RGB
Kaca,R_4107.jpg,.jpg,259,194,1.3351,50246,9.36,RGB
Kaca,R_4108.jpg,.jpg,183,275,0.6655,50325,7.61,RGB
Kaca,R_4109.jpg,.jpg,225,225,1.0,50625,3.96,RGB
Kaca,R_4110.jpg,.jpg,290,174,1.6667,50460,9.66,RGB
Kaca,R_4111.jpg,.jpg,225,225,1.0,50625,8.85,RGB
Kaca,R_4112.jpg,.jpg,200,252,0.7937,50400,8.32,RGB
Kaca,R_4113.jpg,.jpg,199,253,0.7866,50347,3.61,RGB
Kaca,R_4114.jpg,.jpg,259,194,1.3351,50246,7.51,RGB
Kaca,R_4115.jpg,.jpg,183,276,0.663,50508,8.47,RGB
Kaca,R_4116.jpg,.jpg,308,163,1.8896,50204,3.5,RGB
Kaca,R_4117.jpg,.jpg,187,270,0.6926,50490,6.49,RGB
Kaca,R_4118.jpg,.jpg,194,259,0.749,50246,3.41,RGB
Kaca,R_4119.jpg,.jpg,259,194,1.3351,50246,7.95,RGB
Kaca,R_4121.jpg,.jpg,225,225,1.0,50625,5.02,RGB
Kaca,R_4122.jpg,.jpg,264,191,1.3822,50424,7.61,RGB
Kaca,R_4123.jpg,.jpg,225,225,1.0,50625,3.63,RGB
Kaca,R_4124.jpg,.jpg,194,259,0.749,50246,8.12,RGB
Kaca,R_4125.jpg,.jpg,275,183,1.5027,50325,5.45,RGB
Kaca,R_4126.jpg,.jpg,197,256,0.7695,50432,11.4,RGB
Kaca,R_4127.jpg,.jpg,460,109,4.2202,50140,11.11,RGB
Kaca,R_4128.jpg,.jpg,164,307,0.5342,50348,8.25,RGB
Kaca,R_4129.jpg,.jpg,225,225,1.0,50625,2.99,RGB
Kaca,R_4130.jpg,.jpg,289,175,1.6514,50575,10.74,RGB
Kaca,R_4131.jpg,.jpg,183,275,0.6655,50325,6.7,RGB
Kaca,R_4132.jpg,.jpg,194,259,0.749,50246,5.75,RGB
Kaca,R_4133.jpg,.jpg,92,212,0.434,19504,2.6,RGB
Kaca,R_4135.jpg,.jpg,194,259,0.749,50246,5.61,RGB
Kaca,R_4136.jpg,.jpg,76,256,0.2969,19456,4.03,RGB
Kaca,R_4137.jpg,.jpg,163,310,0.5258,50530,7.12,RGB
Kaca,R_4138.jpg,.jpg,225,225,1.0,50625,1.56,RGB
Kaca,R_4139.jpg,.jpg,286,176,1.625,50336,3.46,RGB
Kaca,R_4140.jpg,.jpg,284,177,1.6045,50268,12.82,RGB
Kaca,R_4141.jpg,.jpg,225,225,1.0,50625,2.64,RGB
Kaca,R_4142.jpg,.jpg,195,258,0.7558,50310,7.24,RGB
Kaca,R_4143.jpg,.jpg,168,300,0.56,50400,8.95,RGB
Kaca,R_4144.jpg,.jpg,389,129,3.0155,50181,12.28,RGB
Kaca,R_4145.jpg,.jpg,185,273,0.6777,50505,4.71,RGB
Kaca,R_4146.jpg,.jpg,259,194,1.3351,50246,8.42,RGB
Kaca,R_4148.jpg,.jpg,225,225,1.0,50625,15.48,RGB
Kaca,R_4149.jpg,.jpg,201,251,0.8008,50451,2.74,RGB
Kaca,R_4150.jpg,.jpg,201,251,0.8008,50451,3.04,RGB
Kaca,R_4151.jpg,.jpg,225,225,1.0,50625,7.43,RGB
Kaca,R_4152.jpg,.jpg,194,260,0.7462,50440,11.61,RGB
Kaca,R_4153.jpg,.jpg,237,213,1.1127,50481,6.83,RGB
Kaca,R_4154.jpg,.jpg,184,274,0.6715,50416,4.82,RGB
Kaca,R_4155.jpg,.jpg,215,235,0.9149,50525,7.97,RGB
Kaca,R_4156.jpg,.jpg,225,225,1.0,50625,2.33,RGB
Kaca,R_4157.jpg,.jpg,255,198,1.2879,50490,7.29,RGB
Kaca,R_4159.jpg,.jpg,225,225,1.0,50625,6.16,RGB
Kaca,R_4160.jpg,.jpg,183,275,0.6655,50325,2.86,RGB
Kaca,R_4161.jpg,.jpg,168,300,0.56,50400,8.98,RGB
Kaca,R_4162.jpg,.jpg,225,225,1.0,50625,3.91,RGB
Kaca,R_4163.jpg,.jpg,202,249,0.8112,50298,2.61,RGB
Kaca,R_4164.jpg,.jpg,184,275,0.6691,50600,5.39,RGB
Kaca,R_4165.jpg,.jpg,225,225,1.0,50625,2.28,RGB
Kaca,R_4166.jpg,.jpg,225,225,1.0,50625,6.89,RGB
Kaca,R_4167.jpg,.jpg,217,232,0.9353,50344,8.68,RGB
Kaca,R_4168.jpg,.jpg,189,267,0.7079,50463,1.45,P
Kaca,R_4169.jpg,.jpg,300,168,1.7857,50400,4.12,RGB
Kaca,R_4170.jpg,.jpg,258,195,1.3231,50310,11.4,P
Kaca,R_4171.jpg,.jpg,225,225,1.0,50625,8.09,RGB
Kaca,R_4172.jpg,.jpg,233,216,1.0787,50328,9.23,RGB
Kaca,R_4173.jpg,.jpg,92,212,0.434,19504,1.98,RGB
Kaca,R_4174.jpg,.jpg,243,208,1.1683,50544,5.96,RGB
Kaca,R_4175.jpg,.jpg,90,216,0.4167,19440,4.6,RGB
Kaca,R_4176.jpg,.jpg,179,281,0.637,50299,5.5,RGB
Kaca,R_4177.jpg,.jpg,225,224,1.0045,50400,11.55,RGB
Kaca,R_4178.jpg,.jpg,210,240,0.875,50400,5.37,RGB
Kaca,R_4179.jpg,.jpg,212,237,0.8945,50244,5.59,RGB
Kaca,R_4180.jpg,.jpg,95,204,0.4657,19380,2.12,RGB
Kaca,R_4181.jpg,.jpg,322,157,2.051,50554,6.58,RGB
Kaca,R_4183.jpg,.jpg,224,225,0.9956,50400,5.1,RGB
Kaca,R_4184.jpg,.jpg,319,158,2.019,50402,6.96,RGB
Kaca,R_4185.jpg,.jpg,207,244,0.8484,50508,6.19,RGB
Kaca,R_4186.jpg,.jpg,259,194,1.3351,50246,6.25,RGB
Kaca,R_4187.jpg,.jpg,274,184,1.4891,50416,10.46,RGB
Kaca,R_4188.jpg,.jpg,241,209,1.1531,50369,10.38,RGB
Kaca,R_4189.jpg,.jpg,254,198,1.2828,50292,9.7,RGB
Kaca,R_4191.jpg,.jpg,239,211,1.1327,50429,10.41,RGB
Kaca,R_4192.jpg,.jpg,216,234,0.9231,50544,7.38,RGB
Kaca,R_4193.jpg,.jpg,196,258,0.7597,50568,3.95,RGB
Kaca,R_4195.jpg,.jpg,199,253,0.7866,50347,10.14,RGB
Kaca,R_4196.jpg,.jpg,86,226,0.3805,19436,4.27,RGB
Kaca,R_4197.jpg,.jpg,206,245,0.8408,50470,8.91,RGB
Kaca,R_4198.jpg,.jpg,224,224,1.0,50176,3.85,RGB
Kaca,R_4199.jpg,.jpg,352,143,2.4615,50336,5.93,RGB
Kaca,R_4200.jpg,.jpg,211,239,0.8828,50429,13.04,RGB
Kaca,R_4201.jpg,.jpg,73,265,0.2755,19345,4.17,RGB
Kaca,R_4202.jpg,.jpg,225,225,1.0,50625,8.83,RGB
Kaca,R_4204.jpg,.jpg,194,259,0.749,50246,4.04,RGB
Kaca,R_4205.jpg,.jpg,318,159,2.0,50562,6.49,RGB
Kaca,R_4206.jpg,.jpg,275,183,1.5027,50325,9.71,RGB
Kaca,R_4207.jpg,.jpg,173,291,0.5945,50343,9.07,RGB
Kaca,R_4208.jpg,.jpg,183,275,0.6655,50325,5.38,RGB
Kaca,R_4209.jpg,.jpg,236,213,1.108,50268,6.76,RGB
Kaca,R_4211.jpg,.jpg,225,225,1.0,50625,8.11,RGB
Kaca,R_4212.jpg,.jpg,179,281,0.637,50299,2.78,RGB
Kaca,R_4214.jpg,.jpg,182,276,0.6594,50232,15.38,RGB
Kaca,R_4215.jpg,.jpg,231,218,1.0596,50358,9.83,RGB
Kaca,R_4216.jpg,.jpg,225,225,1.0,50625,12.58,RGB
Kaca,R_4217.jpg,.jpg,86,227,0.3789,19522,4.28,RGB
Kaca,R_4218.jpg,.jpg,163,310,0.5258,50530,7.2,RGB
Kaca,R_4219.jpg,.jpg,440,114,3.8596,50160,10.54,RGB
Kaca,R_4220.jpg,.jpg,201,251,0.8008,50451,4.3,RGB
Kaca,R_4221.jpg,.jpg,194,259,0.749,50246,6.43,RGB
Kaca,R_4222.jpg,.jpg,180,279,0.6452,50220,10.64,RGB
Kaca,R_4223.jpg,.jpg,172,293,0.587,50396,5.05,RGB
Kaca,R_4224.jpg,.jpg,225,225,1.0,50625,10.21,RGB
Kaca,R_4225.jpg,.jpg,253,199,1.2714,50347,11.51,RGB
Kaca,R_4226.jpg,.jpg,217,232,0.9353,50344,11.12,RGB
Kaca,R_4227.jpg,.jpg,185,273,0.6777,50505,7.13,RGB
Kaca,R_4228.jpg,.jpg,261,193,1.3523,50373,9.0,RGB
Kaca,R_4229.jpg,.jpg,259,194,1.3351,50246,5.78,RGB
Kaca,R_4230.jpg,.jpg,275,183,1.5027,50325,20.21,RGB
Kaca,R_4231.jpg,.jpg,206,244,0.8443,50264,6.83,RGB
Kaca,R_4232.jpg,.jpg,201,251,0.8008,50451,4.35,RGB
Kaca,R_4233.jpg,.jpg,194,259,0.749,50246,15.86,RGB
Kaca,R_4234.jpg,.jpg,248,203,1.2217,50344,6.6,RGB
Kaca,R_4235.jpg,.jpg,225,225,1.0,50625,8.9,RGB
Kaca,R_4236.jpg,.jpg,225,225,1.0,50625,8.33,RGB
Kaca,R_4237.jpg,.jpg,228,222,1.027,50616,6.61,RGB
Kaca,R_4238.jpg,.jpg,265,191,1.3874,50615,8.89,RGB
Kaca,R_4239.jpg,.jpg,259,194,1.3351,50246,11.66,RGB
Kaca,R_4240.jpg,.jpg,256,197,1.2995,50432,8.37,RGB
Kaca,R_4241.jpg,.jpg,214,235,0.9106,50290,5.54,RGB
Kaca,R_4242.jpg,.jpg,167,302,0.553,50434,4.83,RGB
Kaca,R_4243.jpg,.jpg,225,225,1.0,50625,7.52,RGB
Kaca,R_4244.jpg,.jpg,259,194,1.3351,50246,14.2,RGB
Kaca,R_4245.jpg,.jpg,213,236,0.9025,50268,2.46,RGB
Kaca,R_4246.jpg,.jpg,200,252,0.7937,50400,9.52,RGB
Kaca,R_4247.jpg,.jpg,80,244,0.3279,19520,3.94,RGB
Kaca,R_4248.jpg,.jpg,75,260,0.2885,19500,4.48,RGB
Kaca,R_4249.jpg,.jpg,225,225,1.0,50625,3.71,RGB
Kaca,R_4250.jpg,.jpg,241,209,1.1531,50369,9.23,RGB
Kaca,R_4251.jpg,.jpg,220,229,0.9607,50380,7.95,RGB
Kaca,R_4252.jpg,.jpg,268,188,1.4255,50384,12.48,RGB
Kaca,R_4253.jpg,.jpg,227,222,1.0225,50394,9.95,RGB
Kaca,R_4254.jpg,.jpg,164,308,0.5325,50512,10.89,RGB
Kaca,R_4255.jpg,.jpg,217,232,0.9353,50344,6.16,RGB
Kaca,R_4256.jpg,.jpg,251,201,1.2488,50451,8.71,RGB
Kaca,R_4257.jpg,.jpg,259,194,1.3351,50246,9.59,RGB
Kaca,R_4258.jpg,.jpg,273,184,1.4837,50232,6.68,RGB
Kaca,R_4259.jpg,.jpg,275,183,1.5027,50325,4.79,RGB
Kaca,R_4260.jpg,.jpg,374,135,2.7704,50490,12.8,RGB
Kaca,R_4261.jpg,.jpg,196,258,0.7597,50568,3.0,RGB
Kaca,R_4262.jpg,.jpg,284,177,1.6045,50268,6.68,RGB
Kaca,R_4263.jpg,.jpg,308,163,1.8896,50204,7.03,RGB
Kaca,R_4264.jpg,.jpg,224,225,0.9956,50400,5.97,RGB
Kaca,R_4265.jpg,.jpg,71,272,0.261,19312,7.36,P
Kaca,R_4266.jpg,.jpg,338,149,2.2685,50362,12.38,RGB
Kaca,R_4267.jpg,.jpg,299,168,1.7798,50232,4.45,RGB
Kaca,R_4268.jpg,.jpg,225,225,1.0,50625,2.37,P
Kaca,R_4269.jpg,.jpg,225,225,1.0,50625,8.93,RGB
Kaca,R_4270.jpg,.jpg,197,256,0.7695,50432,2.36,RGB
Kaca,R_4271.jpg,.jpg,183,275,0.6655,50325,12.83,RGB
Kaca,R_4272.jpg,.jpg,98,199,0.4925,19502,2.41,RGB
Kaca,R_4273.jpg,.jpg,311,162,1.9198,50382,13.53,RGB
Kaca,R_4274.jpg,.jpg,219,231,0.9481,50589,10.08,RGB
Kaca,R_4275.jpg,.jpg,168,301,0.5581,50568,8.93,RGB
Kaca,R_4276.jpg,.jpg,183,275,0.6655,50325,7.17,RGB
Kaca,R_4277.jpg,.jpg,348,145,2.4,50460,25.14,RGB
Kaca,R_4278.jpg,.jpg,315,160,1.9688,50400,8.88,RGB
Kaca,R_4279.jpg,.jpg,77,252,0.3056,19404,2.88,RGB
Kaca,R_4280.jpg,.jpg,219,230,0.9522,50370,4.88,RGB
Kaca,R_4281.jpg,.jpg,284,177,1.6045,50268,12.57,RGB
Kaca,R_4283.jpg,.jpg,183,276,0.663,50508,6.93,RGB
Kaca,R_4284.jpg,.jpg,201,251,0.8008,50451,2.7,RGB
Kaca,R_4285.jpg,.jpg,193,262,0.7366,50566,4.52,RGB
Kaca,R_4286.jpg,.jpg,183,275,0.6655,50325,4.76,RGB
Kaca,R_4288.jpg,.jpg,204,248,0.8226,50592,6.8,RGB
Kaca,R_4289.jpg,.jpg,225,225,1.0,50625,3.81,RGB
Kaca,R_4290.jpg,.jpg,183,275,0.6655,50325,6.74,RGB
Kaca,R_4291.jpg,.jpg,272,185,1.4703,50320,6.76,RGB
Kaca,R_4292.jpg,.jpg,230,219,1.0502,50370,10.45,RGB
Kaca,R_4293.jpg,.jpg,266,189,1.4074,50274,13.21,RGB
Kaca,R_4294.jpg,.jpg,259,194,1.3351,50246,3.52,RGB
Kaca,R_4295.jpg,.jpg,273,185,1.4757,50505,7.73,RGB
Kaca,R_4296.jpg,.jpg,250,201,1.2438,50250,8.54,RGB
Kaca,R_4297.jpg,.jpg,258,196,1.3163,50568,8.55,RGB
Kaca,R_4298.jpg,.jpg,284,177,1.6045,50268,5.01,RGB
Kaca,R_4299.jpg,.jpg,244,207,1.1787,50508,5.24,RGB
Kaca,R_4300.jpg,.jpg,244,206,1.1845,50264,6.22,RGB
Kaca,R_4301.jpg,.jpg,225,225,1.0,50625,4.86,RGB
Kaca,R_4302.jpg,.jpg,217,232,0.9353,50344,8.65,RGB
Kaca,R_4303.jpg,.jpg,259,194,1.3351,50246,7.22,RGB
Kaca,R_4304.jpg,.jpg,269,187,1.4385,50303,14.61,RGB
Kaca,R_4305.jpg,.jpg,249,203,1.2266,50547,6.31,RGB
Kaca,R_4306.jpg,.jpg,65,298,0.2181,19370,4.07,RGB
Kaca,R_4307.jpg,.jpg,194,259,0.749,50246,4.21,RGB
Kaca,R_4308.jpg,.jpg,203,248,0.8185,50344,10.46,RGB
Kaca,R_4309.jpg,.jpg,93,209,0.445,19437,5.27,RGB
Kaca,R_4310.jpg,.jpg,211,239,0.8828,50429,6.35,RGB
Kaca,R_4311.jpg,.jpg,308,163,1.8896,50204,5.48,RGB
Kaca,R_4312.jpg,.jpg,252,200,1.26,50400,10.65,RGB
Kaca,R_4313.jpg,.jpg,225,225,1.0,50625,7.47,RGB
Kaca,R_4314.jpg,.jpg,272,185,1.4703,50320,8.56,RGB
Kaca,R_4316.jpg,.jpg,299,168,1.7798,50232,4.92,RGB
Kaca,R_4317.jpg,.jpg,92,210,0.4381,19320,5.08,RGB
Kaca,R_4318.jpg,.jpg,350,144,2.4306,50400,12.37,RGB
Kaca,R_4319.jpg,.jpg,225,225,1.0,50625,7.91,RGB
Kaca,R_4320.jpg,.jpg,94,207,0.4541,19458,4.11,RGB
Kaca,R_4321.jpg,.jpg,308,163,1.8896,50204,3.77,RGB
Kaca,R_4322.jpg,.jpg,299,168,1.7798,50232,4.42,RGB
Kaca,R_4323.jpg,.jpg,281,180,1.5611,50580,21.35,RGB
Kaca,R_5054.jpg,.jpg,225,225,1.0,50625,3.1,RGB
Kaca,R_5055.jpg,.jpg,225,225,1.0,50625,2.77,RGB
Kaca,R_5056.jpg,.jpg,194,259,0.749,50246,3.98,RGB
Kaca,R_5057.jpg,.jpg,225,225,1.0,50625,2.86,RGB
Kaca,R_5058.jpg,.jpg,202,249,0.8112,50298,5.2,RGB
Kaca,R_5059.jpg,.jpg,225,225,1.0,50625,4.37,RGB
Kaca,R_5060.jpg,.jpg,225,225,1.0,50625,4.09,RGB
Kaca,R_5061.jpg,.jpg,225,225,1.0,50625,9.51,RGB
Kaca,R_5062.jpg,.jpg,225,225,1.0,50625,2.77,RGB
Kaca,R_5063.jpg,.jpg,225,225,1.0,50625,3.87,RGB
Kaca,R_5064.jpg,.jpg,224,224,1.0,50176,3.88,RGB
Kaca,R_5065.jpg,.jpg,236,214,1.1028,50504,5.93,RGB
Kaca,R_5066.jpg,.jpg,207,243,0.8519,50301,3.12,RGB
Kaca,R_5067.jpg,.jpg,225,225,1.0,50625,4.82,RGB
Kaca,R_5068.jpg,.jpg,225,225,1.0,50625,4.61,RGB
Kaca,R_5069.jpg,.jpg,225,225,1.0,50625,6.1,RGB
Kaca,R_5070.jpg,.jpg,225,225,1.0,50625,4.82,RGB
Kaca,R_5071.jpg,.jpg,185,273,0.6777,50505,5.55,RGB
Kaca,R_5072.jpg,.jpg,268,188,1.4255,50384,4.48,RGB
Kaca,R_5073.jpg,.jpg,225,225,1.0,50625,3.32,RGB
Kaca,R_5074.jpg,.jpg,225,225,1.0,50625,4.43,RGB
Kaca,R_5075.jpg,.jpg,225,225,1.0,50625,4.11,RGB
Kaca,R_5076.jpg,.jpg,225,225,1.0,50625,3.41,RGB
Kaca,R_5077.jpg,.jpg,225,225,1.0,50625,6.16,RGB
Kaca,R_5078.jpg,.jpg,194,259,0.749,50246,4.2,RGB
Kaca,R_5079.jpg,.jpg,318,159,2.0,50562,4.26,RGB
Kaca,R_5080.jpg,.jpg,225,225,1.0,50625,2.48,RGB
Kaca,R_5081.jpg,.jpg,225,225,1.0,50625,8.23,RGB
Kaca,R_5082.jpg,.jpg,250,166,1.506,41500,4.91,RGB
Kaca,R_5083.jpg,.jpg,225,225,1.0,50625,4.24,RGB
Kaca,R_5084.jpg,.jpg,225,225,1.0,50625,4.01,RGB
Kaca,R_5085.jpg,.jpg,225,225,1.0,50625,6.8,RGB
Kaca,R_5086.jpg,.jpg,321,157,2.0446,50397,6.17,RGB
Kaca,R_5087.jpg,.jpg,225,225,1.0,50625,7.31,RGB
Kaca,R_5088.jpg,.jpg,246,205,1.2,50430,5.81,RGB
Kaca,R_5089.jpg,.jpg,225,225,1.0,50625,5.66,RGB
Kaca,R_5090.jpg,.jpg,225,225,1.0,50625,5.2,RGB
Kaca,R_5091.jpg,.jpg,194,260,0.7462,50440,5.21,RGB
Kaca,R_5092.jpg,.jpg,262,193,1.3575,50566,5.15,RGB
Kaca,R_5093.jpg,.jpg,225,225,1.0,50625,3.76,RGB
Kaca,R_5094.jpg,.jpg,225,225,1.0,50625,3.09,RGB
Kaca,R_5095.jpg,.jpg,280,180,1.5556,50400,8.42,RGB
Kaca,R_5096.jpg,.jpg,225,225,1.0,50625,3.08,RGB
Kaca,R_5097.jpg,.jpg,183,275,0.6655,50325,4.5,RGB
Kaca,R_5098.jpg,.jpg,236,213,1.108,50268,3.76,RGB
Kaca,R_5099.jpg,.jpg,225,225,1.0,50625,4.39,RGB
Kaca,R_5100.jpg,.jpg,225,225,1.0,50625,4.89,RGB
Kaca,R_5101.jpg,.jpg,201,251,0.8008,50451,1.96,RGB
Kaca,R_5102.jpg,.jpg,250,167,1.497,41750,5.03,RGB
Kaca,R_5103.jpg,.jpg,225,225,1.0,50625,4.81,RGB
Kaca,R_5104.jpg,.jpg,225,225,1.0,50625,4.13,RGB
Kaca,R_5105.jpg,.jpg,225,225,1.0,50625,5.98,RGB
Kaca,R_5106.jpg,.jpg,207,244,0.8484,50508,3.71,RGB
Kaca,R_5107.jpg,.jpg,225,225,1.0,50625,2.57,RGB
Kaca,R_5108.jpg,.jpg,225,225,1.0,50625,5.23,RGB
Kaca,R_5109.jpg,.jpg,225,225,1.0,50625,1.96,RGB
Kaca,R_5110.jpg,.jpg,225,225,1.0,50625,3.62,RGB
Kaca,R_5111.jpg,.jpg,174,289,0.6021,50286,6.21,RGB
Kaca,R_5112.jpg,.jpg,225,225,1.0,50625,4.41,RGB
Kaca,R_5113.jpg,.jpg,225,225,1.0,50625,4.4,RGB
Kaca,R_5114.jpg,.jpg,300,168,1.7857,50400,5.17,RGB
Kaca,R_5115.jpg,.jpg,225,225,1.0,50625,3.34,RGB
Kaca,R_5116.jpg,.jpg,331,152,2.1776,50312,4.43,RGB
Kaca,R_5117.jpg,.jpg,225,225,1.0,50625,5.53,RGB
Kaca,R_5118.jpg,.jpg,225,225,1.0,50625,4.81,RGB
Kaca,R_5119.jpg,.jpg,259,194,1.3351,50246,3.79,RGB
Kaca,R_5120.jpg,.jpg,225,225,1.0,50625,3.3,RGB
Kaca,R_5121.jpg,.jpg,225,225,1.0,50625,2.28,RGB
Kaca,R_5122.jpg,.jpg,225,225,1.0,50625,4.17,RGB
Kaca,R_5124.jpg,.jpg,225,225,1.0,50625,4.59,RGB
Kaca,R_5125.jpg,.jpg,225,225,1.0,50625,8.8,RGB
Kaca,R_5126.jpg,.jpg,224,224,1.0,50176,2.65,RGB
Kaca,R_5127.jpg,.jpg,225,225,1.0,50625,5.07,RGB
Kaca,R_5128.jpg,.jpg,237,213,1.1127,50481,6.78,RGB
Kaca,R_5129.jpg,.jpg,225,225,1.0,50625,3.89,RGB
Kaca,R_5130.jpg,.jpg,225,225,1.0,50625,2.22,RGB
Kaca,R_5131.jpg,.jpg,225,225,1.0,50625,3.82,RGB
Kaca,R_5132.jpg,.jpg,193,262,0.7366,50566,4.04,RGB
Kaca,R_5133.jpg,.jpg,200,252,0.7937,50400,3.74,RGB
Kaca,R_5134.jpg,.jpg,225,225,1.0,50625,4.31,RGB
Kaca,R_5135.jpg,.jpg,251,201,1.2488,50451,5.54,RGB
Kaca,R_5136.jpg,.jpg,224,224,1.0,50176,4.42,RGB
Kaca,R_5137.jpg,.jpg,225,225,1.0,50625,4.78,RGB
Kaca,R_5138.jpg,.jpg,245,206,1.1893,50470,4.5,RGB
Kaca,R_5139.jpg,.jpg,225,225,1.0,50625,6.57,RGB
Kaca,R_5140.jpg,.jpg,288,175,1.6457,50400,4.67,RGB
Kaca,R_5141.jpg,.jpg,225,225,1.0,50625,4.16,RGB
Kaca,R_5142.jpg,.jpg,225,225,1.0,50625,4.74,RGB
Kaca,R_5143.jpg,.jpg,271,186,1.457,50406,5.73,RGB
Kaca,R_5144.jpg,.jpg,214,236,0.9068,50504,5.53,RGB
Kaca,R_5145.jpg,.jpg,242,208,1.1635,50336,5.5,RGB
Kaca,R_5146.jpg,.jpg,225,225,1.0,50625,2.18,RGB
Kaca,R_5147.jpg,.jpg,225,225,1.0,50625,3.42,RGB
Kaca,R_5148.jpg,.jpg,225,225,1.0,50625,3.06,RGB
Kaca,R_5149.jpg,.jpg,225,225,1.0,50625,2.41,RGB
Kaca,R_5150.jpg,.jpg,204,247,0.8259,50388,5.22,RGB
Kaca,R_5151.jpg,.jpg,225,225,1.0,50625,1.5,RGB
Kaca,R_5152.jpg,.jpg,225,225,1.0,50625,3.07,RGB
Kaca,R_5153.jpg,.jpg,195,258,0.7558,50310,3.24,RGB
Kaca,R_5154.jpg,.jpg,225,224,1.0045,50400,5.06,RGB
Kaca,R_5155.jpg,.jpg,225,225,1.0,50625,3.08,RGB
Kaca,R_5156.jpg,.jpg,244,206,1.1845,50264,4.71,RGB
Kaca,R_5157.jpg,.jpg,194,260,0.7462,50440,3.86,RGB
Kaca,R_5158.jpg,.jpg,264,191,1.3822,50424,5.62,RGB
Kaca,R_5159.jpg,.jpg,266,189,1.4074,50274,4.5,RGB
Kaca,R_5160.jpg,.jpg,168,300,0.56,50400,5.22,RGB
Kaca,R_5161.jpg,.jpg,225,225,1.0,50625,3.62,RGB
Kaca,R_5162.jpg,.jpg,250,201,1.2438,50250,4.54,RGB
Kaca,R_5163.jpg,.jpg,225,225,1.0,50625,5.6,RGB
Kaca,R_5164.jpg,.jpg,205,245,0.8367,50225,7.06,RGB
Kaca,R_5165.jpg,.jpg,225,225,1.0,50625,4.63,RGB
Kaca,R_5166.jpg,.jpg,206,245,0.8408,50470,7.48,RGB
Kaca,R_5167.jpg,.jpg,218,231,0.9437,50358,1.46,RGB
Kaca,R_5168.jpg,.jpg,223,226,0.9867,50398,5.71,RGB
Kaca,R_5169.jpg,.jpg,225,225,1.0,50625,2.52,RGB
Kaca,R_5170.jpg,.jpg,224,224,1.0,50176,2.79,RGB
Kaca,R_5171.jpg,.jpg,217,232,0.9353,50344,3.9,RGB
Kaca,R_5172.jpg,.jpg,226,223,1.0135,50398,4.57,RGB
Kaca,R_5173.jpg,.jpg,225,225,1.0,50625,3.27,RGB
Kaca,R_5174.jpg,.jpg,200,252,0.7937,50400,2.7,RGB
Kaca,R_5175.jpg,.jpg,300,168,1.7857,50400,3.63,RGB
Kaca,R_5176.jpg,.jpg,225,225,1.0,50625,4.69,RGB
Kaca,R_5177.jpg,.jpg,259,194,1.3351,50246,8.48,RGB
Kaca,R_5178.jpg,.jpg,225,225,1.0,50625,4.44,RGB
Kaca,R_5179.jpg,.jpg,247,204,1.2108,50388,4.52,RGB
Kaca,R_5180.jpg,.jpg,225,225,1.0,50625,5.21,RGB
Kaca,R_5181.jpg,.jpg,254,198,1.2828,50292,8.51,RGB
Kaca,R_5182.jpg,.jpg,224,224,1.0,50176,4.21,RGB
Kaca,R_5183.jpg,.jpg,225,225,1.0,50625,3.62,RGB
Kaca,R_5184.jpg,.jpg,225,225,1.0,50625,2.17,RGB
Kaca,R_5185.jpg,.jpg,225,225,1.0,50625,2.83,RGB
Kaca,R_5186.jpg,.jpg,225,225,1.0,50625,4.92,RGB
Kaca,R_5187.jpg,.jpg,225,225,1.0,50625,6.91,RGB
Kaca,R_5188.jpg,.jpg,223,226,0.9867,50398,3.92,RGB
Kaca,R_5189.jpg,.jpg,225,225,1.0,50625,6.04,RGB
Kaca,R_5190.jpg,.jpg,225,225,1.0,50625,2.43,RGB
Kaca,R_5191.jpg,.jpg,200,200,1.0,40000,6.9,RGB
Kaca,R_5192.jpg,.jpg,299,169,1.7692,50531,4.05,RGB
Kaca,R_5193.jpg,.jpg,220,229,0.9607,50380,6.18,RGB
Kaca,R_5194.jpg,.jpg,221,228,0.9693,50388,2.22,RGB
Kaca,R_5195.jpg,.jpg,173,292,0.5925,50516,9.6,RGB
Kaca,R_5196.jpg,.jpg,225,225,1.0,50625,5.47,RGB
Kaca,R_5197.jpg,.jpg,275,183,1.5027,50325,7.19,RGB
Kaca,R_5198.jpg,.jpg,194,259,0.749,50246,4.53,RGB
Kaca,R_5199.jpg,.jpg,192,262,0.7328,50304,1.68,RGB
Kaca,R_5200.jpg,.jpg,225,225,1.0,50625,4.77,RGB
Kaca,R_5201.jpg,.jpg,225,225,1.0,50625,3.52,RGB
Kaca,R_5202.jpg,.jpg,242,208,1.1635,50336,5.05,RGB
Kaca,R_5203.jpg,.jpg,225,225,1.0,50625,4.31,RGB
Kaca,R_5204.jpg,.jpg,211,239,0.8828,50429,3.76,RGB
Kaca,R_5205.jpg,.jpg,215,234,0.9188,50310,3.98,RGB
Kaca,R_5206.jpg,.jpg,225,225,1.0,50625,4.65,RGB
Kaca,R_5207.jpg,.jpg,210,210,1.0,44100,3.68,RGB
Kaca,R_5208.jpg,.jpg,220,220,1.0,48400,2.95,RGB
Kaca,R_5209.jpg,.jpg,225,225,1.0,50625,5.73,RGB
Kaca,R_5210.jpg,.jpg,225,225,1.0,50625,4.62,RGB
Kaca,R_5211.jpg,.jpg,275,183,1.5027,50325,4.7,RGB
Kaca,R_5212.jpg,.jpg,225,225,1.0,50625,9.11,RGB
Kaca,R_5213.jpg,.jpg,313,161,1.9441,50393,5.75,RGB
Kaca,R_5214.jpg,.jpg,204,247,0.8259,50388,2.75,RGB
Kaca,R_5215.jpg,.jpg,317,159,1.9937,50403,10.13,RGB
Kaca,R_5216.jpg,.jpg,194,260,0.7462,50440,5.86,RGB
Kaca,R_5217.jpg,.jpg,225,225,1.0,50625,5.24,RGB
Kaca,R_5218.jpg,.jpg,225,225,1.0,50625,2.51,RGB
Kaca,R_5219.jpg,.jpg,247,204,1.2108,50388,4.21,RGB
Kaca,R_5220.jpg,.jpg,225,225,1.0,50625,3.56,RGB
Kaca,R_5221.jpg,.jpg,224,224,1.0,50176,4.81,RGB
Kaca,R_5222.jpg,.jpg,204,247,0.8259,50388,2.87,RGB
Kaca,R_5223.jpg,.jpg,251,201,1.2488,50451,3.94,RGB
Kaca,R_5224.jpg,.jpg,215,234,0.9188,50310,2.29,RGB
Kaca,R_5225.jpg,.jpg,225,225,1.0,50625,3.78,RGB
Kaca,R_5226.jpg,.jpg,291,167,1.7425,48597,4.47,RGB
Kaca,R_5227.jpg,.jpg,275,183,1.5027,50325,6.57,RGB
Kaca,R_5228.jpg,.jpg,275,183,1.5027,50325,4.1,RGB
Kaca,R_5229.jpg,.jpg,205,246,0.8333,50430,7.14,RGB
Kaca,R_5230.jpg,.jpg,194,259,0.749,50246,2.89,RGB
Kaca,R_5231.jpg,.jpg,225,225,1.0,50625,2.78,RGB
Kaca,R_5232.jpg,.jpg,225,225,1.0,50625,6.96,RGB
Kaca,R_5233.jpg,.jpg,201,251,0.8008,50451,5.24,RGB
Kaca,R_5234.jpg,.jpg,213,237,0.8987,50481,2.9,RGB
Kaca,R_5235.jpg,.jpg,275,183,1.5027,50325,7.67,RGB
Kaca,R_5236.jpg,.jpg,225,225,1.0,50625,5.71,RGB
Kaca,R_5237.jpg,.jpg,225,225,1.0,50625,3.15,RGB
Kaca,R_5238.jpg,.jpg,225,225,1.0,50625,2.76,RGB
Kaca,R_5239.jpg,.jpg,194,260,0.7462,50440,5.13,RGB
Kaca,R_5240.jpg,.jpg,199,253,0.7866,50347,3.52,RGB
Kaca,R_5241.jpg,.jpg,194,259,0.749,50246,2.67,RGB
Kaca,R_5242.jpg,.jpg,225,225,1.0,50625,3.64,RGB
Kaca,R_5243.jpg,.jpg,210,210,1.0,44100,5.04,RGB
Kaca,R_5244.jpg,.jpg,225,225,1.0,50625,6.91,RGB
Kaca,R_5245.jpg,.jpg,225,225,1.0,50625,1.26,RGB
Kaca,R_5246.jpg,.jpg,252,200,1.26,50400,4.57,RGB
Kaca,R_5247.jpg,.jpg,169,298,0.5671,50362,5.87,RGB
Kaca,R_5248.jpg,.jpg,224,224,1.0,50176,5.63,RGB
Kaca,R_5249.jpg,.jpg,275,183,1.5027,50325,3.78,RGB
Kaca,R_5250.jpg,.jpg,207,244,0.8484,50508,3.0,RGB
Kaca,R_5251.jpg,.jpg,260,194,1.3402,50440,2.36,RGB
Kaca,R_5252.jpg,.jpg,259,194,1.3351,50246,5.79,RGB
Kaca,R_5253.jpg,.jpg,275,183,1.5027,50325,5.1,RGB
Kaca,R_5254.jpg,.jpg,225,225,1.0,50625,9.95,RGB
Kaca,R_5255.jpg,.jpg,225,225,1.0,50625,5.45,RGB
Kaca,R_5256.jpg,.jpg,218,231,0.9437,50358,4.94,RGB
Kaca,R_5257.jpg,.jpg,225,225,1.0,50625,4.6,RGB
Kaca,R_5258.jpg,.jpg,207,243,0.8519,50301,3.84,RGB
Kaca,R_5259.jpg,.jpg,275,183,1.5027,50325,5.71,RGB
Kaca,R_5260.jpg,.jpg,207,243,0.8519,50301,7.53,RGB
Kaca,R_5261.jpg,.jpg,214,236,0.9068,50504,5.82,RGB
Kaca,R_5262.jpg,.jpg,299,168,1.7798,50232,8.17,RGB
Kaca,R_5263.jpg,.jpg,259,194,1.3351,50246,6.79,RGB
Kaca,R_5264.jpg,.jpg,200,200,1.0,40000,6.78,RGB
Kaca,R_5265.jpg,.jpg,276,183,1.5082,50508,7.28,RGB
Kaca,R_5266.jpg,.jpg,259,194,1.3351,50246,6.49,RGB
Kaca,R_5267.jpg,.jpg,225,225,1.0,50625,3.93,RGB
Kaca,R_5268.jpg,.jpg,188,268,0.7015,50384,3.51,RGB
Kaca,R_5269.jpg,.jpg,225,225,1.0,50625,1.9,RGB
Kaca,R_5270.jpg,.jpg,250,202,1.2376,50500,6.13,RGB
Kaca,R_5272.jpg,.jpg,183,275,0.6655,50325,5.12,RGB
Kaca,R_5273.jpg,.jpg,207,243,0.8519,50301,5.73,RGB
Kaca,R_5274.jpg,.jpg,275,183,1.5027,50325,5.49,RGB
Kaca,R_5275.jpg,.jpg,237,212,1.1179,50244,6.58,RGB
Kaca,R_5276.jpg,.jpg,250,188,1.3298,47000,3.91,RGB
Kaca,R_5277.jpg,.jpg,251,201,1.2488,50451,13.46,RGB
Kaca,R_5278.jpg,.jpg,209,241,0.8672,50369,8.39,RGB
Kaca,R_5279.jpg,.jpg,225,225,1.0,50625,2.65,RGB
Kaca,R_5280.jpg,.jpg,225,225,1.0,50625,4.09,RGB
Kaca,R_5281.jpg,.jpg,225,225,1.0,50625,3.56,RGB
Kaca,R_5282.jpg,.jpg,259,194,1.3351,50246,5.97,RGB
Kaca,R_5283.jpg,.jpg,225,225,1.0,50625,2.45,RGB
Kaca,R_5284.jpg,.jpg,224,224,1.0,50176,6.33,RGB
Kaca,R_5285.jpg,.jpg,225,225,1.0,50625,7.07,RGB
Kaca,R_5286.jpg,.jpg,225,225,1.0,50625,4.82,RGB
Kaca,R_5287.jpg,.jpg,327,154,2.1234,50358,6.6,RGB
Kaca,R_5288.jpg,.jpg,266,190,1.4,50540,3.15,RGB
Kaca,R_5289.jpg,.jpg,225,225,1.0,50625,5.43,RGB
Kaca,R_5290.jpg,.jpg,225,225,1.0,50625,1.64,RGB
Kaca,R_5291.jpg,.jpg,204,247,0.8259,50388,3.43,RGB
Kaca,R_5292.jpg,.jpg,207,243,0.8519,50301,4.88,RGB
Kaca,R_5293.jpg,.jpg,194,259,0.749,50246,3.63,RGB
Kaca,R_5294.jpg,.jpg,252,200,1.26,50400,5.32,RGB
Kaca,R_5295.jpg,.jpg,225,225,1.0,50625,5.23,RGB
Kaca,R_5296.jpg,.jpg,225,225,1.0,50625,3.83,RGB
Kaca,R_5297.jpg,.jpg,259,194,1.3351,50246,3.33,RGB
Kaca,R_5298.jpg,.jpg,217,233,0.9313,50561,7.64,RGB
Kaca,R_5299.jpg,.jpg,225,224,1.0045,50400,8.03,RGB
Kaca,R_5300.jpg,.jpg,225,225,1.0,50625,3.56,RGB
Kaca,R_5301.jpg,.jpg,225,225,1.0,50625,3.5,RGB
Kaca,R_5302.jpg,.jpg,259,194,1.3351,50246,2.6,RGB
Kaca,R_5303.jpg,.jpg,225,224,1.0045,50400,5.17,RGB
Kaca,R_5304.jpg,.jpg,249,202,1.2327,50298,8.08,RGB
Kaca,R_5305.jpg,.jpg,180,180,1.0,32400,3.38,RGB
Kaca,R_5306.jpg,.jpg,262,193,1.3575,50566,5.43,RGB
Kaca,R_5307.jpg,.jpg,257,196,1.3112,50372,2.76,RGB
Kaca,R_5308.jpg,.jpg,266,189,1.4074,50274,7.67,RGB
Kaca,R_5309.jpg,.jpg,225,225,1.0,50625,4.29,RGB
Kaca,R_5310.jpg,.jpg,194,259,0.749,50246,6.0,RGB
Kaca,R_5311.jpg,.jpg,225,225,1.0,50625,6.0,RGB
Kaca,R_5312.jpg,.jpg,385,131,2.9389,50435,7.16,RGB
Kaca,R_5313.jpg,.jpg,194,259,0.749,50246,2.47,RGB
Kaca,R_5314.jpg,.jpg,225,225,1.0,50625,3.31,RGB
Kaca,R_5315.jpg,.jpg,259,195,1.3282,50505,5.2,RGB
Kaca,R_5316.jpg,.jpg,225,225,1.0,50625,4.75,RGB
Kaca,R_5317.jpg,.jpg,225,225,1.0,50625,4.4,RGB
Kaca,R_5318.jpg,.jpg,238,212,1.1226,50456,5.61,RGB
Kaca,R_5319.jpg,.jpg,259,194,1.3351,50246,8.59,RGB
Kaca,R_5320.jpg,.jpg,275,183,1.5027,50325,3.44,RGB
Kaca,R_5321.jpg,.jpg,225,225,1.0,50625,2.55,RGB
Kaca,R_5322.jpg,.jpg,259,195,1.3282,50505,9.08,RGB
Kaca,R_5323.jpg,.jpg,225,225,1.0,50625,7.04,RGB
Kaca,R_5324.jpg,.jpg,225,225,1.0,50625,2.28,RGB
Kaca,R_5325.jpg,.jpg,225,225,1.0,50625,2.7,RGB
Kaca,R_5326.jpg,.jpg,236,189,1.2487,44604,6.86,RGB
Kaca,R_5327.jpg,.jpg,251,201,1.2488,50451,6.15,RGB
Kaca,R_5328.jpg,.jpg,232,217,1.0691,50344,3.83,RGB
Kaca,R_5329.jpg,.jpg,214,235,0.9106,50290,5.24,RGB
Kaca,R_5330.jpg,.jpg,225,225,1.0,50625,2.25,RGB
Kaca,R_5331.jpg,.jpg,224,224,1.0,50176,5.4,RGB
Kaca,R_5332.jpg,.jpg,225,225,1.0,50625,3.69,RGB
Kaca,R_5333.jpg,.jpg,150,196,0.7653,29400,2.36,RGB
Kaca,R_5334.jpg,.jpg,225,225,1.0,50625,4.33,RGB
Kaca,R_5335.jpg,.jpg,281,179,1.5698,50299,7.35,RGB
Kaca,R_5336.jpg,.jpg,194,259,0.749,50246,6.04,RGB
Kaca,R_5337.jpg,.jpg,222,227,0.978,50394,11.41,RGB
Kaca,R_5338.jpg,.jpg,205,245,0.8367,50225,7.31,RGB
Kaca,R_5339.jpg,.jpg,233,216,1.0787,50328,4.45,RGB
Kaca,R_5340.jpg,.jpg,310,163,1.9018,50530,5.63,RGB
Kaca,R_5341.jpg,.jpg,259,194,1.3351,50246,6.87,RGB
Kaca,R_5342.jpg,.jpg,225,225,1.0,50625,7.37,RGB
Kaca,R_5343.jpg,.jpg,233,216,1.0787,50328,4.31,RGB
Kaca,R_5344.jpg,.jpg,193,261,0.7395,50373,6.64,RGB
Kaca,R_5345.jpg,.jpg,418,120,3.4833,50160,5.19,RGB
Kaca,R_5346.jpg,.jpg,225,225,1.0,50625,4.58,RGB
Kaca,R_5347.jpg,.jpg,213,237,0.8987,50481,4.67,RGB
Kaca,R_5348.jpg,.jpg,166,219,0.758,36354,2.74,RGB
Kaca,R_5349.jpg,.jpg,225,225,1.0,50625,3.03,RGB
Kaca,R_5350.jpg,.jpg,214,235,0.9106,50290,5.02,RGB
Kaca,R_5351.jpg,.jpg,225,225,1.0,50625,2.32,RGB
Kaca,R_5352.jpg,.jpg,222,227,0.978,50394,2.52,RGB
Kaca,R_5353.jpg,.jpg,259,194,1.3351,50246,3.66,RGB
Kaca,R_5354.jpg,.jpg,210,240,0.875,50400,6.77,RGB
Kaca,R_5355.jpg,.jpg,225,225,1.0,50625,5.58,RGB
Kaca,R_5356.jpg,.jpg,241,209,1.1531,50369,3.79,RGB
Kaca,R_5357.jpg,.jpg,251,201,1.2488,50451,7.5,RGB
Kaca,R_5358.jpg,.jpg,259,194,1.3351,50246,6.41,RGB
Kaca,R_5359.jpg,.jpg,225,225,1.0,50625,2.01,RGB
Kaca,R_5360.jpg,.jpg,225,225,1.0,50625,9.55,RGB
Kaca,R_5361.jpg,.jpg,225,225,1.0,50625,4.58,RGB
Kaca,R_5362.jpg,.jpg,225,225,1.0,50625,2.74,RGB
Kaca,R_5363.jpg,.jpg,225,225,1.0,50625,6.71,RGB
Kaca,R_5364.jpg,.jpg,270,187,1.4439,50490,12.63,RGB
Kaca,R_5365.jpg,.jpg,259,194,1.3351,50246,4.9,RGB
Kaca,R_5366.jpg,.jpg,194,259,0.749,50246,2.42,RGB
Kaca,R_5367.jpg,.jpg,330,153,2.1569,50490,8.04,RGB
Kaca,R_5368.jpg,.jpg,225,224,1.0045,50400,2.01,RGB
Kaca,R_5369.jpg,.jpg,296,170,1.7412,50320,13.35,RGB
Kaca,R_5370.jpg,.jpg,201,251,0.8008,50451,7.44,RGB
Kaca,R_5371.jpg,.jpg,220,229,0.9607,50380,4.76,RGB
Kaca,R_5372.jpg,.jpg,225,225,1.0,50625,5.66,RGB
Kaca,R_5373.jpg,.jpg,266,190,1.4,50540,3.77,RGB
Kaca,R_5374.jpg,.jpg,225,225,1.0,50625,2.91,RGB
Kaca,R_5375.jpg,.jpg,223,226,0.9867,50398,8.1,RGB
Kaca,R_5376.jpg,.jpg,191,264,0.7235,50424,3.31,RGB
Kaca,R_5377.jpg,.jpg,259,194,1.3351,50246,5.24,RGB
Kaca,R_5378.jpg,.jpg,267,189,1.4127,50463,2.57,RGB
Kaca,R_5379.jpg,.jpg,263,192,1.3698,50496,3.31,RGB
Kaca,R_5380.jpg,.jpg,211,239,0.8828,50429,2.54,RGB
Kaca,R_5381.jpg,.jpg,224,225,0.9956,50400,3.03,RGB
Kaca,R_5382.jpg,.jpg,221,228,0.9693,50388,5.64,RGB
Kaca,R_5383.jpg,.jpg,180,280,0.6429,50400,7.05,RGB
Kaca,R_5384.jpg,.jpg,225,225,1.0,50625,10.56,RGB
Kaca,R_5385.jpg,.jpg,193,261,0.7395,50373,6.11,RGB
Kaca,R_5386.jpg,.jpg,225,225,1.0,50625,6.82,RGB
Kaca,R_5387.jpg,.jpg,394,128,3.0781,50432,4.69,RGB
Kaca,R_5388.jpg,.jpg,225,225,1.0,50625,8.37,RGB
Kaca,R_5389.jpg,.jpg,260,194,1.3402,50440,6.02,RGB
Kaca,R_5390.jpg,.jpg,225,225,1.0,50625,5.05,RGB
Kaca,R_5391.jpg,.jpg,224,224,1.0,50176,6.2,RGB
Kaca,R_5392.jpg,.jpg,225,225,1.0,50625,3.25,RGB
Kaca,R_5393.jpg,.jpg,225,225,1.0,50625,4.18,RGB
Kaca,R_5394.jpg,.jpg,183,275,0.6655,50325,4.87,RGB
Kaca,R_5395.jpg,.jpg,225,225,1.0,50625,6.97,RGB
Kaca,R_5396.jpg,.jpg,225,225,1.0,50625,6.99,RGB
Kaca,R_5397.jpg,.jpg,225,225,1.0,50625,6.22,RGB
Kaca,R_5398.jpg,.jpg,223,226,0.9867,50398,2.44,RGB
Kaca,R_5399.jpg,.jpg,225,225,1.0,50625,5.76,RGB
Kaca,R_5400.jpg,.jpg,215,234,0.9188,50310,11.89,RGB
Kaca,R_5401.jpg,.jpg,225,225,1.0,50625,5.85,RGB
Kaca,R_5402.jpg,.jpg,275,183,1.5027,50325,4.97,RGB
Kaca,R_5403.jpg,.jpg,225,225,1.0,50625,5.71,RGB
Kaca,R_5404.jpg,.jpg,214,236,0.9068,50504,7.53,RGB
Kaca,R_5405.jpg,.jpg,225,225,1.0,50625,3.68,RGB
Kaca,R_5406.jpg,.jpg,225,225,1.0,50625,6.0,RGB
Kaca,R_5407.jpg,.jpg,225,225,1.0,50625,7.8,RGB
Kaca,R_5408.jpg,.jpg,225,225,1.0,50625,4.73,RGB
Kaca,R_5409.jpg,.jpg,225,225,1.0,50625,5.78,RGB
Kaca,R_5410.jpg,.jpg,225,225,1.0,50625,7.26,RGB
Kaca,R_5411.jpg,.jpg,225,225,1.0,50625,4.35,RGB
Kaca,R_5412.jpg,.jpg,225,225,1.0,50625,2.49,RGB
Kaca,R_5413.jpg,.jpg,265,190,1.3947,50350,5.22,RGB
Kaca,R_5414.jpg,.jpg,269,187,1.4385,50303,9.07,RGB
Kaca,R_5415.jpg,.jpg,228,221,1.0317,50388,3.11,RGB
Kaca,R_5416.jpg,.jpg,216,233,0.927,50328,4.69,RGB
Kaca,R_5417.jpg,.jpg,225,225,1.0,50625,6.9,RGB
Kaca,R_5418.jpg,.jpg,259,194,1.3351,50246,6.58,RGB
Kaca,R_5419.jpg,.jpg,259,194,1.3351,50246,8.8,RGB
Kaca,R_5420.jpg,.jpg,275,183,1.5027,50325,6.76,RGB
Kaca,R_5421.jpg,.jpg,252,200,1.26,50400,3.95,RGB
Kaca,R_5422.jpg,.jpg,231,219,1.0548,50589,6.42,RGB
Kaca,R_5423.jpg,.jpg,231,218,1.0596,50358,5.08,RGB
Kaca,R_5424.jpg,.jpg,269,187,1.4385,50303,11.8,RGB
Kaca,R_5425.jpg,.jpg,214,236,0.9068,50504,10.65,RGB
Kaca,R_5426.jpg,.jpg,89,219,0.4064,19491,3.0,RGB
Kaca,R_5427.jpg,.jpg,225,225,1.0,50625,2.47,RGB
Kaca,R_5428.jpg,.jpg,225,225,1.0,50625,6.33,RGB
Kaca,R_5429.jpg,.jpg,276,183,1.5082,50508,9.79,RGB
Kaca,R_5430.jpg,.jpg,275,183,1.5027,50325,6.28,RGB
Kaca,R_5431.jpg,.jpg,183,275,0.6655,50325,6.64,RGB
Kaca,R_5432.jpg,.jpg,300,168,1.7857,50400,13.78,RGB
Kaca,R_5433.jpg,.jpg,266,190,1.4,50540,7.81,RGB
Kaca,R_5434.jpg,.jpg,225,225,1.0,50625,5.75,RGB
Kaca,R_5435.jpg,.jpg,183,275,0.6655,50325,8.43,RGB
Kaca,R_5436.jpg,.jpg,225,225,1.0,50625,3.1,RGB
Kaca,R_5437.jpg,.jpg,225,225,1.0,50625,3.82,RGB
Kaca,R_5438.jpg,.jpg,201,251,0.8008,50451,6.98,RGB
Kaca,R_5439.jpg,.jpg,225,225,1.0,50625,4.11,RGB
Kaca,R_5440.jpg,.jpg,259,194,1.3351,50246,7.34,RGB
Kaca,R_5441.jpg,.jpg,251,201,1.2488,50451,8.86,RGB
Kaca,R_5442.jpg,.jpg,223,226,0.9867,50398,4.14,RGB
Kaca,R_5443.jpg,.jpg,267,189,1.4127,50463,3.98,RGB
Kaca,R_5444.jpg,.jpg,311,162,1.9198,50382,11.45,RGB
Kaca,R_5445.jpg,.jpg,185,272,0.6801,50320,5.15,RGB
Kaca,R_5446.jpg,.jpg,225,225,1.0,50625,2.38,RGB
Kaca,R_5447.jpg,.jpg,251,201,1.2488,50451,5.94,RGB
Kaca,R_5448.jpg,.jpg,200,200,1.0,40000,4.09,RGB
Kaca,R_5449.jpg,.jpg,183,275,0.6655,50325,6.25,RGB
Kaca,R_5450.jpg,.jpg,275,183,1.5027,50325,4.4,RGB
Kaca,R_5451.jpg,.jpg,225,224,1.0045,50400,7.99,RGB
Kaca,R_5452.jpg,.jpg,275,183,1.5027,50325,9.0,RGB
Kaca,R_5453.jpg,.jpg,225,225,1.0,50625,3.94,RGB
Kaca,R_5454.jpg,.jpg,225,225,1.0,50625,6.04,RGB
Kaca,R_5455.jpg,.jpg,194,259,0.749,50246,5.67,RGB
Kaca,R_5456.jpg,.jpg,225,225,1.0,50625,14.09,RGB
Kaca,R_5457.jpg,.jpg,220,220,1.0,48400,3.21,RGB
Kaca,R_5458.jpg,.jpg,188,268,0.7015,50384,7.79,RGB
Kaca,R_5459.jpg,.jpg,311,162,1.9198,50382,4.62,RGB
Kaca,R_5460.jpg,.jpg,225,225,1.0,50625,5.79,RGB
Kaca,R_5461.jpg,.jpg,214,235,0.9106,50290,5.34,RGB
Kaca,R_5462.jpg,.jpg,160,316,0.5063,50560,6.61,RGB
Kaca,R_5463.jpg,.jpg,183,275,0.6655,50325,6.64,RGB
Kaca,R_5464.jpg,.jpg,194,259,0.749,50246,7.51,RGB
Kaca,R_5465.jpg,.jpg,262,192,1.3646,50304,6.53,RGB
Kaca,R_5466.jpg,.jpg,225,225,1.0,50625,3.83,RGB
Kaca,R_5467.jpg,.jpg,204,247,0.8259,50388,3.58,RGB
Kaca,R_5468.jpg,.jpg,225,225,1.0,50625,7.77,RGB
Kaca,R_5469.jpg,.jpg,141,250,0.564,35250,3.52,RGB
Kaca,R_5470.jpg,.jpg,277,182,1.522,50414,6.42,RGB
Kaca,R_5471.jpg,.jpg,258,196,1.3163,50568,6.39,RGB
Kaca,R_5472.jpg,.jpg,275,183,1.5027,50325,5.73,RGB
Kaca,R_5473.jpg,.jpg,259,194,1.3351,50246,3.85,RGB
Kaca,R_5474.jpg,.jpg,259,194,1.3351,50246,8.08,RGB
Kaca,R_5475.jpg,.jpg,257,196,1.3112,50372,4.29,RGB
Kaca,R_5476.jpg,.jpg,168,299,0.5619,50232,3.36,RGB
Kaca,R_5477.jpg,.jpg,225,225,1.0,50625,5.35,RGB
Kaca,R_5478.jpg,.jpg,277,182,1.522,50414,10.39,RGB
Kaca,R_5479.jpg,.jpg,266,189,1.4074,50274,8.02,RGB
Kaca,R_5480.jpg,.jpg,183,275,0.6655,50325,4.33,RGB
Kaca,R_5481.jpg,.jpg,275,183,1.5027,50325,8.17,RGB
Kaca,R_5482.jpg,.jpg,300,168,1.7857,50400,7.16,RGB
Kaca,R_5483.jpg,.jpg,259,194,1.3351,50246,4.77,RGB
Kaca,R_5484.jpg,.jpg,259,194,1.3351,50246,4.77,RGB
Kaca,R_5485.jpg,.jpg,284,177,1.6045,50268,7.13,RGB
Kaca,R_5486.jpg,.jpg,260,194,1.3402,50440,7.57,RGB
Kaca,R_5487.jpg,.jpg,225,225,1.0,50625,2.32,RGB
Kaca,R_5488.jpg,.jpg,242,208,1.1635,50336,5.49,RGB
Kaca,R_5489.jpg,.jpg,179,281,0.637,50299,5.39,RGB
Kaca,R_5490.jpg,.jpg,225,225,1.0,50625,3.17,RGB
Kaca,R_5491.jpg,.jpg,225,225,1.0,50625,5.64,RGB
Kaca,R_5492.jpg,.jpg,300,168,1.7857,50400,8.6,RGB
Kaca,R_5493.jpg,.jpg,211,239,0.8828,50429,4.8,RGB
Kaca,R_5494.jpg,.jpg,305,165,1.8485,50325,9.23,RGB
Kaca,R_5495.jpg,.jpg,315,160,1.9688,50400,10.12,RGB
Kaca,R_5496.jpg,.jpg,223,226,0.9867,50398,11.17,RGB
Kaca,R_5497.jpg,.jpg,225,225,1.0,50625,3.97,RGB
Kaca,R_5498.jpg,.jpg,247,204,1.2108,50388,7.34,RGB
Kaca,R_5499.jpg,.jpg,212,238,0.8908,50456,7.83,RGB
Kaca,R_5500.jpg,.jpg,275,183,1.5027,50325,5.64,RGB
Kaca,R_5501.jpg,.jpg,262,192,1.3646,50304,5.74,RGB
Kaca,R_5502.jpg,.jpg,225,225,1.0,50625,6.01,RGB
Kaca,R_5503.jpg,.jpg,245,205,1.1951,50225,4.91,RGB
Kaca,R_5504.jpg,.jpg,273,185,1.4757,50505,5.25,RGB
Kaca,R_5505.jpg,.jpg,259,194,1.3351,50246,8.97,RGB
Kaca,R_5506.jpg,.jpg,225,225,1.0,50625,3.54,RGB
Kaca,R_5507.jpg,.jpg,204,247,0.8259,50388,4.88,RGB
Kaca,R_5508.jpg,.jpg,225,225,1.0,50625,2.79,RGB
Kaca,R_5509.jpg,.jpg,225,225,1.0,50625,3.74,RGB
Kaca,R_5510.jpg,.jpg,225,225,1.0,50625,3.13,RGB
Kaca,R_5511.jpg,.jpg,260,194,1.3402,50440,10.29,RGB
Kaca,R_5512.jpg,.jpg,274,184,1.4891,50416,4.75,RGB
Kaca,R_5513.jpg,.jpg,274,184,1.4891,50416,5.43,RGB
Kaca,R_5514.jpg,.jpg,225,225,1.0,50625,4.91,RGB
Kaca,R_5515.jpg,.jpg,225,225,1.0,50625,7.83,RGB
Kaca,R_5516.jpg,.jpg,259,194,1.3351,50246,5.08,RGB
Kaca,R_5517.jpg,.jpg,230,219,1.0502,50370,2.75,RGB
Kaca,R_5518.jpg,.jpg,275,183,1.5027,50325,7.51,RGB
Kaca,R_5519.jpg,.jpg,225,225,1.0,50625,4.37,RGB
Kaca,R_5520.jpg,.jpg,248,203,1.2217,50344,4.97,RGB
Kaca,R_5521.jpg,.jpg,183,275,0.6655,50325,6.65,RGB
Kaca,R_5522.jpg,.jpg,229,220,1.0409,50380,9.22,RGB
Kaca,R_5523.jpg,.jpg,225,225,1.0,50625,8.76,RGB
Kaca,R_5524.jpg,.jpg,210,240,0.875,50400,6.57,RGB
Kaca,R_5525.jpg,.jpg,274,184,1.4891,50416,6.67,RGB
Kaca,R_5526.jpg,.jpg,225,225,1.0,50625,5.66,RGB
Kaca,R_5527.jpg,.jpg,178,283,0.629,50374,6.4,RGB
Kaca,R_5528.jpg,.jpg,311,162,1.9198,50382,10.34,RGB
Kaca,R_5529.jpg,.jpg,279,181,1.5414,50499,7.81,RGB
Kaca,R_5530.jpg,.jpg,210,240,0.875,50400,5.66,RGB
Kaca,R_5531.jpg,.jpg,275,183,1.5027,50325,8.07,RGB
Kaca,R_5532.jpg,.jpg,220,220,1.0,48400,8.33,RGB
Kaca,R_5533.jpg,.jpg,225,225,1.0,50625,5.11,RGB
Kaca,R_5534.jpg,.jpg,225,225,1.0,50625,9.06,RGB
Kaca,R_5535.jpg,.jpg,225,225,1.0,50625,6.23,RGB
Kaca,R_5536.jpg,.jpg,250,189,1.3228,47250,7.26,RGB
Kaca,R_5537.jpg,.jpg,268,188,1.4255,50384,4.07,RGB
Kaca,R_5538.jpg,.jpg,249,203,1.2266,50547,4.65,RGB
Kaca,R_5539.jpg,.jpg,282,178,1.5843,50196,3.53,RGB
Kaca,R_5540.jpg,.jpg,259,194,1.3351,50246,5.52,RGB
Kaca,R_5541.jpg,.jpg,225,225,1.0,50625,6.5,RGB
Kaca,R_5542.jpg,.jpg,275,183,1.5027,50325,6.09,RGB
Kaca,R_5543.jpg,.jpg,183,275,0.6655,50325,4.34,RGB
Kaca,R_5544.jpg,.jpg,182,182,1.0,33124,5.79,RGB
Kaca,R_5545.jpg,.jpg,247,204,1.2108,50388,8.33,RGB
Kaca,R_5546.jpg,.jpg,200,173,1.1561,34600,4.36,RGB
Kaca,R_5547.jpg,.jpg,198,254,0.7795,50292,6.09,RGB
Kaca,R_5548.jpg,.jpg,264,191,1.3822,50424,9.6,RGB
Kaca,R_5549.jpg,.jpg,225,225,1.0,50625,5.81,RGB
Kaca,R_5550.jpg,.jpg,250,166,1.506,41500,3.16,RGB
Kaca,R_5551.jpg,.jpg,177,285,0.6211,50445,4.05,RGB
Kaca,R_5552.jpg,.jpg,225,225,1.0,50625,8.79,RGB
Kaca,R_5553.jpg,.jpg,225,225,1.0,50625,4.73,RGB
Kaca,R_5554.jpg,.jpg,275,183,1.5027,50325,6.45,RGB
Kaca,R_5555.jpg,.jpg,201,251,0.8008,50451,4.82,RGB
Kaca,R_5556.jpg,.jpg,236,214,1.1028,50504,5.6,RGB
Kaca,R_5557.jpg,.jpg,225,225,1.0,50625,3.77,RGB
Kaca,R_5558.jpg,.jpg,264,191,1.3822,50424,13.24,RGB
Kaca,R_5559.jpg,.jpg,246,205,1.2,50430,3.02,RGB
Kaca,R_5560.jpg,.jpg,299,169,1.7692,50531,6.18,RGB
Kaca,R_5561.jpg,.jpg,274,184,1.4891,50416,5.7,RGB
Kaca,R_5562.jpg,.jpg,225,225,1.0,50625,5.46,RGB
Kaca,R_5563.jpg,.jpg,283,178,1.5899,50374,4.95,RGB
Kaca,R_5564.jpg,.jpg,214,235,0.9106,50290,7.0,RGB
Kaca,R_5565.jpg,.jpg,297,170,1.7471,50490,9.84,RGB
Kaca,R_5566.jpg,.jpg,184,275,0.6691,50600,7.0,RGB
Kaca,R_5567.jpg,.jpg,275,183,1.5027,50325,4.3,RGB
Kaca,R_5568.jpg,.jpg,194,259,0.749,50246,4.68,RGB
Kaca,R_5569.jpg,.jpg,272,185,1.4703,50320,9.05,RGB
Kaca,R_5570.jpg,.jpg,225,225,1.0,50625,7.39,RGB
Kaca,R_5571.jpg,.jpg,275,183,1.5027,50325,6.97,RGB
Kaca,R_5572.jpg,.jpg,225,225,1.0,50625,5.27,RGB
Kaca,R_5573.jpg,.jpg,263,192,1.3698,50496,4.71,RGB
Kaca,R_5574.jpg,.jpg,273,185,1.4757,50505,8.93,RGB
Kaca,R_5575.jpg,.jpg,259,194,1.3351,50246,4.86,RGB
Kaca,R_5576.jpg,.jpg,364,138,2.6377,50232,9.37,RGB
Kaca,R_5577.jpg,.jpg,233,216,1.0787,50328,7.98,RGB
Kaca,R_5578.jpg,.jpg,286,176,1.625,50336,7.04,RGB
Kaca,R_5579.jpg,.jpg,275,183,1.5027,50325,8.46,RGB
Kaca,R_5580.jpg,.jpg,266,190,1.4,50540,2.84,RGB
Kaca,R_5581.jpg,.jpg,314,161,1.9503,50554,5.44,RGB
Kaca,R_5582.jpg,.jpg,269,187,1.4385,50303,12.41,RGB
Kaca,R_5583.jpg,.jpg,225,225,1.0,50625,4.92,RGB
Kaca,R_5584.jpg,.jpg,224,225,0.9956,50400,3.42,RGB
Kaca,R_5585.jpg,.jpg,225,225,1.0,50625,6.28,RGB
Kaca,R_5586.jpg,.jpg,183,275,0.6655,50325,5.36,RGB
Kaca,R_5587.jpg,.jpg,224,225,0.9956,50400,10.99,RGB
Kaca,R_5588.jpg,.jpg,300,168,1.7857,50400,5.09,RGB
Kaca,R_5589.jpg,.jpg,255,198,1.2879,50490,2.4,RGB
Kaca,R_5590.jpg,.jpg,225,225,1.0,50625,2.67,RGB
Kaca,R_5591.jpg,.jpg,224,225,0.9956,50400,4.64,RGB
Kaca,R_5592.jpg,.jpg,224,224,1.0,50176,6.86,RGB
Kaca,R_5593.jpg,.jpg,294,172,1.7093,50568,9.61,RGB
Kaca,R_5594.jpg,.jpg,275,183,1.5027,50325,4.81,RGB
Kaca,R_5595.jpg,.jpg,286,176,1.625,50336,6.29,RGB
Kaca,R_5596.jpg,.jpg,252,200,1.26,50400,3.58,RGB
Kaca,R_5597.jpg,.jpg,225,225,1.0,50625,8.36,RGB
Kaca,R_5598.jpg,.jpg,183,275,0.6655,50325,8.92,RGB
Kaca,R_5599.jpg,.jpg,225,225,1.0,50625,6.46,RGB
Kaca,R_5600.jpg,.jpg,251,201,1.2488,50451,4.68,RGB
Kaca,R_5601.jpg,.jpg,306,164,1.8659,50184,8.18,RGB
Kaca,R_5602.jpg,.jpg,202,249,0.8112,50298,4.22,RGB
Kaca,R_5603.jpg,.jpg,251,201,1.2488,50451,9.26,RGB
Kaca,R_5604.jpg,.jpg,225,225,1.0,50625,10.45,RGB
Kaca,R_5605.jpg,.jpg,225,225,1.0,50625,5.87,RGB
Kaca,R_5606.jpg,.jpg,276,182,1.5165,50232,3.76,RGB
Kaca,R_5607.jpg,.jpg,250,166,1.506,41500,3.32,RGB
Kaca,R_5608.jpg,.jpg,225,225,1.0,50625,1.73,RGB
Kaca,R_5609.jpg,.jpg,209,241,0.8672,50369,6.47,RGB
Kaca,R_5610.jpg,.jpg,274,184,1.4891,50416,7.78,RGB
Kaca,R_5611.jpg,.jpg,269,188,1.4309,50572,5.05,RGB
Kaca,R_5612.jpg,.jpg,201,250,0.804,50250,9.54,RGB
Kaca,R_5613.jpg,.jpg,194,259,0.749,50246,5.24,RGB
Kaca,R_5614.jpg,.jpg,183,275,0.6655,50325,6.98,RGB
Kaca,R_5615.jpg,.jpg,185,272,0.6801,50320,4.35,RGB
Kaca,R_5616.jpg,.jpg,300,168,1.7857,50400,6.03,RGB
Kaca,R_5617.jpg,.jpg,214,236,0.9068,50504,4.0,RGB
Kaca,R_5618.jpg,.jpg,237,213,1.1127,50481,7.76,RGB
Kaca,R_5619.jpg,.jpg,261,193,1.3523,50373,6.58,RGB
Kaca,R_5620.jpg,.jpg,286,176,1.625,50336,7.83,RGB
Kaca,R_5621.jpg,.jpg,261,193,1.3523,50373,4.49,RGB
Kaca,R_5622.jpg,.jpg,377,134,2.8134,50518,6.8,RGB
Kaca,R_5623.jpg,.jpg,225,225,1.0,50625,3.24,RGB
Kaca,R_5624.jpg,.jpg,225,225,1.0,50625,1.66,RGB
Kaca,R_5625.jpg,.jpg,224,225,0.9956,50400,3.89,RGB
Kaca,R_5626.jpg,.jpg,184,274,0.6715,50416,8.26,RGB
Kaca,R_5627.jpg,.jpg,310,163,1.9018,50530,6.97,RGB
Kaca,R_5628.jpg,.jpg,285,177,1.6102,50445,5.83,RGB
Kaca,R_5629.jpg,.jpg,225,225,1.0,50625,11.66,RGB
Kaca,R_5630.jpg,.jpg,210,240,0.875,50400,4.17,RGB
Kaca,R_5631.jpg,.jpg,225,225,1.0,50625,5.46,RGB
Kaca,R_5632.jpg,.jpg,300,168,1.7857,50400,6.85,RGB
Kaca,R_5633.jpg,.jpg,183,275,0.6655,50325,5.23,RGB
Kaca,R_5634.jpg,.jpg,266,190,1.4,50540,7.89,RGB
Kaca,R_5635.jpg,.jpg,274,184,1.4891,50416,8.68,RGB
Kaca,R_5636.jpg,.jpg,275,183,1.5027,50325,5.21,RGB
Kaca,R_5637.jpg,.jpg,225,225,1.0,50625,2.93,RGB
Kaca,R_5638.jpg,.jpg,183,275,0.6655,50325,8.18,RGB
Kaca,R_5639.jpg,.jpg,225,225,1.0,50625,3.7,RGB
Kaca,R_5640.jpg,.jpg,183,275,0.6655,50325,7.42,RGB
Kaca,R_5641.jpg,.jpg,275,183,1.5027,50325,3.95,RGB
Kaca,R_5642.jpg,.jpg,260,194,1.3402,50440,10.68,RGB
Kaca,R_5643.jpg,.jpg,225,225,1.0,50625,5.23,RGB
Kaca,R_5644.jpg,.jpg,275,184,1.4946,50600,6.56,RGB
Kaca,R_5645.jpg,.jpg,185,221,0.8371,40885,4.13,RGB
Kaca,R_5646.jpg,.jpg,247,204,1.2108,50388,10.78,RGB
Kaca,R_5647.jpg,.jpg,406,124,3.2742,50344,8.94,RGB
Kaca,R_5648.jpg,.jpg,194,259,0.749,50246,8.5,RGB
Kaca,R_5649.jpg,.jpg,225,225,1.0,50625,4.7,RGB
Kaca,R_5650.jpg,.jpg,199,254,0.7835,50546,3.67,RGB
Kaca,R_5651.jpg,.jpg,225,225,1.0,50625,7.81,RGB
Kaca,R_5652.jpg,.jpg,193,261,0.7395,50373,11.51,RGB
Kaca,R_5653.jpg,.jpg,266,189,1.4074,50274,5.04,RGB
Kaca,R_5654.jpg,.jpg,214,235,0.9106,50290,6.37,RGB
Kaca,R_5655.jpg,.jpg,275,183,1.5027,50325,7.78,RGB
Kaca,R_5656.jpg,.jpg,187,270,0.6926,50490,8.64,RGB
Kaca,R_5657.jpg,.jpg,275,183,1.5027,50325,5.97,RGB
Kaca,R_5658.jpg,.jpg,225,225,1.0,50625,3.71,RGB
Kaca,R_5659.jpg,.jpg,288,175,1.6457,50400,4.87,RGB
Kaca,R_5660.jpg,.jpg,259,194,1.3351,50246,6.26,RGB
Kaca,R_5661.jpg,.jpg,224,224,1.0,50176,3.72,RGB
Kaca,R_5662.jpg,.jpg,258,196,1.3163,50568,8.08,RGB
Kaca,R_5663.jpg,.jpg,225,225,1.0,50625,2.32,RGB
Kaca,R_5664.jpg,.jpg,225,225,1.0,50625,2.52,RGB
Kaca,R_5665.jpg,.jpg,182,182,1.0,33124,5.33,RGB
Kaca,R_5666.jpg,.jpg,329,153,2.1503,50337,5.73,RGB
Kaca,R_5667.jpg,.jpg,275,183,1.5027,50325,5.48,RGB
Kaca,R_5668.jpg,.jpg,225,225,1.0,50625,3.99,RGB
Kaca,R_5669.jpg,.jpg,275,183,1.5027,50325,8.94,RGB
Kaca,R_5670.jpg,.jpg,274,184,1.4891,50416,5.07,RGB
Kaca,R_5671.jpg,.jpg,259,194,1.3351,50246,7.58,RGB
Kaca,R_5672.jpg,.jpg,171,294,0.5816,50274,3.12,RGB
Kaca,R_5673.jpg,.jpg,214,236,0.9068,50504,5.87,RGB
Kaca,R_5674.jpg,.jpg,225,225,1.0,50625,2.92,RGB
Kaca,R_5675.jpg,.jpg,359,140,2.5643,50260,8.0,RGB
Kaca,R_5676.jpg,.jpg,255,197,1.2944,50235,9.23,RGB
Kaca,R_5677.jpg,.jpg,274,184,1.4891,50416,6.0,RGB
Kaca,R_5678.jpg,.jpg,285,177,1.6102,50445,11.87,RGB
Kaca,R_5679.jpg,.jpg,193,262,0.7366,50566,5.4,RGB
Kaca,R_5680.jpg,.jpg,239,211,1.1327,50429,6.45,RGB
Kaca,R_5681.jpg,.jpg,259,194,1.3351,50246,5.93,RGB
Kaca,R_5682.jpg,.jpg,225,225,1.0,50625,6.8,RGB
Kaca,R_5683.jpg,.jpg,183,275,0.6655,50325,7.9,RGB
Kaca,R_5684.jpg,.jpg,316,159,1.9874,50244,5.63,RGB
Kaca,R_5685.jpg,.jpg,225,225,1.0,50625,2.15,RGB
Kaca,R_5686.jpg,.jpg,298,169,1.7633,50362,10.58,RGB
Kaca,R_5687.jpg,.jpg,258,196,1.3163,50568,9.4,RGB
Kaca,R_5688.jpg,.jpg,225,225,1.0,50625,5.11,RGB
Kaca,R_5689.jpg,.jpg,259,194,1.3351,50246,4.73,RGB
Kaca,R_5690.jpg,.jpg,225,225,1.0,50625,7.56,RGB
Kaca,R_5691.jpg,.jpg,191,264,0.7235,50424,9.67,RGB
Kaca,R_5692.jpg,.jpg,289,174,1.6609,50286,7.23,RGB
Kaca,R_5693.jpg,.jpg,276,183,1.5082,50508,9.96,RGB
Kaca,R_5694.jpg,.jpg,225,225,1.0,50625,6.15,RGB
Kaca,R_5695.jpg,.jpg,254,198,1.2828,50292,6.53,RGB
Kaca,R_5696.jpg,.jpg,225,225,1.0,50625,2.08,RGB
Kaca,R_5697.jpg,.jpg,214,235,0.9106,50290,8.34,RGB
Kaca,R_5698.jpg,.jpg,183,275,0.6655,50325,6.96,RGB
Kaca,R_5699.jpg,.jpg,204,247,0.8259,50388,8.2,RGB
Kaca,R_5700.jpg,.jpg,195,259,0.7529,50505,6.06,RGB
Kaca,R_5701.jpg,.jpg,300,168,1.7857,50400,5.87,RGB
Kaca,R_5702.jpg,.jpg,258,196,1.3163,50568,5.3,RGB
Kaca,R_5703.jpg,.jpg,183,276,0.663,50508,4.25,RGB
Kaca,R_5704.jpg,.jpg,225,225,1.0,50625,8.15,RGB
Kaca,R_5705.jpg,.jpg,300,168,1.7857,50400,5.98,RGB
Kaca,R_5706.jpg,.jpg,225,225,1.0,50625,4.78,RGB
Kaca,R_5707.jpg,.jpg,299,168,1.7798,50232,4.08,RGB
Kaca,R_5708.jpg,.jpg,275,183,1.5027,50325,10.54,RGB
Kaca,R_5709.jpg,.jpg,232,217,1.0691,50344,8.94,RGB
Kaca,R_5710.jpg,.jpg,259,194,1.3351,50246,7.59,RGB
Kaca,R_5711.jpg,.jpg,206,244,0.8443,50264,7.02,RGB
Kaca,R_9182.jpg,.jpg,318,159,2.0,50562,7.19,RGB
Kaca,R_9183.jpg,.jpg,225,225,1.0,50625,6.76,RGB
Kaca,R_9185.jpg,.jpg,289,174,1.6609,50286,4.41,RGB
Kaca,R_9188.jpg,.jpg,199,254,0.7835,50546,7.24,RGB
Kaca,R_9190.jpg,.jpg,242,208,1.1635,50336,4.04,RGB
Kaca,R_9195.jpg,.jpg,225,225,1.0,50625,4.58,RGB
Kaca,R_9196.jpg,.jpg,225,225,1.0,50625,4.81,RGB
Kaca,R_9197.jpg,.jpg,246,205,1.2,50430,10.03,RGB
Kardus,R_2152.jpg,.jpg,275,183,1.5027,50325,2.44,RGB
Kardus,R_2153.jpg,.jpg,225,225,1.0,50625,2.5,RGB
Kardus,R_2154.jpg,.jpg,315,160,1.9688,50400,3.58,RGB
Kardus,R_2155.jpg,.jpg,225,225,1.0,50625,5.5,RGB
Kardus,R_2156.jpg,.jpg,225,225,1.0,50625,4.59,RGB
Kardus,R_2157.jpg,.jpg,225,225,1.0,50625,2.52,RGB
Kardus,R_2158.jpg,.jpg,292,162,1.8025,47304,5.58,RGB
Kardus,R_2159.jpg,.jpg,215,235,0.9149,50525,5.24,RGB
Kardus,R_2160.jpg,.jpg,225,225,1.0,50625,3.8,RGB
Kardus,R_2161.jpg,.jpg,225,225,1.0,50625,3.93,RGB
Kardus,R_2162.jpg,.jpg,225,225,1.0,50625,2.86,RGB
Kardus,R_2163.jpg,.jpg,270,187,1.4439,50490,3.87,RGB
Kardus,R_2164.jpg,.jpg,225,225,1.0,50625,3.07,RGB
Kardus,R_2165.jpg,.jpg,275,183,1.5027,50325,2.21,RGB
Kardus,R_2166.jpg,.jpg,269,187,1.4385,50303,3.97,RGB
Kardus,R_2167.jpg,.jpg,225,225,1.0,50625,5.4,RGB
Kardus,R_2168.jpg,.jpg,225,225,1.0,50625,2.69,RGB
Kardus,R_2169.jpg,.jpg,225,225,1.0,50625,3.82,RGB
Kardus,R_2170.jpg,.jpg,225,225,1.0,50625,4.02,RGB
Kardus,R_2171.jpg,.jpg,268,188,1.4255,50384,1.99,RGB
Kardus,R_2172.jpg,.jpg,274,184,1.4891,50416,4.1,RGB
Kardus,R_2173.jpg,.jpg,223,226,0.9867,50398,2.45,RGB
Kardus,R_2174.jpg,.jpg,240,210,1.1429,50400,3.19,RGB
Kardus,R_2175.jpg,.jpg,225,225,1.0,50625,3.17,RGB
Kardus,R_2176.jpg,.jpg,248,203,1.2217,50344,3.93,RGB
Kardus,R_2177.jpg,.jpg,205,246,0.8333,50430,3.61,RGB
Kardus,R_2178.jpg,.jpg,291,173,1.6821,50343,3.39,RGB
Kardus,R_2179.jpg,.jpg,231,218,1.0596,50358,3.91,RGB
Kardus,R_2180.jpg,.jpg,201,251,0.8008,50451,5.25,RGB
Kardus,R_2181.jpg,.jpg,216,233,0.927,50328,3.88,RGB
Kardus,R_2182.jpg,.jpg,255,198,1.2879,50490,5.6,RGB
Kardus,R_2183.jpg,.jpg,225,225,1.0,50625,3.97,RGB
Kardus,R_2184.jpg,.jpg,220,220,1.0,48400,3.02,RGB
Kardus,R_2185.jpg,.jpg,240,210,1.1429,50400,3.82,RGB
Kardus,R_2186.jpg,.jpg,259,194,1.3351,50246,4.13,RGB
Kardus,R_2187.jpg,.jpg,230,220,1.0455,50600,4.54,RGB
Kardus,R_2188.jpg,.jpg,257,196,1.3112,50372,6.72,RGB
Kardus,R_2189.jpg,.jpg,225,225,1.0,50625,3.85,RGB
Kardus,R_2190.jpg,.jpg,353,143,2.4685,50479,3.55,RGB
Kardus,R_2191.jpg,.jpg,220,229,0.9607,50380,4.84,RGB
Kardus,R_2192.jpg,.jpg,262,192,1.3646,50304,5.53,RGB
Kardus,R_2193.jpg,.jpg,233,216,1.0787,50328,11.16,RGB
Kardus,R_2194.jpg,.jpg,270,187,1.4439,50490,2.56,RGB
Kardus,R_2195.jpg,.jpg,225,225,1.0,50625,5.85,RGB
Kardus,R_2196.jpg,.jpg,225,225,1.0,50625,3.05,RGB
Kardus,R_2197.jpg,.jpg,194,259,0.749,50246,3.55,RGB
Kardus,R_2198.jpg,.jpg,225,225,1.0,50625,4.17,RGB
Kardus,R_2199.jpg,.jpg,224,224,1.0,50176,3.5,RGB
Kardus,R_2200.jpg,.jpg,225,225,1.0,50625,5.94,RGB
Kardus,R_2201.jpg,.jpg,220,229,0.9607,50380,4.3,P
Kardus,R_2202.jpg,.jpg,225,225,1.0,50625,5.7,RGB
Kardus,R_2203.jpg,.jpg,225,225,1.0,50625,4.22,RGB
Kardus,R_2204.jpg,.jpg,225,225,1.0,50625,9.5,RGB
Kardus,R_2205.jpg,.jpg,225,225,1.0,50625,5.68,RGB
Kardus,R_2206.jpg,.jpg,267,189,1.4127,50463,9.84,RGB
Kardus,R_2207.jpg,.jpg,275,183,1.5027,50325,5.62,RGB
Kardus,R_2208.jpg,.jpg,266,190,1.4,50540,4.91,RGB
Kardus,R_2209.jpg,.jpg,281,180,1.5611,50580,6.88,RGB
Kardus,R_2210.jpg,.jpg,259,194,1.3351,50246,5.45,RGB
Kardus,R_2211.jpg,.jpg,265,190,1.3947,50350,3.09,RGB
Kardus,R_2212.jpg,.jpg,225,225,1.0,50625,2.6,RGB
Kardus,R_2213.jpg,.jpg,246,205,1.2,50430,3.31,RGB
Kardus,R_2214.jpg,.jpg,225,225,1.0,50625,2.57,RGB
Kardus,R_2215.jpg,.jpg,194,259,0.749,50246,2.9,RGB
Kardus,R_2216.jpg,.jpg,275,183,1.5027,50325,2.7,RGB
Kardus,R_2217.jpg,.jpg,225,225,1.0,50625,4.98,RGB
Kardus,R_2218.jpg,.jpg,225,225,1.0,50625,3.42,RGB
Kardus,R_2219.jpg,.jpg,280,180,1.5556,50400,5.62,RGB
Kardus,R_2220.jpg,.jpg,225,225,1.0,50625,11.75,RGB
Kardus,R_2221.jpg,.jpg,219,231,0.9481,50589,3.7,RGB
Kardus,R_2222.jpg,.jpg,225,225,1.0,50625,7.92,RGB
Kardus,R_2223.jpg,.jpg,249,203,1.2266,50547,3.73,RGB
Kardus,R_2224.jpg,.jpg,225,225,1.0,50625,3.81,RGB
Kardus,R_2225.jpg,.jpg,237,213,1.1127,50481,3.36,RGB
Kardus,R_2226.jpg,.jpg,225,225,1.0,50625,5.99,RGB
Kardus,R_2227.jpg,.jpg,274,184,1.4891,50416,2.88,RGB
Kardus,R_2228.jpg,.jpg,225,225,1.0,50625,5.08,RGB
Kardus,R_2229.jpg,.jpg,344,146,2.3562,50224,4.68,RGB
Kardus,R_2230.jpg,.jpg,291,173,1.6821,50343,2.04,RGB
Kardus,R_2231.jpg,.jpg,225,225,1.0,50625,2.49,RGB
Kardus,R_2232.jpg,.jpg,275,183,1.5027,50325,1.34,RGB
Kardus,R_2233.jpg,.jpg,300,168,1.7857,50400,13.09,RGB
Kardus,R_2234.jpg,.jpg,262,192,1.3646,50304,8.53,RGB
Kardus,R_2235.jpg,.jpg,275,183,1.5027,50325,3.54,RGB
Kardus,R_2236.jpg,.jpg,237,213,1.1127,50481,7.79,RGB
Kardus,R_2237.jpg,.jpg,225,169,1.3314,38025,7.89,RGB
Kardus,R_2238.jpg,.jpg,247,204,1.2108,50388,3.53,RGB
Kardus,R_2239.jpg,.jpg,225,225,1.0,50625,5.69,RGB
Kardus,R_2240.jpg,.jpg,266,190,1.4,50540,9.87,RGB
Kardus,R_2241.jpg,.jpg,275,183,1.5027,50325,6.41,RGB
Kardus,R_2242.jpg,.jpg,225,225,1.0,50625,9.59,RGB
Kardus,R_2243.jpg,.jpg,242,209,1.1579,50578,5.11,RGB
Kardus,R_2244.jpg,.jpg,225,225,1.0,50625,7.66,RGB
Kardus,R_2245.jpg,.jpg,184,274,0.6715,50416,3.5,RGB
Kardus,R_2246.jpg,.jpg,270,186,1.4516,50220,3.99,RGB
Kardus,R_2247.jpg,.jpg,225,225,1.0,50625,4.89,RGB
Kardus,R_2248.jpg,.jpg,225,225,1.0,50625,3.47,RGB
Kardus,R_2249.jpg,.jpg,258,195,1.3231,50310,7.61,RGB
Kardus,R_2250.jpg,.jpg,225,225,1.0,50625,6.64,RGB
Kardus,R_2251.jpg,.jpg,220,229,0.9607,50380,5.77,RGB
Kardus,R_2252.jpg,.jpg,235,215,1.093,50525,3.83,RGB
Kardus,R_2253.jpg,.jpg,225,225,1.0,50625,3.52,RGB
Kardus,R_2254.jpg,.jpg,217,232,0.9353,50344,3.89,RGB
Kardus,R_2255.jpg,.jpg,279,180,1.55,50220,3.68,RGB
Kardus,R_2256.jpg,.jpg,225,225,1.0,50625,5.15,RGB
Kardus,R_2257.jpg,.jpg,224,224,1.0,50176,5.87,RGB
Kardus,R_2258.jpg,.jpg,160,160,1.0,25600,5.73,RGB
Kardus,R_2259.jpg,.jpg,275,183,1.5027,50325,3.11,RGB
Kardus,R_2260.jpg,.jpg,284,177,1.6045,50268,8.66,RGB
Kardus,R_2261.jpg,.jpg,225,225,1.0,50625,5.23,RGB
Kardus,R_2262.jpg,.jpg,225,225,1.0,50625,5.36,RGB
Kardus,R_2263.jpg,.jpg,255,194,1.3144,49470,6.01,RGB
Kardus,R_2264.jpg,.jpg,217,194,1.1186,42098,3.0,RGB
Kardus,R_2265.jpg,.jpg,219,230,0.9522,50370,3.83,RGB
Kardus,R_2266.jpg,.jpg,242,160,1.5125,38720,3.97,RGB
Kardus,R_2267.jpg,.jpg,225,225,1.0,50625,3.59,RGB
Kardus,R_2268.jpg,.jpg,259,194,1.3351,50246,3.92,RGB
Kardus,R_2269.jpg,.jpg,237,213,1.1127,50481,4.47,RGB
Kardus,R_2270.jpg,.jpg,225,225,1.0,50625,7.11,RGB
Kardus,R_2271.jpg,.jpg,263,192,1.3698,50496,5.46,RGB
Kardus,R_2272.jpg,.jpg,220,229,0.9607,50380,3.73,RGB
Kardus,R_2273.jpg,.jpg,220,220,1.0,48400,5.13,RGB
Kardus,R_2274.jpg,.jpg,225,201,1.1194,45225,4.39,RGB
Kardus,R_2275.jpg,.jpg,225,225,1.0,50625,2.93,RGB
Kardus,R_2276.jpg,.jpg,252,200,1.26,50400,3.58,RGB
Kardus,R_2277.jpg,.jpg,352,143,2.4615,50336,4.85,RGB
Kardus,R_2278.jpg,.jpg,225,225,1.0,50625,8.33,RGB
Kardus,R_2279.jpg,.jpg,225,225,1.0,50625,2.84,RGB
Kardus,R_2280.jpg,.jpg,213,236,0.9025,50268,2.06,P
Kardus,R_2281.jpg,.jpg,248,203,1.2217,50344,8.76,RGB
Kardus,R_2282.jpg,.jpg,225,225,1.0,50625,5.29,RGB
Kardus,R_2283.jpg,.jpg,225,225,1.0,50625,2.39,RGB
Kardus,R_2284.jpg,.jpg,180,195,0.9231,35100,3.33,RGB
Kardus,R_2285.jpg,.jpg,225,225,1.0,50625,3.65,RGB
Kardus,R_2286.jpg,.jpg,259,194,1.3351,50246,5.95,RGB
Kardus,R_2287.jpg,.jpg,183,275,0.6655,50325,5.73,RGB
Kardus,R_2288.jpg,.jpg,225,224,1.0045,50400,3.4,RGB
Kardus,R_2289.jpg,.jpg,225,225,1.0,50625,8.88,RGB
Kardus,R_2290.jpg,.jpg,225,225,1.0,50625,7.98,RGB
Kardus,R_2291.jpg,.jpg,219,230,0.9522,50370,4.71,RGB
Kardus,R_2292.jpg,.jpg,274,184,1.4891,50416,7.14,RGB
Kardus,R_2293.jpg,.jpg,266,190,1.4,50540,6.31,RGB
Kardus,R_2294.jpg,.jpg,251,201,1.2488,50451,4.9,RGB
Kardus,R_2295.jpg,.jpg,235,215,1.093,50525,3.69,RGB
Kardus,R_2296.jpg,.jpg,248,203,1.2217,50344,7.4,RGB
Kardus,R_2297.jpg,.jpg,316,159,1.9874,50244,6.21,RGB
Kardus,R_2298.jpg,.jpg,225,225,1.0,50625,2.45,RGB
Kardus,R_2299.jpg,.jpg,275,183,1.5027,50325,12.18,RGB
Kardus,R_2300.jpg,.jpg,275,183,1.5027,50325,6.63,RGB
Kardus,R_2301.jpg,.jpg,225,225,1.0,50625,8.14,RGB
Kardus,R_2302.jpg,.jpg,299,169,1.7692,50531,5.09,RGB
Kardus,R_2303.jpg,.jpg,194,259,0.749,50246,3.06,RGB
Kardus,R_2304.jpg,.jpg,250,202,1.2376,50500,3.65,RGB
Kardus,R_2305.jpg,.jpg,281,179,1.5698,50299,7.68,RGB
Kardus,R_2306.jpg,.jpg,225,225,1.0,50625,5.17,RGB
Kardus,R_2307.jpg,.jpg,241,209,1.1531,50369,3.76,RGB
Kardus,R_2308.jpg,.jpg,225,225,1.0,50625,3.06,RGB
Kardus,R_2309.jpg,.jpg,225,225,1.0,50625,4.43,RGB
Kardus,R_2310.jpg,.jpg,268,188,1.4255,50384,2.82,RGB
Kardus,R_2311.jpg,.jpg,225,225,1.0,50625,5.86,RGB
Kardus,R_2312.jpg,.jpg,225,225,1.0,50625,5.82,RGB
Kardus,R_2313.jpg,.jpg,233,217,1.0737,50561,5.78,RGB
Kardus,R_2314.jpg,.jpg,224,224,1.0,50176,7.12,RGB
Kardus,R_2315.jpg,.jpg,299,168,1.7798,50232,3.55,RGB
Kardus,R_2316.jpg,.jpg,225,225,1.0,50625,4.3,RGB
Kardus,R_2317.jpg,.jpg,217,232,0.9353,50344,5.76,RGB
Kardus,R_2318.jpg,.jpg,225,225,1.0,50625,3.54,RGB
Kardus,R_2319.jpg,.jpg,272,185,1.4703,50320,3.18,RGB
Kardus,R_2320.jpg,.jpg,225,225,1.0,50625,4.99,RGB
Kardus,R_2321.jpg,.jpg,248,203,1.2217,50344,2.46,RGB
Kardus,R_2322.jpg,.jpg,259,194,1.3351,50246,5.35,RGB
Kardus,R_2323.jpg,.jpg,221,228,0.9693,50388,7.03,RGB
Kardus,R_2324.jpg,.jpg,246,205,1.2,50430,5.8,RGB
Kardus,R_2325.jpg,.jpg,209,241,0.8672,50369,3.3,RGB
Kardus,R_2326.jpg,.jpg,196,257,0.7626,50372,4.57,RGB
Kardus,R_2327.jpg,.jpg,225,225,1.0,50625,4.69,RGB
Kardus,R_2328.jpg,.jpg,219,230,0.9522,50370,4.85,RGB
Kardus,R_2329.jpg,.jpg,259,195,1.3282,50505,7.67,RGB
Kardus,R_2330.jpg,.jpg,275,183,1.5027,50325,5.0,RGB
Kardus,R_2331.jpg,.jpg,225,225,1.0,50625,5.06,RGB
Kardus,R_2332.jpg,.jpg,225,225,1.0,50625,2.92,RGB
Kardus,R_2333.jpg,.jpg,275,183,1.5027,50325,3.51,RGB
Kardus,R_2334.jpg,.jpg,266,189,1.4074,50274,4.25,RGB
Kardus,R_2335.jpg,.jpg,225,225,1.0,50625,8.48,RGB
Kardus,R_2336.jpg,.jpg,200,200,1.0,40000,3.29,RGB
Kardus,R_2337.jpg,.jpg,243,175,1.3886,42525,3.71,RGB
Kardus,R_2338.jpg,.jpg,183,275,0.6655,50325,7.32,RGB
Kardus,R_2339.jpg,.jpg,205,194,1.0567,39770,3.9,RGB
Kardus,R_2340.jpg,.jpg,217,232,0.9353,50344,4.44,RGB
Kardus,R_2341.jpg,.jpg,225,225,1.0,50625,6.11,RGB
Kardus,R_2342.jpg,.jpg,259,194,1.3351,50246,7.62,RGB
Kardus,R_2343.jpg,.jpg,208,242,0.8595,50336,5.59,RGB
Kardus,R_2344.jpg,.jpg,224,225,0.9956,50400,8.55,RGB
Kardus,R_2345.jpg,.jpg,225,225,1.0,50625,3.83,RGB
Kardus,R_2346.jpg,.jpg,275,183,1.5027,50325,13.03,RGB
Kardus,R_2347.jpg,.jpg,225,225,1.0,50625,4.21,RGB
Kardus,R_2348.jpg,.jpg,224,224,1.0,50176,7.15,RGB
Kardus,R_2349.jpg,.jpg,361,139,2.5971,50179,6.58,RGB
Kardus,R_2350.jpg,.jpg,270,186,1.4516,50220,2.71,RGB
Kardus,R_2351.jpg,.jpg,282,179,1.5754,50478,3.96,RGB
Kardus,R_2352.jpg,.jpg,220,230,0.9565,50600,3.44,P
Kardus,R_2353.jpg,.jpg,223,226,0.9867,50398,13.19,RGB
Kardus,R_2354.jpg,.jpg,216,233,0.927,50328,6.47,RGB
Kardus,R_2355.jpg,.jpg,237,213,1.1127,50481,4.82,RGB
Kardus,R_2356.jpg,.jpg,225,225,1.0,50625,3.0,RGB
Kardus,R_2357.jpg,.jpg,225,225,1.0,50625,3.51,RGB
Kardus,R_2358.jpg,.jpg,266,190,1.4,50540,6.2,RGB
Kardus,R_2359.jpg,.jpg,225,225,1.0,50625,2.13,RGB
Kardus,R_2360.jpg,.jpg,208,243,0.856,50544,7.05,RGB
Kardus,R_2361.jpg,.jpg,220,229,0.9607,50380,5.91,RGB
Kardus,R_2362.jpg,.jpg,220,229,0.9607,50380,3.58,RGB
Kardus,R_2363.jpg,.jpg,265,190,1.3947,50350,7.36,RGB
Kardus,R_2364.jpg,.jpg,225,225,1.0,50625,4.83,RGB
Kardus,R_2365.jpg,.jpg,246,205,1.2,50430,3.26,RGB
Kardus,R_2366.jpg,.jpg,263,192,1.3698,50496,2.18,RGB
Kardus,R_2367.jpg,.jpg,220,229,0.9607,50380,4.54,RGB
Kardus,R_2368.jpg,.jpg,262,192,1.3646,50304,4.16,RGB
Kardus,R_2369.jpg,.jpg,200,200,1.0,40000,3.4,RGB
Kardus,R_2370.jpg,.jpg,271,186,1.457,50406,4.85,RGB
Kardus,R_2371.jpg,.jpg,250,202,1.2376,50500,7.17,RGB
Kardus,R_2372.jpg,.jpg,221,228,0.9693,50388,3.48,RGB
Kardus,R_2373.jpg,.jpg,225,225,1.0,50625,2.99,RGB
Kardus,R_2374.jpg,.jpg,225,225,1.0,50625,2.32,RGB
Kardus,R_2375.jpg,.jpg,251,201,1.2488,50451,5.49,RGB
Kardus,R_2376.jpg,.jpg,259,194,1.3351,50246,8.54,RGB
Kardus,R_2377.jpg,.jpg,225,225,1.0,50625,4.02,RGB
Kardus,R_2378.jpg,.jpg,225,224,1.0045,50400,11.34,RGB
Kardus,R_2379.jpg,.jpg,217,232,0.9353,50344,4.3,RGB
Kardus,R_2380.jpg,.jpg,225,225,1.0,50625,7.67,RGB
Kardus,R_2381.jpg,.jpg,220,229,0.9607,50380,3.98,P
Kardus,R_2382.jpg,.jpg,256,197,1.2995,50432,8.88,RGB
Kardus,R_2383.jpg,.jpg,225,225,1.0,50625,6.19,RGB
Kardus,R_2384.jpg,.jpg,179,282,0.6348,50478,10.71,RGB
Kardus,R_2385.jpg,.jpg,219,220,0.9955,48180,7.0,RGB
Kardus,R_2386.jpg,.jpg,188,268,0.7015,50384,3.19,RGB
Kardus,R_2387.jpg,.jpg,168,300,0.56,50400,5.06,RGB
Kardus,R_2388.jpg,.jpg,225,225,1.0,50625,4.73,RGB
Kardus,R_2389.jpg,.jpg,219,230,0.9522,50370,3.25,RGB
Kardus,R_2390.jpg,.jpg,259,194,1.3351,50246,6.19,RGB
Kardus,R_2391.jpg,.jpg,225,225,1.0,50625,3.89,RGB
Kardus,R_2392.jpg,.jpg,224,224,1.0,50176,9.35,RGB
Kardus,R_2393.jpg,.jpg,275,183,1.5027,50325,3.69,RGB
Kardus,R_2394.jpg,.jpg,246,205,1.2,50430,4.13,RGB
Kardus,R_2395.jpg,.jpg,220,229,0.9607,50380,3.05,P
Kardus,R_2399.jpg,.jpg,259,194,1.3351,50246,5.2,RGB
Kardus,R_2400.jpg,.jpg,275,183,1.5027,50325,9.91,RGB
Kardus,R_2401.jpg,.jpg,220,229,0.9607,50380,4.57,RGB
Kardus,R_2402.jpg,.jpg,220,229,0.9607,50380,6.9,RGB
Kardus,R_2403.jpg,.jpg,260,194,1.3402,50440,13.02,RGB
Kardus,R_2404.jpg,.jpg,194,260,0.7462,50440,10.94,RGB
Kardus,R_2406.jpg,.jpg,225,225,1.0,50625,3.95,RGB
Kardus,R_2407.jpg,.jpg,217,232,0.9353,50344,4.64,RGB
Kardus,R_2408.jpg,.jpg,214,235,0.9106,50290,3.42,RGB
Kardus,R_2409.jpg,.jpg,217,220,0.9864,47740,3.59,RGB
Kardus,R_2410.jpg,.jpg,263,192,1.3698,50496,2.57,RGB
Kardus,R_2411.jpg,.jpg,225,225,1.0,50625,6.21,RGB
Kardus,R_2412.jpg,.jpg,225,225,1.0,50625,7.88,RGB
Kardus,R_2413.jpg,.jpg,225,225,1.0,50625,13.15,RGB
Kardus,R_2414.jpg,.jpg,225,225,1.0,50625,4.3,RGB
Kardus,R_2415.jpg,.jpg,225,225,1.0,50625,4.92,RGB
Kardus,R_2416.jpg,.jpg,225,225,1.0,50625,5.4,RGB
Kardus,R_2417.jpg,.jpg,245,205,1.1951,50225,7.89,RGB
Kardus,R_2418.jpg,.jpg,275,183,1.5027,50325,7.32,RGB
Kardus,R_2419.jpg,.jpg,225,225,1.0,50625,6.26,RGB
Kardus,R_2420.jpg,.jpg,262,192,1.3646,50304,6.5,RGB
Kardus,R_2421.jpg,.jpg,225,225,1.0,50625,5.13,RGB
Kardus,R_2422.jpg,.jpg,262,192,1.3646,50304,4.27,RGB
Kardus,R_2423.jpg,.jpg,225,225,1.0,50625,4.87,RGB
Kardus,R_2424.jpg,.jpg,260,194,1.3402,50440,8.9,RGB
Kardus,R_2425.jpg,.jpg,246,205,1.2,50430,2.41,RGB
Kardus,R_2426.jpg,.jpg,292,173,1.6879,50516,6.96,RGB
Kardus,R_2427.jpg,.jpg,254,199,1.2764,50546,6.77,RGB
Kardus,R_2428.jpg,.jpg,234,216,1.0833,50544,3.11,RGB
Kardus,R_2429.jpg,.jpg,250,202,1.2376,50500,12.63,RGB
Kardus,R_2430.jpg,.jpg,225,225,1.0,50625,3.59,RGB
Kardus,R_2431.jpg,.jpg,225,225,1.0,50625,3.69,RGB
Kardus,R_2432.jpg,.jpg,225,225,1.0,50625,3.34,RGB
Kardus,R_2433.jpg,.jpg,300,168,1.7857,50400,11.14,RGB
Kardus,R_2434.jpg,.jpg,224,224,1.0,50176,6.03,RGB
Kardus,R_2435.jpg,.jpg,246,205,1.2,50430,1.91,RGB
Kardus,R_2436.jpg,.jpg,331,152,2.1776,50312,9.0,P
Kardus,R_2437.jpg,.jpg,270,187,1.4439,50490,7.98,RGB
Kardus,R_2438.jpg,.jpg,225,225,1.0,50625,6.08,RGB
Kardus,R_2439.jpg,.jpg,225,225,1.0,50625,6.34,RGB
Kardus,R_2440.jpg,.jpg,250,186,1.3441,46500,9.94,RGB
Kardus,R_2441.jpg,.jpg,299,168,1.7798,50232,5.88,RGB
Kardus,R_2442.jpg,.jpg,275,183,1.5027,50325,4.55,RGB
Kardus,R_2443.jpg,.jpg,289,174,1.6609,50286,11.0,RGB
Kardus,R_2444.jpg,.jpg,266,189,1.4074,50274,5.81,P
Kardus,R_2445.jpg,.jpg,225,225,1.0,50625,10.06,RGB
Kardus,R_2446.jpg,.jpg,225,225,1.0,50625,3.38,RGB
Kardus,R_2447.jpg,.jpg,201,251,0.8008,50451,6.14,RGB
Kardus,R_2448.jpg,.jpg,232,217,1.0691,50344,7.18,RGB
Kardus,R_2449.jpg,.jpg,272,185,1.4703,50320,12.42,RGB
Kardus,R_2450.jpg,.jpg,194,259,0.749,50246,1.97,RGB
Kardus,R_2451.jpg,.jpg,262,193,1.3575,50566,10.83,RGB
Kardus,R_2452.jpg,.jpg,225,225,1.0,50625,5.57,RGB
Kardus,R_2453.jpg,.jpg,237,213,1.1127,50481,5.96,RGB
Kardus,R_2454.jpg,.jpg,225,225,1.0,50625,5.44,RGB
Kardus,R_2455.jpg,.jpg,230,219,1.0502,50370,3.86,RGB
Kardus,R_2456.jpg,.jpg,225,225,1.0,50625,5.56,RGB
Kardus,R_2457.jpg,.jpg,251,201,1.2488,50451,10.22,RGB
Kardus,R_2458.jpg,.jpg,225,225,1.0,50625,7.76,RGB
Kardus,R_2459.jpg,.jpg,218,231,0.9437,50358,6.28,RGB
Kardus,R_2460.jpg,.jpg,225,225,1.0,50625,4.35,RGB
Kardus,R_2461.jpg,.jpg,259,194,1.3351,50246,5.57,RGB
Kardus,R_2462.jpg,.jpg,285,177,1.6102,50445,4.69,RGB
Kardus,R_2463.jpg,.jpg,225,225,1.0,50625,4.33,RGB
Kardus,R_2464.jpg,.jpg,225,225,1.0,50625,6.73,RGB
Kardus,R_2465.jpg,.jpg,255,197,1.2944,50235,6.63,RGB
Kardus,R_2466.jpg,.jpg,225,225,1.0,50625,8.77,RGB
Kardus,R_2467.jpg,.jpg,225,225,1.0,50625,3.23,RGB
Kardus,R_2468.jpg,.jpg,225,225,1.0,50625,5.17,RGB
Kardus,R_2469.jpg,.jpg,247,204,1.2108,50388,7.94,RGB
Kardus,R_2470.jpg,.jpg,223,226,0.9867,50398,6.24,RGB
Kardus,R_2471.jpg,.jpg,258,196,1.3163,50568,8.19,RGB
Kardus,R_2472.jpg,.jpg,199,253,0.7866,50347,5.25,RGB
Kardus,R_2473.jpg,.jpg,259,194,1.3351,50246,10.24,RGB
Kardus,R_2474.jpg,.jpg,259,194,1.3351,50246,15.02,RGB
Kardus,R_2475.jpg,.jpg,275,183,1.5027,50325,7.53,RGB
Kardus,R_2476.jpg,.jpg,240,210,1.1429,50400,4.84,RGB
Kardus,R_2477.jpg,.jpg,225,225,1.0,50625,19.2,RGB
Kardus,R_2478.jpg,.jpg,225,225,1.0,50625,12.0,RGB
Kardus,R_2479.jpg,.jpg,263,191,1.377,50233,11.34,RGB
Kardus,R_2480.jpg,.jpg,276,183,1.5082,50508,8.18,RGB
Kardus,R_2481.jpg,.jpg,275,183,1.5027,50325,8.38,RGB
Kardus,R_2482.jpg,.jpg,270,187,1.4439,50490,4.18,P
Kardus,R_2483.jpg,.jpg,271,186,1.457,50406,5.84,RGB
Kardus,R_2484.jpg,.jpg,276,183,1.5082,50508,6.19,RGB
Kardus,R_2485.jpg,.jpg,235,214,1.0981,50290,18.53,RGB
Kardus,R_2486.jpg,.jpg,259,194,1.3351,50246,4.87,P
Kardus,R_2487.jpg,.jpg,262,192,1.3646,50304,3.5,RGB
Kardus,R_2488.jpg,.jpg,216,233,0.927,50328,12.63,P
Kardus,R_2489.jpg,.jpg,225,225,1.0,50625,3.2,RGB
Kardus,R_2490.jpg,.jpg,225,225,1.0,50625,6.84,RGB
Kardus,R_6914.jpg,.jpg,225,225,1.0,50625,5.28,RGB
Kardus,R_6915.jpg,.jpg,225,225,1.0,50625,3.68,RGB
Kardus,R_6916.jpg,.jpg,225,225,1.0,50625,2.88,RGB
Kardus,R_6917.jpg,.jpg,251,201,1.2488,50451,4.01,RGB
Kardus,R_6918.jpg,.jpg,225,225,1.0,50625,4.82,RGB
Kardus,R_6919.jpg,.jpg,225,225,1.0,50625,6.15,RGB
Kardus,R_6920.jpg,.jpg,225,225,1.0,50625,3.73,RGB
Kardus,R_6921.jpg,.jpg,225,225,1.0,50625,3.08,RGB
Kardus,R_6922.jpg,.jpg,241,209,1.1531,50369,4.46,RGB
Kardus,R_6923.jpg,.jpg,198,254,0.7795,50292,2.32,RGB
Kardus,R_6924.jpg,.jpg,225,225,1.0,50625,4.42,RGB
Kardus,R_6925.jpg,.jpg,253,199,1.2714,50347,7.08,RGB
Kardus,R_6926.jpg,.jpg,218,166,1.3133,36188,3.18,RGB
Kardus,R_6927.jpg,.jpg,251,201,1.2488,50451,4.94,RGB
Kardus,R_6928.jpg,.jpg,225,225,1.0,50625,3.6,RGB
Kardus,R_6929.jpg,.jpg,277,182,1.522,50414,5.57,RGB
Kardus,R_6930.jpg,.jpg,225,225,1.0,50625,3.16,RGB
Kardus,R_6931.jpg,.jpg,300,168,1.7857,50400,3.59,RGB
Kardus,R_6932.jpg,.jpg,225,225,1.0,50625,3.37,RGB
Kardus,R_6933.jpg,.jpg,259,194,1.3351,50246,3.63,RGB
Kardus,R_6936.jpg,.jpg,236,213,1.108,50268,4.1,RGB
Kardus,R_6937.jpg,.jpg,254,199,1.2764,50546,3.47,RGB
Kardus,R_6938.jpg,.jpg,245,170,1.4412,41650,3.99,RGB
Kardus,R_6939.jpg,.jpg,194,259,0.749,50246,2.99,RGB
Kardus,R_6940.jpg,.jpg,225,225,1.0,50625,3.34,RGB
Kardus,R_6941.jpg,.jpg,225,225,1.0,50625,3.58,RGB
Kardus,R_6942.jpg,.jpg,225,225,1.0,50625,2.83,RGB
Kardus,R_6943.jpg,.jpg,258,195,1.3231,50310,4.59,RGB
Kardus,R_6944.jpg,.jpg,269,187,1.4385,50303,4.18,RGB
Kardus,R_6945.jpg,.jpg,225,225,1.0,50625,3.57,RGB
Kardus,R_6946.jpg,.jpg,225,225,1.0,50625,2.81,RGB
Kardus,R_6947.jpg,.jpg,225,225,1.0,50625,3.58,RGB
Kardus,R_6948.jpg,.jpg,231,218,1.0596,50358,6.1,RGB
Kardus,R_6949.jpg,.jpg,259,195,1.3282,50505,2.98,RGB
Kardus,R_6950.jpg,.jpg,225,225,1.0,50625,3.25,RGB
Kardus,R_6951.jpg,.jpg,234,216,1.0833,50544,5.29,RGB
Kardus,R_6952.jpg,.jpg,225,225,1.0,50625,4.01,RGB
Kardus,R_6953.jpg,.jpg,258,196,1.3163,50568,3.21,RGB
Kardus,R_6955.jpg,.jpg,225,225,1.0,50625,3.09,RGB
Kardus,R_6956.jpg,.jpg,276,183,1.5082,50508,3.97,RGB
Kardus,R_6957.jpg,.jpg,303,167,1.8144,50601,7.37,RGB
Kardus,R_6958.jpg,.jpg,235,214,1.0981,50290,5.96,RGB
Kardus,R_6959.jpg,.jpg,245,206,1.1893,50470,3.4,RGB
Kardus,R_6960.jpg,.jpg,299,169,1.7692,50531,5.35,RGB
Kardus,R_6961.jpg,.jpg,225,225,1.0,50625,4.19,RGB
Kardus,R_6962.jpg,.jpg,225,225,1.0,50625,3.88,RGB
Kardus,R_6963.jpg,.jpg,244,206,1.1845,50264,5.92,RGB
Kardus,R_6964.jpg,.jpg,225,225,1.0,50625,4.0,RGB
Kardus,R_6965.jpg,.jpg,223,226,0.9867,50398,3.96,RGB
Kardus,R_6966.jpg,.jpg,225,225,1.0,50625,3.6,RGB
Kardus,R_6967.jpg,.jpg,311,162,1.9198,50382,15.06,RGB
Kardus,R_6968.jpg,.jpg,259,194,1.3351,50246,4.0,RGB
Kardus,R_6969.jpg,.jpg,225,225,1.0,50625,2.72,RGB
Kardus,R_6970.jpg,.jpg,225,225,1.0,50625,5.55,RGB
Kardus,R_6971.jpg,.jpg,255,198,1.2879,50490,5.0,RGB
Kardus,R_6972.jpg,.jpg,253,199,1.2714,50347,4.66,RGB
Kardus,R_6973.jpg,.jpg,225,225,1.0,50625,2.72,RGB
Kardus,R_6974.jpg,.jpg,260,194,1.3402,50440,8.69,RGB
Kardus,R_6975.jpg,.jpg,301,167,1.8024,50267,5.8,RGB
Kardus,R_6976.jpg,.jpg,281,179,1.5698,50299,6.5,RGB
Kardus,R_6977.jpg,.jpg,275,183,1.5027,50325,4.99,RGB
Kardus,R_6978.jpg,.jpg,259,194,1.3351,50246,3.81,RGB
Kardus,R_6980.jpg,.jpg,225,225,1.0,50625,3.14,RGB
Kardus,R_6981.jpg,.jpg,225,225,1.0,50625,5.22,RGB
Kardus,R_6982.jpg,.jpg,225,225,1.0,50625,4.22,RGB
Kardus,R_6983.jpg,.jpg,225,225,1.0,50625,4.86,RGB
Kardus,R_6984.jpg,.jpg,275,183,1.5027,50325,4.97,RGB
Kardus,R_6985.jpg,.jpg,301,168,1.7917,50568,6.71,RGB
Kardus,R_6986.jpg,.jpg,225,225,1.0,50625,4.02,RGB
Kardus,R_6988.jpg,.jpg,300,168,1.7857,50400,4.63,RGB
Kardus,R_6990.jpg,.jpg,299,169,1.7692,50531,5.89,RGB
Kardus,R_6991.jpg,.jpg,237,213,1.1127,50481,3.69,RGB
Kardus,R_6992.jpg,.jpg,225,225,1.0,50625,5.78,RGB
Kardus,R_6993.jpg,.jpg,253,199,1.2714,50347,4.11,RGB
Kardus,R_6994.jpg,.jpg,266,189,1.4074,50274,4.49,RGB
Kardus,R_6995.jpg,.jpg,225,225,1.0,50625,4.16,RGB
Kardus,R_6996.jpg,.jpg,225,225,1.0,50625,5.1,RGB
Kardus,R_6997.jpg,.jpg,225,225,1.0,50625,4.32,RGB
Kardus,R_6998.jpg,.jpg,225,225,1.0,50625,4.44,RGB
Kardus,R_6999.jpg,.jpg,275,183,1.5027,50325,2.77,P
Kardus,R_7000.jpg,.jpg,206,245,0.8408,50470,7.12,RGB
Kardus,R_7001.jpg,.jpg,284,177,1.6045,50268,6.0,RGB
Kardus,R_7002.jpg,.jpg,225,225,1.0,50625,2.81,RGB
Kardus,R_7003.jpg,.jpg,374,135,2.7704,50490,4.29,RGB
Kardus,R_7005.jpg,.jpg,250,202,1.2376,50500,3.81,RGB
Kardus,R_7006.jpg,.jpg,200,200,1.0,40000,4.75,RGB
Kardus,R_7007.jpg,.jpg,263,191,1.377,50233,4.24,RGB
Kardus,R_7009.jpg,.jpg,197,256,0.7695,50432,5.12,RGB
Kardus,R_7010.jpg,.jpg,225,225,1.0,50625,2.92,RGB
Kardus,R_7011.jpg,.jpg,352,143,2.4615,50336,6.69,RGB
Kardus,R_7013.jpg,.jpg,275,183,1.5027,50325,4.64,RGB
Kardus,R_7015.jpg,.jpg,225,225,1.0,50625,5.14,RGB
Kardus,R_7016.jpg,.jpg,377,134,2.8134,50518,6.94,RGB
Kardus,R_7017.jpg,.jpg,267,189,1.4127,50463,7.31,RGB
Kardus,R_7018.jpg,.jpg,275,183,1.5027,50325,6.38,RGB
Kardus,R_7020.jpg,.jpg,246,205,1.2,50430,4.29,RGB
Kardus,R_7021.jpg,.jpg,198,254,0.7795,50292,2.23,RGB
Kardus,R_7022.jpg,.jpg,389,129,3.0155,50181,5.79,RGB
Kardus,R_7023.jpg,.jpg,225,225,1.0,50625,5.65,RGB
Kardus,R_7024.jpg,.jpg,207,243,0.8519,50301,2.84,RGB
Kardus,R_7025.jpg,.jpg,194,259,0.749,50246,6.25,RGB
Kardus,R_7026.jpg,.jpg,255,198,1.2879,50490,3.89,RGB
Kardus,R_7027.jpg,.jpg,225,225,1.0,50625,4.1,RGB
Kardus,R_7028.jpg,.jpg,261,193,1.3523,50373,5.16,RGB
Kardus,R_7029.jpg,.jpg,308,163,1.8896,50204,6.57,RGB
Kardus,R_7030.jpg,.jpg,285,177,1.6102,50445,5.88,RGB
Kardus,R_7031.jpg,.jpg,225,225,1.0,50625,5.59,RGB
Kardus,R_7032.jpg,.jpg,225,225,1.0,50625,2.67,RGB
Kardus,R_7033.jpg,.jpg,225,225,1.0,50625,6.18,RGB
Kardus,R_7034.jpg,.jpg,374,135,2.7704,50490,5.57,RGB
Kardus,R_7035.jpg,.jpg,259,194,1.3351,50246,3.99,RGB
Kardus,R_7036.jpg,.jpg,301,167,1.8024,50267,6.14,RGB
Kardus,R_7037.jpg,.jpg,389,129,3.0155,50181,5.19,RGB
Kardus,R_7038.jpg,.jpg,237,213,1.1127,50481,6.7,RGB
Kardus,R_7039.jpg,.jpg,312,162,1.9259,50544,4.37,RGB
Kardus,R_7040.jpg,.jpg,264,191,1.3822,50424,6.54,RGB
Kardus,R_7041.jpg,.jpg,300,132,2.2727,39600,4.32,RGB
Kardus,R_7042.jpg,.jpg,226,223,1.0135,50398,3.56,RGB
Kardus,R_7043.jpg,.jpg,243,207,1.1739,50301,9.13,RGB
Kardus,R_7045.jpg,.jpg,279,180,1.55,50220,4.67,RGB
Kardus,R_7046.jpg,.jpg,225,225,1.0,50625,3.83,RGB
Kardus,R_7047.jpg,.jpg,299,169,1.7692,50531,5.8,RGB
Kardus,R_7048.jpg,.jpg,239,211,1.1327,50429,3.93,RGB
Kardus,R_7050.jpg,.jpg,235,215,1.093,50525,4.28,RGB
Kardus,R_7051.jpg,.jpg,207,244,0.8484,50508,5.0,RGB
Kardus,R_7052.jpg,.jpg,300,168,1.7857,50400,8.04,RGB
Kardus,R_7053.jpg,.jpg,225,225,1.0,50625,3.96,RGB
Kardus,R_7054.jpg,.jpg,281,179,1.5698,50299,5.58,RGB
Kardus,R_7055.jpg,.jpg,225,225,1.0,50625,5.05,RGB
Kardus,R_7056.jpg,.jpg,225,225,1.0,50625,4.77,RGB
Kardus,R_7057.jpg,.jpg,293,172,1.7035,50396,6.86,RGB
Kardus,R_7058.jpg,.jpg,220,214,1.028,47080,7.75,RGB
Kardus,R_7059.jpg,.jpg,225,225,1.0,50625,6.64,RGB
Kardus,R_7060.jpg,.jpg,299,169,1.7692,50531,5.46,RGB
Kardus,R_7061.jpg,.jpg,240,160,1.5,38400,2.92,RGB
Kardus,R_7062.jpg,.jpg,200,200,1.0,40000,3.91,RGB
Kardus,R_7064.jpg,.jpg,207,243,0.8519,50301,4.14,RGB
Kardus,R_7065.jpg,.jpg,353,143,2.4685,50479,4.52,RGB
Kardus,R_7066.jpg,.jpg,225,224,1.0045,50400,3.7,RGB
Kardus,R_7067.jpg,.jpg,275,183,1.5027,50325,4.68,RGB
Kardus,R_7068.jpg,.jpg,225,225,1.0,50625,3.28,RGB
Kardus,R_7069.jpg,.jpg,340,148,2.2973,50320,5.76,RGB
Kardus,R_7070.jpg,.jpg,244,206,1.1845,50264,6.95,RGB
Kardus,R_7071.jpg,.jpg,300,168,1.7857,50400,6.03,RGB
Kardus,R_7072.jpg,.jpg,250,189,1.3228,47250,4.48,RGB
Kardus,R_7073.jpg,.jpg,225,225,1.0,50625,6.76,RGB
Kardus,R_7074.jpg,.jpg,259,194,1.3351,50246,6.0,RGB
Kardus,R_7075.jpg,.jpg,274,184,1.4891,50416,8.21,RGB
Kardus,R_7076.jpg,.jpg,300,168,1.7857,50400,13.69,RGB
Kardus,R_7077.jpg,.jpg,225,225,1.0,50625,3.96,RGB
Kardus,R_7079.jpg,.jpg,374,135,2.7704,50490,5.59,RGB
Kardus,R_7080.jpg,.jpg,266,190,1.4,50540,4.92,RGB
Kardus,R_7081.jpg,.jpg,287,175,1.64,50225,5.66,RGB
Kardus,R_7082.jpg,.jpg,224,225,0.9956,50400,10.64,RGB
Kardus,R_7083.jpg,.jpg,225,225,1.0,50625,5.03,RGB
Kardus,R_7084.jpg,.jpg,389,129,3.0155,50181,10.11,RGB
Kardus,R_7085.jpg,.jpg,246,205,1.2,50430,5.01,RGB
Kardus,R_7086.jpg,.jpg,225,225,1.0,50625,2.77,RGB
Kardus,R_7087.jpg,.jpg,299,169,1.7692,50531,5.91,RGB
Kardus,R_7088.jpg,.jpg,353,143,2.4685,50479,6.08,RGB
Kardus,R_7089.jpg,.jpg,196,257,0.7626,50372,7.93,RGB
Kardus,R_7090.jpg,.jpg,266,190,1.4,50540,9.82,RGB
Kardus,R_7091.jpg,.jpg,225,225,1.0,50625,6.24,RGB
Kardus,R_7092.jpg,.jpg,286,176,1.625,50336,4.87,RGB
Kardus,R_7093.jpg,.jpg,225,225,1.0,50625,2.88,RGB
Kardus,R_7094.jpg,.jpg,225,225,1.0,50625,5.96,RGB
Kardus,R_7095.jpg,.jpg,215,234,0.9188,50310,5.15,RGB
Kardus,R_7097.jpg,.jpg,225,225,1.0,50625,4.66,RGB
Kardus,R_7098.jpg,.jpg,294,171,1.7193,50274,4.16,RGB
Kardus,R_7099.jpg,.jpg,225,225,1.0,50625,4.5,RGB
Kardus,R_7100.jpg,.jpg,225,225,1.0,50625,3.4,RGB
Kardus,R_7101.jpg,.jpg,225,225,1.0,50625,8.02,RGB
Kardus,R_7102.jpg,.jpg,246,205,1.2,50430,2.36,RGB
Kardus,R_7103.jpg,.jpg,258,196,1.3163,50568,2.54,RGB
Kardus,R_7104.jpg,.jpg,207,243,0.8519,50301,9.21,RGB
Kardus,R_7106.jpg,.jpg,275,183,1.5027,50325,3.87,RGB
Kardus,R_7108.jpg,.jpg,275,183,1.5027,50325,4.1,RGB
Kardus,R_7109.jpg,.jpg,291,173,1.6821,50343,6.32,RGB
Kardus,R_7110.jpg,.jpg,225,225,1.0,50625,6.06,RGB
Kardus,R_7112.jpg,.jpg,225,225,1.0,50625,2.9,RGB
Kardus,R_7113.jpg,.jpg,275,183,1.5027,50325,8.88,RGB
Kardus,R_7114.jpg,.jpg,300,168,1.7857,50400,6.55,RGB
Kardus,R_7115.jpg,.jpg,290,174,1.6667,50460,3.99,RGB
Kardus,R_7116.jpg,.jpg,225,225,1.0,50625,6.3,RGB
Kardus,R_7117.jpg,.jpg,248,203,1.2217,50344,4.2,RGB
Kardus,R_7118.jpg,.jpg,486,104,4.6731,50544,9.56,RGB
Kardus,R_7119.jpg,.jpg,225,225,1.0,50625,3.71,RGB
Kardus,R_7121.jpg,.jpg,293,172,1.7035,50396,7.83,RGB
Kardus,R_7122.jpg,.jpg,276,182,1.5165,50232,6.11,RGB
Kardus,R_7123.jpg,.jpg,274,184,1.4891,50416,3.51,RGB
Kardus,R_7124.jpg,.jpg,225,225,1.0,50625,5.0,RGB
Kardus,R_7125.jpg,.jpg,225,225,1.0,50625,3.4,RGB
Kardus,R_7126.jpg,.jpg,200,200,1.0,40000,3.32,RGB
Kardus,R_7127.jpg,.jpg,257,196,1.3112,50372,7.94,RGB
Kardus,R_7128.jpg,.jpg,225,225,1.0,50625,5.01,RGB
Kardus,R_7129.jpg,.jpg,275,183,1.5027,50325,6.03,RGB
Kardus,R_7130.jpg,.jpg,225,225,1.0,50625,5.88,RGB
Kardus,R_7131.jpg,.jpg,225,225,1.0,50625,4.5,RGB
Kardus,R_7132.jpg,.jpg,275,183,1.5027,50325,9.79,RGB
Kardus,R_7133.jpg,.jpg,299,169,1.7692,50531,6.98,RGB
Kardus,R_7134.jpg,.jpg,259,194,1.3351,50246,6.04,RGB
Kardus,R_7135.jpg,.jpg,225,225,1.0,50625,4.32,RGB
Kardus,R_7136.jpg,.jpg,225,225,1.0,50625,6.68,RGB
Kardus,R_7137.jpg,.jpg,225,225,1.0,50625,7.37,RGB
Kardus,R_7138.jpg,.jpg,274,184,1.4891,50416,9.26,RGB
Kardus,R_7139.jpg,.jpg,284,177,1.6045,50268,5.88,RGB
Kardus,R_7140.jpg,.jpg,275,183,1.5027,50325,4.94,RGB
Kardus,R_7141.jpg,.jpg,259,194,1.3351,50246,6.18,RGB
Kardus,R_7143.jpg,.jpg,225,225,1.0,50625,3.97,RGB
Kardus,R_7144.jpg,.jpg,225,225,1.0,50625,10.43,RGB
Kardus,R_7145.jpg,.jpg,225,225,1.0,50625,5.72,RGB
Kardus,R_7148.jpg,.jpg,194,259,0.749,50246,3.71,RGB
Kardus,R_7149.jpg,.jpg,243,208,1.1683,50544,5.1,RGB
Kardus,R_7150.jpg,.jpg,203,248,0.8185,50344,6.05,RGB
Kardus,R_7151.jpg,.jpg,245,205,1.1951,50225,4.36,RGB
Kardus,R_7152.jpg,.jpg,207,243,0.8519,50301,3.82,RGB
Kardus,R_7153.jpg,.jpg,267,189,1.4127,50463,3.25,RGB
Kardus,R_7154.jpg,.jpg,308,164,1.878,50512,8.38,RGB
Kardus,R_7155.jpg,.jpg,374,135,2.7704,50490,4.38,RGB
Kardus,R_7156.jpg,.jpg,225,225,1.0,50625,8.03,RGB
Kardus,R_7158.jpg,.jpg,268,188,1.4255,50384,3.98,RGB
Kardus,R_7159.jpg,.jpg,225,225,1.0,50625,4.15,RGB
Kardus,R_7160.jpg,.jpg,267,189,1.4127,50463,4.63,RGB
Kardus,R_7161.jpg,.jpg,262,192,1.3646,50304,9.96,RGB
Kardus,R_7163.jpg,.jpg,225,225,1.0,50625,5.58,RGB
Kardus,R_7165.jpg,.jpg,225,224,1.0045,50400,14.49,RGB
Kardus,R_7166.jpg,.jpg,249,202,1.2327,50298,8.74,RGB
Kardus,R_7167.jpg,.jpg,224,225,0.9956,50400,7.69,RGB
Kardus,R_7168.jpg,.jpg,266,189,1.4074,50274,4.94,RGB
Kardus,R_7169.jpg,.jpg,225,225,1.0,50625,3.93,RGB
Kardus,R_7171.jpg,.jpg,219,231,0.9481,50589,3.73,RGB
Kardus,R_7172.jpg,.jpg,167,302,0.553,50434,1.18,RGB
Kardus,R_7173.jpg,.jpg,275,183,1.5027,50325,6.46,RGB
Kardus,R_7174.jpg,.jpg,225,225,1.0,50625,4.31,RGB
Kardus,R_7175.jpg,.jpg,200,200,1.0,40000,5.87,RGB
Kardus,R_7176.jpg,.jpg,225,225,1.0,50625,4.91,RGB
Kardus,R_7177.jpg,.jpg,290,174,1.6667,50460,6.97,RGB
Kardus,R_7178.jpg,.jpg,225,225,1.0,50625,6.83,RGB
Kardus,R_7179.jpg,.jpg,275,183,1.5027,50325,5.85,RGB
Kardus,R_7180.jpg,.jpg,275,183,1.5027,50325,7.93,RGB
Kardus,R_7182.jpg,.jpg,275,183,1.5027,50325,6.27,RGB
Kardus,R_7183.jpg,.jpg,213,236,0.9025,50268,5.84,RGB
Kardus,R_7184.jpg,.jpg,243,207,1.1739,50301,8.64,RGB
Kardus,R_7185.jpg,.jpg,294,171,1.7193,50274,12.23,RGB
Kardus,R_7186.jpg,.jpg,267,189,1.4127,50463,6.69,RGB
Kardus,R_7187.jpg,.jpg,262,192,1.3646,50304,9.58,RGB
Kardus,R_7188.jpg,.jpg,386,130,2.9692,50180,5.34,RGB
Kardus,R_7189.jpg,.jpg,225,225,1.0,50625,5.9,RGB
Kardus,R_7190.jpg,.jpg,250,136,1.8382,34000,5.78,RGB
Kardus,R_7191.jpg,.jpg,221,229,0.9651,50609,8.61,RGB
Kardus,R_7192.jpg,.jpg,275,183,1.5027,50325,6.48,RGB
Kardus,R_7193.jpg,.jpg,299,169,1.7692,50531,8.9,RGB
Kardus,R_7194.jpg,.jpg,225,225,1.0,50625,4.97,RGB
Kardus,R_7195.jpg,.jpg,386,130,2.9692,50180,5.73,RGB
Kardus,R_7196.jpg,.jpg,334,151,2.2119,50434,4.44,RGB
Kardus,R_7197.jpg,.jpg,234,216,1.0833,50544,11.22,RGB
Kardus,R_7198.jpg,.jpg,225,225,1.0,50625,7.67,RGB
Kardus,R_7199.jpg,.jpg,200,252,0.7937,50400,9.34,RGB
Kardus,R_7200.jpg,.jpg,252,200,1.26,50400,3.92,RGB
Kardus,R_7201.jpg,.jpg,225,225,1.0,50625,6.07,RGB
Kardus,R_7202.jpg,.jpg,275,183,1.5027,50325,4.83,RGB
Kardus,R_7203.jpg,.jpg,200,200,1.0,40000,3.29,RGB
Kardus,R_7204.jpg,.jpg,269,187,1.4385,50303,6.83,RGB
Kardus,R_7205.jpg,.jpg,259,194,1.3351,50246,6.85,RGB
Kardus,R_7206.jpg,.jpg,187,250,0.748,46750,6.45,RGB
Kardus,R_7207.jpg,.jpg,290,174,1.6667,50460,8.46,RGB
Kardus,R_7208.jpg,.jpg,289,174,1.6609,50286,4.36,RGB
Kardus,R_7209.jpg,.jpg,225,225,1.0,50625,4.95,RGB
Kardus,R_7210.jpg,.jpg,328,154,2.1299,50512,8.38,RGB
Kardus,R_7211.jpg,.jpg,263,192,1.3698,50496,5.0,RGB
Kardus,R_7212.jpg,.jpg,299,169,1.7692,50531,7.33,RGB
Kardus,R_7213.jpg,.jpg,197,256,0.7695,50432,10.59,RGB
Kardus,R_7214.jpg,.jpg,259,194,1.3351,50246,7.55,RGB
Kardus,R_7215.jpg,.jpg,370,136,2.7206,50320,4.65,RGB
Kardus,R_7216.jpg,.jpg,299,168,1.7798,50232,12.48,RGB
Kardus,R_7217.jpg,.jpg,225,225,1.0,50625,7.46,RGB
Kardus,R_7218.jpg,.jpg,290,174,1.6667,50460,8.66,RGB
Kardus,R_7219.jpg,.jpg,266,189,1.4074,50274,4.61,RGB
Kardus,R_7220.jpg,.jpg,259,194,1.3351,50246,3.13,RGB
Kardus,R_7221.jpg,.jpg,309,163,1.8957,50367,6.79,RGB
Kardus,R_7222.jpg,.jpg,334,151,2.2119,50434,14.45,RGB
Kardus,R_7223.jpg,.jpg,384,131,2.9313,50304,7.9,RGB
Kardus,R_7224.jpg,.jpg,275,183,1.5027,50325,4.54,RGB
Kardus,R_7225.jpg,.jpg,242,208,1.1635,50336,6.19,RGB
Kardus,R_7229.jpg,.jpg,225,225,1.0,50625,7.26,RGB
Kardus,R_7230.jpg,.jpg,208,242,0.8595,50336,6.03,RGB
Kardus,R_7231.jpg,.jpg,225,225,1.0,50625,3.05,RGB
Kardus,R_7232.jpg,.jpg,256,197,1.2995,50432,5.99,RGB
Kardus,R_7233.jpg,.jpg,263,191,1.377,50233,3.84,RGB
Kertas,R_2848.jpg,.jpg,275,183,1.5027,50325,15.25,RGB
Kertas,R_2849.jpg,.jpg,200,252,0.7937,50400,13.56,RGB
Kertas,R_2850.jpg,.jpg,225,225,1.0,50625,13.11,RGB
Kertas,R_2851.jpg,.jpg,225,225,1.0,50625,10.22,RGB
Kertas,R_2852.jpg,.jpg,225,225,1.0,50625,10.54,RGB
Kertas,R_2853.jpg,.jpg,259,194,1.3351,50246,12.55,RGB
Kertas,R_2854.jpg,.jpg,285,177,1.6102,50445,11.48,RGB
Kertas,R_2855.jpg,.jpg,284,177,1.6045,50268,9.25,RGB
Kertas,R_2856.jpg,.jpg,170,240,0.7083,40800,14.04,RGB
Kertas,R_2857.jpg,.jpg,300,168,1.7857,50400,15.67,RGB
Kertas,R_2858.jpg,.jpg,194,259,0.749,50246,11.74,RGB
Kertas,R_2859.jpg,.jpg,300,168,1.7857,50400,6.42,RGB
Kertas,R_2860.jpg,.jpg,252,200,1.26,50400,12.46,RGB
Kertas,R_2861.jpg,.jpg,249,202,1.2327,50298,5.47,RGB
Kertas,R_2862.jpg,.jpg,254,199,1.2764,50546,13.85,RGB
Kertas,R_2863.jpg,.jpg,314,161,1.9503,50554,15.66,RGB
Kertas,R_2864.jpg,.jpg,274,184,1.4891,50416,15.15,RGB
Kertas,R_2865.jpg,.jpg,318,159,2.0,50562,11.93,RGB
Kertas,R_2866.jpg,.jpg,277,182,1.522,50414,13.82,RGB
Kertas,R_2867.jpg,.jpg,183,275,0.6655,50325,16.13,RGB
Kertas,R_2868.jpg,.jpg,199,254,0.7835,50546,17.16,RGB
Kertas,R_2869.jpg,.jpg,230,219,1.0502,50370,12.05,RGB
Kertas,R_2870.jpg,.jpg,275,183,1.5027,50325,9.85,RGB
Kertas,R_2871.jpg,.jpg,282,179,1.5754,50478,10.81,RGB
Kertas,R_2872.jpg,.jpg,300,168,1.7857,50400,12.54,RGB
Kertas,R_2873.jpg,.jpg,225,225,1.0,50625,9.32,RGB
Kertas,R_2874.jpg,.jpg,225,225,1.0,50625,7.88,RGB
Kertas,R_2875.jpg,.jpg,270,186,1.4516,50220,6.99,RGB
Kertas,R_2876.jpg,.jpg,247,204,1.2108,50388,13.28,RGB
Kertas,R_2877.jpg,.jpg,198,254,0.7795,50292,13.91,RGB
Kertas,R_2878.jpg,.jpg,200,252,0.7937,50400,16.72,RGB
Kertas,R_2879.jpg,.jpg,276,183,1.5082,50508,12.88,RGB
Kertas,R_2880.jpg,.jpg,284,177,1.6045,50268,18.25,RGB
Kertas,R_2881.jpg,.jpg,256,197,1.2995,50432,11.81,RGB
Kertas,R_2882.jpg,.jpg,259,194,1.3351,50246,6.77,RGB
Kertas,R_2883.jpg,.jpg,259,194,1.3351,50246,10.96,RGB
Kertas,R_2884.jpg,.jpg,299,168,1.7798,50232,6.83,RGB
Kertas,R_2885.jpg,.jpg,275,183,1.5027,50325,10.59,RGB
Kertas,R_2886.jpg,.jpg,248,203,1.2217,50344,9.56,RGB
Kertas,R_2887.jpg,.jpg,240,210,1.1429,50400,5.86,RGB
Kertas,R_2888.jpg,.jpg,274,184,1.4891,50416,15.93,RGB
Kertas,R_2889.jpg,.jpg,286,176,1.625,50336,9.3,RGB
Kertas,R_2890.jpg,.jpg,302,167,1.8084,50434,12.09,RGB
Kertas,R_2891.jpg,.jpg,267,189,1.4127,50463,13.24,RGB
Kertas,R_2892.jpg,.jpg,259,194,1.3351,50246,13.25,RGB
Kertas,R_2893.jpg,.jpg,304,166,1.8313,50464,14.9,RGB
Kertas,R_2894.jpg,.jpg,225,225,1.0,50625,12.57,RGB
Kertas,R_2895.jpg,.jpg,239,211,1.1327,50429,10.6,RGB
Kertas,R_2896.jpg,.jpg,259,194,1.3351,50246,7.14,RGB
Kertas,R_2897.jpg,.jpg,273,185,1.4757,50505,16.5,RGB
Kertas,R_2898.jpg,.jpg,300,168,1.7857,50400,16.25,RGB
Kertas,R_2899.jpg,.jpg,336,150,2.24,50400,9.42,RGB
Kertas,R_2900.jpg,.jpg,266,190,1.4,50540,11.34,RGB
Kertas,R_2901.jpg,.jpg,275,183,1.5027,50325,4.94,RGB
Kertas,R_2902.jpg,.jpg,219,230,0.9522,50370,17.25,RGB
Kertas,R_2903.jpg,.jpg,275,183,1.5027,50325,9.95,RGB
Kertas,R_2904.jpg,.jpg,284,178,1.5955,50552,16.16,RGB
Kertas,R_2905.jpg,.jpg,225,225,1.0,50625,12.11,RGB
Kertas,R_2906.jpg,.jpg,291,173,1.6821,50343,7.23,RGB
Kertas,R_2907.jpg,.jpg,250,202,1.2376,50500,9.22,RGB
Kertas,R_2908.jpg,.jpg,318,159,2.0,50562,6.05,RGB
Kertas,R_2909.jpg,.jpg,310,163,1.9018,50530,10.79,RGB
Kertas,R_2910.jpg,.jpg,181,279,0.6487,50499,15.6,RGB
Kertas,R_2911.jpg,.jpg,201,250,0.804,50250,13.21,RGB
Kertas,R_2912.jpg,.jpg,279,181,1.5414,50499,15.11,RGB
Kertas,R_2913.jpg,.jpg,300,168,1.7857,50400,16.9,RGB
Kertas,R_2914.jpg,.jpg,240,210,1.1429,50400,10.27,RGB
Kertas,R_2915.jpg,.jpg,199,253,0.7866,50347,15.08,RGB
Kertas,R_2916.jpg,.jpg,276,183,1.5082,50508,5.26,RGB
Kertas,R_2917.jpg,.jpg,308,163,1.8896,50204,7.41,RGB
Kertas,R_2918.jpg,.jpg,259,194,1.3351,50246,12.36,RGB
Kertas,R_2919.jpg,.jpg,275,183,1.5027,50325,12.28,RGB
Kertas,R_2920.jpg,.jpg,300,168,1.7857,50400,9.03,RGB
Kertas,R_2921.jpg,.jpg,276,183,1.5082,50508,12.24,RGB
Kertas,R_2922.jpg,.jpg,311,162,1.9198,50382,17.67,RGB
Kertas,R_2923.jpg,.jpg,301,167,1.8024,50267,14.68,RGB
Kertas,R_2924.jpg,.jpg,183,276,0.663,50508,18.8,RGB
Kertas,R_2925.jpg,.jpg,275,183,1.5027,50325,4.31,RGB
Kertas,R_2926.jpg,.jpg,225,225,1.0,50625,15.26,RGB
Kertas,R_2927.jpg,.jpg,261,193,1.3523,50373,13.97,RGB
Kertas,R_2928.jpg,.jpg,268,188,1.4255,50384,17.34,RGB
Kertas,R_2929.jpg,.jpg,314,161,1.9503,50554,14.44,RGB
Kertas,R_2930.jpg,.jpg,254,198,1.2828,50292,12.13,RGB
Kertas,R_2931.jpg,.jpg,267,189,1.4127,50463,14.58,RGB
Kertas,R_2932.jpg,.jpg,259,194,1.3351,50246,12.06,RGB
Kertas,R_2933.jpg,.jpg,310,162,1.9136,50220,11.85,RGB
Kertas,R_2934.jpg,.jpg,259,195,1.3282,50505,8.5,RGB
Kertas,R_2935.jpg,.jpg,311,162,1.9198,50382,5.98,RGB
Kertas,R_2936.jpg,.jpg,279,180,1.55,50220,14.63,RGB
Kertas,R_2937.jpg,.jpg,200,253,0.7905,50600,12.28,RGB
Kertas,R_2938.jpg,.jpg,267,189,1.4127,50463,13.56,RGB
Kertas,R_2939.jpg,.jpg,279,180,1.55,50220,12.21,RGB
Kertas,R_2940.jpg,.jpg,292,172,1.6977,50224,14.96,RGB
Kertas,R_2941.jpg,.jpg,187,270,0.6926,50490,15.3,RGB
Kertas,R_2942.jpg,.jpg,234,216,1.0833,50544,17.0,RGB
Kertas,R_2943.jpg,.jpg,206,245,0.8408,50470,8.59,RGB
Kertas,R_2944.jpg,.jpg,240,210,1.1429,50400,5.12,RGB
Kertas,R_2945.jpg,.jpg,259,194,1.3351,50246,11.24,RGB
Kertas,R_2946.jpg,.jpg,344,146,2.3562,50224,17.34,RGB
Kertas,R_2947.jpg,.jpg,275,183,1.5027,50325,14.71,RGB
Kertas,R_2948.jpg,.jpg,342,147,2.3265,50274,10.33,RGB
Kertas,R_2949.jpg,.jpg,275,183,1.5027,50325,14.15,RGB
Kertas,R_2950.jpg,.jpg,236,214,1.1028,50504,14.42,RGB
Kertas,R_2951.jpg,.jpg,311,162,1.9198,50382,6.51,RGB
Kertas,R_2952.jpg,.jpg,247,204,1.2108,50388,7.33,RGB
Kertas,R_2953.jpg,.jpg,274,184,1.4891,50416,11.79,RGB
Kertas,R_2954.jpg,.jpg,259,194,1.3351,50246,6.7,RGB
Kertas,R_2955.jpg,.jpg,259,194,1.3351,50246,15.51,RGB
Kertas,R_2956.jpg,.jpg,300,168,1.7857,50400,14.16,RGB
Kertas,R_2957.jpg,.jpg,275,183,1.5027,50325,14.75,RGB
Kertas,R_2958.jpg,.jpg,265,190,1.3947,50350,7.79,RGB
Kertas,R_2959.jpg,.jpg,259,195,1.3282,50505,8.43,RGB
Kertas,R_2960.jpg,.jpg,180,281,0.6406,50580,17.47,RGB
Kertas,R_2961.jpg,.jpg,256,197,1.2995,50432,14.3,RGB
Kertas,R_2962.jpg,.jpg,284,177,1.6045,50268,7.56,RGB
Kertas,R_2963.jpg,.jpg,216,233,0.927,50328,14.19,RGB
Kertas,R_2964.jpg,.jpg,193,261,0.7395,50373,15.89,RGB
Kertas,R_2965.jpg,.jpg,283,178,1.5899,50374,14.01,RGB
Kertas,R_2966.jpg,.jpg,189,267,0.7079,50463,11.43,RGB
Kertas,R_2967.jpg,.jpg,301,167,1.8024,50267,25.1,RGB
Kertas,R_2968.jpg,.jpg,259,194,1.3351,50246,11.94,RGB
Kertas,R_2969.jpg,.jpg,180,280,0.6429,50400,14.95,RGB
Kertas,R_2970.jpg,.jpg,185,273,0.6777,50505,8.63,RGB
Kertas,R_2971.jpg,.jpg,222,227,0.978,50394,11.51,RGB
Kertas,R_2972.jpg,.jpg,186,271,0.6863,50406,13.91,RGB
Kertas,R_2973.jpg,.jpg,267,189,1.4127,50463,12.46,RGB
Kertas,R_2974.jpg,.jpg,300,168,1.7857,50400,13.67,RGB
Kertas,R_2975.jpg,.jpg,259,194,1.3351,50246,8.56,RGB
Kertas,R_2976.jpg,.jpg,206,245,0.8408,50470,8.33,RGB
Kertas,R_2977.jpg,.jpg,225,225,1.0,50625,6.9,RGB
Kertas,R_2978.jpg,.jpg,252,200,1.26,50400,10.39,RGB
Kertas,R_2979.jpg,.jpg,308,164,1.878,50512,14.95,RGB
Kertas,R_2980.jpg,.jpg,365,138,2.6449,50370,6.31,RGB
Kertas,R_2981.jpg,.jpg,193,261,0.7395,50373,13.71,RGB
Kertas,R_2982.jpg,.jpg,308,163,1.8896,50204,7.1,RGB
Kertas,R_2983.jpg,.jpg,194,260,0.7462,50440,11.95,RGB
Kertas,R_2984.jpg,.jpg,261,193,1.3523,50373,7.87,RGB
Kertas,R_2985.jpg,.jpg,201,250,0.804,50250,14.91,RGB
Kertas,R_2986.jpg,.jpg,300,168,1.7857,50400,17.34,RGB
Kertas,R_2987.jpg,.jpg,295,171,1.7251,50445,9.22,RGB
Kertas,R_2988.jpg,.jpg,253,199,1.2714,50347,10.62,RGB
Kertas,R_2989.jpg,.jpg,275,183,1.5027,50325,18.01,RGB
Kertas,R_2990.jpg,.jpg,181,279,0.6487,50499,14.12,RGB
Kertas,R_2991.jpg,.jpg,191,264,0.7235,50424,13.91,RGB
Kertas,R_2992.jpg,.jpg,195,259,0.7529,50505,11.57,RGB
Kertas,R_2993.jpg,.jpg,259,194,1.3351,50246,8.0,RGB
Kertas,R_2994.jpg,.jpg,293,172,1.7035,50396,14.85,RGB
Kertas,R_2995.jpg,.jpg,185,273,0.6777,50505,11.07,RGB
Kertas,R_2996.jpg,.jpg,246,205,1.2,50430,13.73,RGB
Kertas,R_2997.jpg,.jpg,284,177,1.6045,50268,12.71,RGB
Kertas,R_2998.jpg,.jpg,218,232,0.9397,50576,12.88,RGB
Kertas,R_2999.jpg,.jpg,225,225,1.0,50625,9.87,RGB
Kertas,R_3000.jpg,.jpg,200,252,0.7937,50400,9.55,RGB
Kertas,R_3001.jpg,.jpg,225,225,1.0,50625,7.65,RGB
Kertas,R_3002.jpg,.jpg,300,168,1.7857,50400,16.36,RGB
Kertas,R_3003.jpg,.jpg,225,225,1.0,50625,13.66,RGB
Kertas,R_3004.jpg,.jpg,178,283,0.629,50374,13.9,RGB
Kertas,R_3005.jpg,.jpg,225,225,1.0,50625,6.92,RGB
Kertas,R_3006.jpg,.jpg,309,163,1.8957,50367,7.14,RGB
Kertas,R_3007.jpg,.jpg,191,264,0.7235,50424,17.33,RGB
Kertas,R_3008.jpg,.jpg,290,174,1.6667,50460,6.93,RGB
Kertas,R_3009.jpg,.jpg,255,198,1.2879,50490,9.73,RGB
Kertas,R_3010.jpg,.jpg,193,262,0.7366,50566,8.64,RGB
Kertas,R_3011.jpg,.jpg,323,156,2.0705,50388,11.27,RGB
Kertas,R_3012.jpg,.jpg,299,168,1.7798,50232,13.52,RGB
Kertas,R_3013.jpg,.jpg,283,178,1.5899,50374,7.72,RGB
Kertas,R_3014.jpg,.jpg,214,236,0.9068,50504,7.19,RGB
Kertas,R_3015.jpg,.jpg,205,246,0.8333,50430,12.68,RGB
Kertas,R_3016.jpg,.jpg,238,211,1.128,50218,8.59,RGB
Kertas,R_3017.jpg,.jpg,490,103,4.7573,50470,14.33,RGB
Kertas,R_3018.jpg,.jpg,277,182,1.522,50414,9.51,RGB
Kertas,R_3019.jpg,.jpg,274,184,1.4891,50416,9.86,RGB
Kertas,R_3020.jpg,.jpg,241,209,1.1531,50369,17.1,RGB
Kertas,R_3021.jpg,.jpg,310,162,1.9136,50220,17.53,RGB
Kertas,R_3022.jpg,.jpg,191,264,0.7235,50424,13.08,RGB
Kertas,R_3023.jpg,.jpg,318,159,2.0,50562,10.29,RGB
Kertas,R_3024.jpg,.jpg,178,283,0.629,50374,15.28,RGB
Kertas,R_3025.jpg,.jpg,225,225,1.0,50625,8.54,RGB
Kertas,R_3026.jpg,.jpg,244,207,1.1787,50508,8.67,RGB
Kertas,R_3027.jpg,.jpg,271,186,1.457,50406,9.32,RGB
Kertas,R_3028.jpg,.jpg,188,268,0.7015,50384,10.09,RGB
Kertas,R_3029.jpg,.jpg,225,225,1.0,50625,17.49,RGB
Kertas,R_3030.jpg,.jpg,259,194,1.3351,50246,24.94,RGB
Kertas,R_3031.jpg,.jpg,186,270,0.6889,50220,12.65,RGB
Kertas,R_3032.jpg,.jpg,180,281,0.6406,50580,17.47,RGB
Kertas,R_3033.jpg,.jpg,180,280,0.6429,50400,15.66,RGB
Kertas,R_3034.jpg,.jpg,266,190,1.4,50540,9.74,RGB
Kertas,R_3035.jpg,.jpg,273,184,1.4837,50232,8.4,RGB
Kertas,R_3036.jpg,.jpg,186,271,0.6863,50406,17.23,RGB
Kertas,R_3037.jpg,.jpg,188,268,0.7015,50384,14.6,RGB
Kertas,R_3038.jpg,.jpg,191,265,0.7208,50615,20.03,RGB
Kertas,R_3039.jpg,.jpg,197,256,0.7695,50432,13.39,RGB
Kertas,R_3040.jpg,.jpg,225,225,1.0,50625,16.92,RGB
Kertas,R_3041.jpg,.jpg,175,287,0.6098,50225,16.68,RGB
Kertas,R_3042.jpg,.jpg,287,175,1.64,50225,10.28,RGB
Kertas,R_3043.jpg,.jpg,259,194,1.3351,50246,15.42,RGB
Kertas,R_3044.jpg,.jpg,237,213,1.1127,50481,9.64,RGB
Kertas,R_3045.jpg,.jpg,176,286,0.6154,50336,14.95,RGB
Kertas,R_3046.jpg,.jpg,302,167,1.8084,50434,12.35,RGB
Kertas,R_3047.jpg,.jpg,259,194,1.3351,50246,7.64,RGB
Kertas,R_3048.jpg,.jpg,318,159,2.0,50562,13.54,RGB
Kertas,R_3049.jpg,.jpg,290,174,1.6667,50460,10.24,RGB
Kertas,R_3050.jpg,.jpg,225,225,1.0,50625,13.74,RGB
Kertas,R_3051.jpg,.jpg,270,186,1.4516,50220,6.49,RGB
Kertas,R_3052.jpg,.jpg,225,225,1.0,50625,4.94,RGB
Kertas,R_3053.jpg,.jpg,162,312,0.5192,50544,14.99,RGB
Kertas,R_3054.jpg,.jpg,263,191,1.377,50233,15.17,RGB
Kertas,R_3055.jpg,.jpg,314,161,1.9503,50554,14.02,RGB
Kertas,R_3056.jpg,.jpg,180,281,0.6406,50580,16.5,RGB
Kertas,R_3057.jpg,.jpg,188,268,0.7015,50384,17.78,RGB
Kertas,R_3058.jpg,.jpg,241,209,1.1531,50369,9.53,RGB
Kertas,R_3059.jpg,.jpg,176,287,0.6132,50512,17.64,RGB
Kertas,R_3060.jpg,.jpg,194,259,0.749,50246,12.11,RGB
Kertas,R_3061.jpg,.jpg,299,168,1.7798,50232,6.02,RGB
Kertas,R_3062.jpg,.jpg,274,184,1.4891,50416,12.76,RGB
Kertas,R_3063.jpg,.jpg,252,200,1.26,50400,10.81,RGB
Kertas,R_3064.jpg,.jpg,186,271,0.6863,50406,14.09,RGB
Kertas,R_3065.jpg,.jpg,180,280,0.6429,50400,15.1,RGB
Kertas,R_3066.jpg,.jpg,225,225,1.0,50625,9.9,RGB
Kertas,R_3067.jpg,.jpg,259,194,1.3351,50246,12.35,RGB
Kertas,R_3068.jpg,.jpg,262,193,1.3575,50566,3.44,RGB
Kertas,R_3069.jpg,.jpg,280,180,1.5556,50400,8.29,RGB
Kertas,R_3070.jpg,.jpg,255,198,1.2879,50490,9.19,RGB
Kertas,R_3071.jpg,.jpg,258,195,1.3231,50310,13.99,RGB
Kertas,R_3072.jpg,.jpg,178,283,0.629,50374,14.97,RGB
Kertas,R_3073.jpg,.jpg,279,181,1.5414,50499,9.35,RGB
Kertas,R_3074.jpg,.jpg,261,193,1.3523,50373,4.65,RGB
Kertas,R_3075.jpg,.jpg,225,225,1.0,50625,16.46,RGB
Kertas,R_3076.jpg,.jpg,251,201,1.2488,50451,13.68,RGB
Kertas,R_3077.jpg,.jpg,180,280,0.6429,50400,12.34,RGB
Kertas,R_3078.jpg,.jpg,191,264,0.7235,50424,8.29,RGB
Kertas,R_3079.jpg,.jpg,246,205,1.2,50430,15.66,RGB
Kertas,R_3080.jpg,.jpg,266,189,1.4074,50274,12.12,RGB
Kertas,R_3081.jpg,.jpg,189,267,0.7079,50463,12.21,RGB
Kertas,R_3082.jpg,.jpg,196,257,0.7626,50372,16.22,RGB
Kertas,R_3083.jpg,.jpg,204,247,0.8259,50388,9.42,RGB
Kertas,R_3084.jpg,.jpg,299,168,1.7798,50232,11.87,RGB
Kertas,R_3085.jpg,.jpg,180,281,0.6406,50580,13.24,RGB
Kertas,R_3086.jpg,.jpg,225,225,1.0,50625,6.65,RGB
Kertas,R_3087.jpg,.jpg,275,183,1.5027,50325,6.43,RGB
Kertas,R_3088.jpg,.jpg,296,170,1.7412,50320,4.33,RGB
Kertas,R_3089.jpg,.jpg,262,177,1.4802,46374,13.97,RGB
Kertas,R_3090.jpg,.jpg,198,255,0.7765,50490,14.81,RGB
Kertas,R_3091.jpg,.jpg,266,189,1.4074,50274,6.91,RGB
Kertas,R_3092.jpg,.jpg,275,183,1.5027,50325,16.13,RGB
Kertas,R_3093.jpg,.jpg,180,280,0.6429,50400,12.43,RGB
Kertas,R_3094.jpg,.jpg,268,188,1.4255,50384,13.53,RGB
Kertas,R_3095.jpg,.jpg,253,199,1.2714,50347,10.98,RGB
Kertas,R_3096.jpg,.jpg,268,188,1.4255,50384,7.13,RGB
Kertas,R_3097.jpg,.jpg,225,225,1.0,50625,18.86,RGB
Kertas,R_3098.jpg,.jpg,194,260,0.7462,50440,13.43,RGB
Kertas,R_3099.jpg,.jpg,160,225,0.7111,36000,10.0,RGB
Kertas,R_3100.jpg,.jpg,177,285,0.6211,50445,15.99,RGB
Kertas,R_3101.jpg,.jpg,259,194,1.3351,50246,7.88,RGB
Kertas,R_3102.jpg,.jpg,275,183,1.5027,50325,2.88,RGB
Kertas,R_3103.jpg,.jpg,271,186,1.457,50406,13.99,RGB
Kertas,R_3104.jpg,.jpg,275,183,1.5027,50325,13.46,RGB
Kertas,R_3105.jpg,.jpg,268,188,1.4255,50384,4.75,RGB
Kertas,R_3106.jpg,.jpg,203,249,0.8153,50547,13.56,RGB
Kertas,R_3107.jpg,.jpg,206,245,0.8408,50470,15.48,RGB
Kertas,R_3108.jpg,.jpg,251,201,1.2488,50451,14.52,RGB
Kertas,R_3109.jpg,.jpg,310,163,1.9018,50530,11.09,RGB
Kertas,R_3110.jpg,.jpg,180,281,0.6406,50580,17.24,RGB
Kertas,R_3111.jpg,.jpg,275,183,1.5027,50325,10.69,RGB
Kertas,R_3112.jpg,.jpg,297,170,1.7471,50490,12.22,RGB
Kertas,R_3113.jpg,.jpg,189,267,0.7079,50463,4.56,RGB
Kertas,R_3114.jpg,.jpg,189,266,0.7105,50274,16.04,RGB
Kertas,R_3115.jpg,.jpg,197,256,0.7695,50432,16.84,RGB
Kertas,R_3116.jpg,.jpg,266,190,1.4,50540,16.12,RGB
Kertas,R_3117.jpg,.jpg,176,287,0.6132,50512,16.65,RGB
Kertas,R_3118.jpg,.jpg,205,246,0.8333,50430,9.55,RGB
Kertas,R_3119.jpg,.jpg,180,281,0.6406,50580,14.63,RGB
Kertas,R_3120.jpg,.jpg,225,225,1.0,50625,15.57,RGB
Kertas,R_3121.jpg,.jpg,225,225,1.0,50625,13.42,RGB
Kertas,R_3122.jpg,.jpg,367,137,2.6788,50279,11.58,RGB
Kertas,R_3123.jpg,.jpg,260,193,1.3472,50180,12.48,RGB
Kertas,R_3124.jpg,.jpg,275,183,1.5027,50325,9.19,RGB
Kertas,R_3125.jpg,.jpg,253,199,1.2714,50347,12.66,RGB
Kertas,R_3126.jpg,.jpg,224,225,0.9956,50400,16.61,RGB
Kertas,R_3127.jpg,.jpg,232,217,1.0691,50344,11.67,RGB
Kertas,R_3128.jpg,.jpg,276,182,1.5165,50232,11.63,RGB
Kertas,R_3129.jpg,.jpg,300,168,1.7857,50400,12.11,RGB
Kertas,R_3130.jpg,.jpg,180,281,0.6406,50580,16.57,RGB
Kertas,R_3131.jpg,.jpg,225,225,1.0,50625,10.91,RGB
Kertas,R_3132.jpg,.jpg,275,183,1.5027,50325,16.69,RGB
Kertas,R_3133.jpg,.jpg,220,229,0.9607,50380,13.74,RGB
Kertas,R_3134.jpg,.jpg,193,262,0.7366,50566,9.21,RGB
Kertas,R_3135.jpg,.jpg,275,183,1.5027,50325,15.04,RGB
Kertas,R_3136.jpg,.jpg,185,273,0.6777,50505,10.53,RGB
Kertas,R_3137.jpg,.jpg,180,280,0.6429,50400,13.41,RGB
Kertas,R_3138.jpg,.jpg,232,217,1.0691,50344,7.72,RGB
Kertas,R_3139.jpg,.jpg,180,280,0.6429,50400,16.07,RGB
Kertas,R_3140.jpg,.jpg,320,158,2.0253,50560,10.48,RGB
Kertas,R_3141.jpg,.jpg,199,254,0.7835,50546,15.73,RGB
Kertas,R_3142.jpg,.jpg,180,281,0.6406,50580,17.26,RGB
Kertas,R_3143.jpg,.jpg,245,205,1.1951,50225,12.52,RGB
Kertas,R_3144.jpg,.jpg,322,156,2.0641,50232,10.46,RGB
Kertas,R_3145.jpg,.jpg,276,183,1.5082,50508,3.69,RGB
Kertas,R_3146.jpg,.jpg,195,259,0.7529,50505,14.28,RGB
Kertas,R_3147.jpg,.jpg,231,218,1.0596,50358,5.14,RGB
Kertas,R_3148.jpg,.jpg,225,225,1.0,50625,8.28,RGB
Kertas,R_3149.jpg,.jpg,199,253,0.7866,50347,13.87,RGB
Kertas,R_3150.jpg,.jpg,278,182,1.5275,50596,4.62,RGB
Kertas,R_3151.jpg,.jpg,297,170,1.7471,50490,14.79,RGB
Kertas,R_3152.jpg,.jpg,336,150,2.24,50400,7.98,RGB
Kertas,R_3153.jpg,.jpg,300,168,1.7857,50400,9.05,RGB
Kertas,R_3154.jpg,.jpg,240,210,1.1429,50400,3.75,RGB
Kertas,R_3155.jpg,.jpg,270,187,1.4439,50490,17.83,RGB
Kertas,R_3156.jpg,.jpg,180,280,0.6429,50400,15.27,RGB
Kertas,R_3157.jpg,.jpg,275,183,1.5027,50325,9.49,RGB
Kertas,R_3158.jpg,.jpg,234,215,1.0884,50310,13.75,RGB
Kertas,R_3159.jpg,.jpg,263,191,1.377,50233,8.48,RGB
Kertas,R_3160.jpg,.jpg,251,201,1.2488,50451,7.51,RGB
Kertas,R_3161.jpg,.jpg,180,280,0.6429,50400,12.43,RGB
Kertas,R_3162.jpg,.jpg,180,280,0.6429,50400,13.9,RGB
Kertas,R_3163.jpg,.jpg,225,225,1.0,50625,17.69,RGB
Kertas,R_3164.jpg,.jpg,215,234,0.9188,50310,14.94,RGB
Kertas,R_3165.jpg,.jpg,275,183,1.5027,50325,12.16,RGB
Kertas,R_3166.jpg,.jpg,180,280,0.6429,50400,15.25,RGB
Kertas,R_3167.jpg,.jpg,225,225,1.0,50625,7.94,RGB
Kertas,R_3168.jpg,.jpg,178,283,0.629,50374,15.8,RGB
Kertas,R_3169.jpg,.jpg,285,177,1.6102,50445,13.62,RGB
Kertas,R_3170.jpg,.jpg,179,282,0.6348,50478,10.39,RGB
Kertas,R_3171.jpg,.jpg,236,214,1.1028,50504,10.56,RGB
Kertas,R_3172.jpg,.jpg,215,234,0.9188,50310,12.03,RGB
Kertas,R_3173.jpg,.jpg,180,280,0.6429,50400,16.68,RGB
Kertas,R_3174.jpg,.jpg,220,208,1.0577,45760,10.12,RGB
Kertas,R_3175.jpg,.jpg,180,281,0.6406,50580,17.36,RGB
Kertas,R_3176.jpg,.jpg,190,265,0.717,50350,9.87,RGB
Kertas,R_3177.jpg,.jpg,273,185,1.4757,50505,13.37,RGB
Kertas,R_3178.jpg,.jpg,282,178,1.5843,50196,8.62,RGB
Kertas,R_3179.jpg,.jpg,180,281,0.6406,50580,16.85,RGB
Kertas,R_3180.jpg,.jpg,189,266,0.7105,50274,8.89,RGB
Kertas,R_3181.jpg,.jpg,180,280,0.6429,50400,14.87,RGB
Kertas,R_3182.jpg,.jpg,259,194,1.3351,50246,14.18,RGB
Kertas,R_3183.jpg,.jpg,180,280,0.6429,50400,16.52,RGB
Kertas,R_3184.jpg,.jpg,180,280,0.6429,50400,15.53,RGB
Kertas,R_3185.jpg,.jpg,225,225,1.0,50625,17.49,RGB
Kertas,R_3186.jpg,.jpg,271,186,1.457,50406,10.32,RGB
Kertas,R_3187.jpg,.jpg,180,280,0.6429,50400,13.69,RGB
Kertas,R_3188.jpg,.jpg,180,281,0.6406,50580,16.89,RGB
Kertas,R_3189.jpg,.jpg,180,280,0.6429,50400,14.73,RGB
Kertas,R_3190.jpg,.jpg,180,280,0.6429,50400,14.95,RGB
Kertas,R_3191.jpg,.jpg,266,189,1.4074,50274,12.03,RGB
Kertas,R_3192.jpg,.jpg,180,281,0.6406,50580,16.8,RGB
Kertas,R_3193.jpg,.jpg,296,170,1.7412,50320,9.8,RGB
Kertas,R_3194.jpg,.jpg,180,280,0.6429,50400,15.09,RGB
Kertas,R_3195.jpg,.jpg,180,281,0.6406,50580,18.2,RGB
Kertas,R_3196.jpg,.jpg,180,281,0.6406,50580,16.85,RGB
Kertas,R_3197.jpg,.jpg,265,190,1.3947,50350,12.79,RGB
Kertas,R_3198.jpg,.jpg,180,281,0.6406,50580,15.0,RGB
Kertas,R_3199.jpg,.jpg,241,209,1.1531,50369,10.85,RGB
Kertas,R_4325.jpg,.jpg,239,211,1.1327,50429,8.68,RGB
Kertas,R_4326.jpg,.jpg,225,225,1.0,50625,8.1,RGB
Kertas,R_4327.jpg,.jpg,264,191,1.3822,50424,14.45,RGB
Kertas,R_4328.jpg,.jpg,275,183,1.5027,50325,6.37,RGB
Kertas,R_4329.jpg,.jpg,275,183,1.5027,50325,9.44,RGB
Kertas,R_4330.jpg,.jpg,359,140,2.5643,50260,9.58,RGB
Kertas,R_4331.jpg,.jpg,275,183,1.5027,50325,16.79,RGB
Kertas,R_4332.jpg,.jpg,299,168,1.7798,50232,7.34,RGB
Kertas,R_4333.jpg,.jpg,276,183,1.5082,50508,8.17,RGB
Kertas,R_4334.jpg,.jpg,205,246,0.8333,50430,15.75,RGB
Kertas,R_4335.jpg,.jpg,253,199,1.2714,50347,13.24,RGB
Kertas,R_4336.jpg,.jpg,275,183,1.5027,50325,16.03,RGB
Kertas,R_4337.jpg,.jpg,247,204,1.2108,50388,15.88,RGB
Kertas,R_4338.jpg,.jpg,258,196,1.3163,50568,5.6,RGB
Kertas,R_4339.jpg,.jpg,225,225,1.0,50625,20.64,RGB
Kertas,R_4340.jpg,.jpg,279,181,1.5414,50499,8.02,RGB
Kertas,R_4341.jpg,.jpg,367,137,2.6788,50279,12.05,RGB
Kertas,R_4342.jpg,.jpg,275,183,1.5027,50325,16.39,RGB
Kertas,R_4343.jpg,.jpg,225,225,1.0,50625,15.96,RGB
Kertas,R_4344.jpg,.jpg,284,177,1.6045,50268,10.87,RGB
Kertas,R_4345.jpg,.jpg,338,149,2.2685,50362,8.54,RGB
Kertas,R_4346.jpg,.jpg,225,225,1.0,50625,10.09,RGB
Kertas,R_4347.jpg,.jpg,275,183,1.5027,50325,10.79,RGB
Kertas,R_4348.jpg,.jpg,276,183,1.5082,50508,10.32,RGB
Kertas,R_4349.jpg,.jpg,262,193,1.3575,50566,15.69,RGB
Kertas,R_4350.jpg,.jpg,275,183,1.5027,50325,12.84,RGB
Kertas,R_4351.jpg,.jpg,194,259,0.749,50246,6.9,RGB
Kertas,R_4352.jpg,.jpg,300,168,1.7857,50400,9.36,RGB
Kertas,R_4353.jpg,.jpg,225,225,1.0,50625,10.04,RGB
Kertas,R_4354.jpg,.jpg,254,198,1.2828,50292,5.8,RGB
Kertas,R_4355.jpg,.jpg,311,162,1.9198,50382,18.48,RGB
Kertas,R_4356.jpg,.jpg,237,213,1.1127,50481,16.46,RGB
Kertas,R_4357.jpg,.jpg,266,189,1.4074,50274,18.02,RGB
Kertas,R_4358.jpg,.jpg,225,225,1.0,50625,13.56,RGB
Kertas,R_4359.jpg,.jpg,252,200,1.26,50400,13.59,RGB
Kertas,R_4360.jpg,.jpg,275,183,1.5027,50325,7.33,RGB
Kertas,R_4361.jpg,.jpg,242,209,1.1579,50578,11.5,RGB
Kertas,R_4362.jpg,.jpg,275,183,1.5027,50325,14.33,RGB
Kertas,R_4363.jpg,.jpg,248,203,1.2217,50344,6.44,RGB
Kertas,R_4364.jpg,.jpg,276,183,1.5082,50508,17.23,RGB
Kertas,R_4365.jpg,.jpg,225,225,1.0,50625,18.95,RGB
Kertas,R_4366.jpg,.jpg,276,182,1.5165,50232,10.49,RGB
Kertas,R_4367.jpg,.jpg,225,225,1.0,50625,14.63,RGB
Kertas,R_4368.jpg,.jpg,259,194,1.3351,50246,14.63,RGB
Kertas,R_4369.jpg,.jpg,220,229,0.9607,50380,15.72,RGB
Kertas,R_4370.jpg,.jpg,275,183,1.5027,50325,6.64,RGB
Kertas,R_4371.jpg,.jpg,284,177,1.6045,50268,5.51,RGB
Kertas,R_4372.jpg,.jpg,225,225,1.0,50625,11.9,RGB
Kertas,R_4373.jpg,.jpg,267,189,1.4127,50463,15.17,RGB
Kertas,R_4374.jpg,.jpg,458,110,4.1636,50380,18.07,RGB
Kertas,R_4375.jpg,.jpg,249,203,1.2266,50547,7.4,RGB
Kertas,R_4376.jpg,.jpg,275,183,1.5027,50325,6.78,RGB
Kertas,R_4377.jpg,.jpg,225,225,1.0,50625,17.68,RGB
Kertas,R_4378.jpg,.jpg,225,225,1.0,50625,16.74,RGB
Kertas,R_4379.jpg,.jpg,225,225,1.0,50625,9.0,RGB
Kertas,R_4380.jpg,.jpg,275,183,1.5027,50325,10.16,RGB
Kertas,R_4381.jpg,.jpg,312,162,1.9259,50544,15.85,RGB
Kertas,R_4382.jpg,.jpg,269,188,1.4309,50572,9.49,RGB
Kertas,R_4383.jpg,.jpg,259,194,1.3351,50246,11.08,RGB
Kertas,R_4384.jpg,.jpg,275,183,1.5027,50325,8.82,RGB
Kertas,R_4385.jpg,.jpg,551,91,6.0549,50141,6.04,RGB
Kertas,R_4386.jpg,.jpg,259,194,1.3351,50246,9.58,RGB
Kertas,R_4387.jpg,.jpg,225,224,1.0045,50400,6.23,RGB
Kertas,R_4388.jpg,.jpg,266,189,1.4074,50274,15.92,RGB
Kertas,R_4389.jpg,.jpg,269,187,1.4385,50303,8.5,RGB
Kertas,R_4390.jpg,.jpg,225,225,1.0,50625,14.4,RGB
Kertas,R_4391.jpg,.jpg,225,225,1.0,50625,15.98,RGB
Kertas,R_4392.jpg,.jpg,94,206,0.4563,19364,3.84,RGB
Kertas,R_4393.jpg,.jpg,225,225,1.0,50625,13.79,RGB
Kertas,R_4394.jpg,.jpg,334,151,2.2119,50434,9.97,RGB
Kertas,R_4395.jpg,.jpg,260,194,1.3402,50440,13.28,RGB
Kertas,R_4396.jpg,.jpg,269,187,1.4385,50303,32.21,RGB
Kertas,R_4397.jpg,.jpg,225,225,1.0,50625,4.43,RGB
Kertas,R_4398.jpg,.jpg,224,225,0.9956,50400,13.88,RGB
Kertas,R_4399.jpg,.jpg,275,183,1.5027,50325,8.8,RGB
Kertas,R_4400.jpg,.jpg,484,104,4.6538,50336,7.48,RGB
Kertas,R_4401.jpg,.jpg,276,183,1.5082,50508,12.63,RGB
Kertas,R_4402.jpg,.jpg,264,191,1.3822,50424,7.05,RGB
Kertas,R_4403.jpg,.jpg,318,159,2.0,50562,8.52,RGB
Kertas,R_4404.jpg,.jpg,225,225,1.0,50625,16.91,RGB
Kertas,R_4405.jpg,.jpg,97,201,0.4826,19497,5.29,RGB
Kertas,R_4406.jpg,.jpg,259,194,1.3351,50246,14.79,RGB
Kertas,R_4407.jpg,.jpg,208,242,0.8595,50336,8.54,RGB
Kertas,R_4408.jpg,.jpg,276,183,1.5082,50508,14.58,RGB
Kertas,R_4409.jpg,.jpg,233,216,1.0787,50328,13.3,RGB
Kertas,R_4410.jpg,.jpg,275,183,1.5027,50325,11.61,RGB
Kertas,R_4411.jpg,.jpg,275,183,1.5027,50325,17.44,RGB
Kertas,R_4412.jpg,.jpg,259,194,1.3351,50246,11.54,RGB
Kertas,R_4413.jpg,.jpg,310,163,1.9018,50530,15.08,RGB
Kertas,R_4414.jpg,.jpg,275,183,1.5027,50325,2.82,RGB
Kertas,R_4415.jpg,.jpg,258,195,1.3231,50310,7.54,RGB
Kertas,R_4416.jpg,.jpg,225,225,1.0,50625,16.64,RGB
Kertas,R_4417.jpg,.jpg,217,232,0.9353,50344,15.79,RGB
Kertas,R_4418.jpg,.jpg,225,225,1.0,50625,11.07,RGB
Kertas,R_4419.jpg,.jpg,275,183,1.5027,50325,8.32,RGB
Kertas,R_4420.jpg,.jpg,310,163,1.9018,50530,9.71,RGB
Kertas,R_4421.jpg,.jpg,207,244,0.8484,50508,6.36,RGB
Kertas,R_4422.jpg,.jpg,194,259,0.749,50246,7.13,RGB
Kertas,R_4423.jpg,.jpg,224,224,1.0,50176,16.18,RGB
Kertas,R_4424.jpg,.jpg,267,189,1.4127,50463,5.45,RGB
Kertas,R_4425.jpg,.jpg,275,183,1.5027,50325,31.45,RGB
Kertas,R_4426.jpg,.jpg,224,225,0.9956,50400,14.39,RGB
Kertas,R_4427.jpg,.jpg,225,225,1.0,50625,9.27,RGB
Kertas,R_4428.jpg,.jpg,275,184,1.4946,50600,13.46,RGB
Kertas,R_4429.jpg,.jpg,183,275,0.6655,50325,14.88,RGB
Kertas,R_4430.jpg,.jpg,250,200,1.25,50000,12.11,RGB
Kertas,R_4431.jpg,.jpg,224,224,1.0,50176,12.91,RGB
Kertas,R_4432.jpg,.jpg,233,216,1.0787,50328,14.9,RGB
Kertas,R_4433.jpg,.jpg,225,225,1.0,50625,15.14,RGB
Kertas,R_4434.jpg,.jpg,225,225,1.0,50625,15.09,RGB
Kertas,R_4435.jpg,.jpg,293,172,1.7035,50396,20.97,RGB
Kertas,R_4436.jpg,.jpg,264,191,1.3822,50424,15.06,RGB
Kertas,R_4437.jpg,.jpg,285,177,1.6102,50445,20.57,RGB
Kertas,R_4438.jpg,.jpg,225,225,1.0,50625,11.33,RGB
Kertas,R_4439.jpg,.jpg,255,197,1.2944,50235,13.73,RGB
Kertas,R_4440.jpg,.jpg,342,147,2.3265,50274,13.5,RGB
Kertas,R_4441.jpg,.jpg,276,183,1.5082,50508,10.83,RGB
Kertas,R_4442.jpg,.jpg,259,194,1.3351,50246,14.81,RGB
Kertas,R_4443.jpg,.jpg,225,225,1.0,50625,11.51,RGB
Kertas,R_4444.jpg,.jpg,275,183,1.5027,50325,14.28,RGB
Kertas,R_4445.jpg,.jpg,299,168,1.7798,50232,13.12,RGB
Kertas,R_4446.jpg,.jpg,183,275,0.6655,50325,14.66,RGB
Kertas,R_4447.jpg,.jpg,275,183,1.5027,50325,6.38,RGB
Kertas,R_4448.jpg,.jpg,225,224,1.0045,50400,5.95,RGB
Kertas,R_4449.jpg,.jpg,266,190,1.4,50540,12.71,RGB
Kertas,R_4450.jpg,.jpg,267,189,1.4127,50463,10.16,RGB
Kertas,R_4451.jpg,.jpg,276,183,1.5082,50508,15.33,RGB
Kertas,R_4452.jpg,.jpg,275,183,1.5027,50325,12.37,RGB
Kertas,R_4453.jpg,.jpg,300,168,1.7857,50400,17.42,RGB
Kertas,R_4454.jpg,.jpg,275,183,1.5027,50325,13.17,RGB
Kertas,R_4455.jpg,.jpg,225,224,1.0045,50400,9.71,RGB
Kertas,R_4456.jpg,.jpg,297,170,1.7471,50490,20.4,RGB
Kertas,R_4457.jpg,.jpg,194,259,0.749,50246,14.23,RGB
Kertas,R_4458.jpg,.jpg,183,275,0.6655,50325,19.88,RGB
Kertas,R_4459.jpg,.jpg,225,225,1.0,50625,10.57,RGB
Kertas,R_4460.jpg,.jpg,225,225,1.0,50625,14.25,RGB
Kertas,R_4461.jpg,.jpg,225,225,1.0,50625,19.55,RGB
Kertas,R_4462.jpg,.jpg,225,225,1.0,50625,3.27,RGB
Kertas,R_4463.jpg,.jpg,266,189,1.4074,50274,7.34,RGB
Kertas,R_4464.jpg,.jpg,225,225,1.0,50625,5.3,RGB
Kertas,R_4465.jpg,.jpg,225,225,1.0,50625,18.58,RGB
Kertas,R_4466.jpg,.jpg,274,184,1.4891,50416,12.47,RGB
Kertas,R_4467.jpg,.jpg,262,192,1.3646,50304,5.38,RGB
Kertas,R_4468.jpg,.jpg,225,225,1.0,50625,8.1,RGB
Kertas,R_4469.jpg,.jpg,275,183,1.5027,50325,18.23,RGB
Kertas,R_4470.jpg,.jpg,225,225,1.0,50625,12.69,RGB
Kertas,R_4471.jpg,.jpg,372,135,2.7556,50220,14.18,RGB
Kertas,R_4472.jpg,.jpg,275,183,1.5027,50325,13.98,RGB
Kertas,R_4473.jpg,.jpg,217,232,0.9353,50344,7.86,RGB
Kertas,R_4474.jpg,.jpg,187,250,0.748,46750,11.07,RGB
Kertas,R_4475.jpg,.jpg,275,183,1.5027,50325,10.13,RGB
Kertas,R_4476.jpg,.jpg,275,183,1.5027,50325,7.47,RGB
Kertas,R_4477.jpg,.jpg,225,225,1.0,50625,11.6,RGB
Kertas,R_4478.jpg,.jpg,255,197,1.2944,50235,12.53,RGB
Kertas,R_4479.jpg,.jpg,225,225,1.0,50625,12.61,RGB
Kertas,R_4480.jpg,.jpg,275,183,1.5027,50325,7.48,RGB
Kertas,R_4481.jpg,.jpg,252,200,1.26,50400,16.71,RGB
Kertas,R_4482.jpg,.jpg,225,225,1.0,50625,10.47,RGB
Kertas,R_4483.jpg,.jpg,200,252,0.7937,50400,17.95,RGB
Kertas,R_4484.jpg,.jpg,275,183,1.5027,50325,14.09,RGB
Kertas,R_4485.jpg,.jpg,200,200,1.0,40000,9.19,RGB
Kertas,R_4486.jpg,.jpg,275,183,1.5027,50325,17.18,RGB
Kertas,R_4487.jpg,.jpg,280,180,1.5556,50400,9.86,RGB
Kertas,R_4488.jpg,.jpg,183,275,0.6655,50325,11.0,RGB
Kertas,R_4489.jpg,.jpg,275,183,1.5027,50325,16.21,RGB
Kertas,R_4490.jpg,.jpg,225,225,1.0,50625,9.67,RGB
Kertas,R_4491.jpg,.jpg,194,259,0.749,50246,7.52,RGB
Kertas,R_4492.jpg,.jpg,311,162,1.9198,50382,8.79,RGB
Kertas,R_4493.jpg,.jpg,275,183,1.5027,50325,11.83,RGB
Kertas,R_4494.jpg,.jpg,225,224,1.0045,50400,12.57,RGB
Kertas,R_4495.jpg,.jpg,197,225,0.8756,44325,16.65,RGB
Kertas,R_4496.jpg,.jpg,246,204,1.2059,50184,12.81,RGB
Kertas,R_4497.jpg,.jpg,259,194,1.3351,50246,9.57,RGB
Kertas,R_4498.jpg,.jpg,225,225,1.0,50625,7.02,RGB
Kertas,R_4499.jpg,.jpg,265,190,1.3947,50350,6.61,RGB
Kertas,R_4500.jpg,.jpg,225,225,1.0,50625,6.96,RGB
Kertas,R_4501.jpg,.jpg,262,193,1.3575,50566,16.14,RGB
Kertas,R_4502.jpg,.jpg,266,190,1.4,50540,6.52,RGB
Kertas,R_4503.jpg,.jpg,225,225,1.0,50625,15.98,RGB
Kertas,R_4504.jpg,.jpg,225,225,1.0,50625,9.05,RGB
Kertas,R_4505.jpg,.jpg,225,225,1.0,50625,8.25,RGB
Kertas,R_4506.jpg,.jpg,259,194,1.3351,50246,10.2,RGB
Kertas,R_4507.jpg,.jpg,269,188,1.4309,50572,11.9,RGB
Kertas,R_4508.jpg,.jpg,380,133,2.8571,50540,14.17,RGB
Kertas,R_4509.jpg,.jpg,278,181,1.5359,50318,6.03,RGB
Kertas,R_4510.jpg,.jpg,225,225,1.0,50625,14.21,RGB
Kertas,R_4511.jpg,.jpg,225,225,1.0,50625,6.61,RGB
Kertas,R_4512.jpg,.jpg,183,275,0.6655,50325,11.49,RGB
Kertas,R_4513.jpg,.jpg,275,183,1.5027,50325,9.81,RGB
Kertas,R_4514.jpg,.jpg,222,227,0.978,50394,6.11,RGB
Kertas,R_4515.jpg,.jpg,265,190,1.3947,50350,13.42,RGB
Kertas,R_4516.jpg,.jpg,225,225,1.0,50625,8.83,RGB
Kertas,R_4517.jpg,.jpg,276,183,1.5082,50508,5.08,RGB
Kertas,R_4518.jpg,.jpg,281,179,1.5698,50299,16.19,RGB
Kertas,R_4519.jpg,.jpg,300,168,1.7857,50400,14.75,RGB
Kertas,R_4520.jpg,.jpg,259,194,1.3351,50246,15.32,RGB
Kertas,R_4521.jpg,.jpg,259,194,1.3351,50246,12.78,RGB
Kertas,R_4522.jpg,.jpg,225,225,1.0,50625,13.47,RGB
Kertas,R_4523.jpg,.jpg,197,256,0.7695,50432,7.88,RGB
Kertas,R_4524.jpg,.jpg,225,225,1.0,50625,13.4,RGB
Kertas,R_4525.jpg,.jpg,275,183,1.5027,50325,11.39,RGB
Kertas,R_4526.jpg,.jpg,276,183,1.5082,50508,16.25,RGB
Kertas,R_4527.jpg,.jpg,259,194,1.3351,50246,13.74,RGB
Kertas,R_4528.jpg,.jpg,261,193,1.3523,50373,15.14,RGB
Kertas,R_4529.jpg,.jpg,251,201,1.2488,50451,9.33,RGB
Kertas,R_4530.jpg,.jpg,259,194,1.3351,50246,16.89,RGB
Kertas,R_4531.jpg,.jpg,275,183,1.5027,50325,8.21,RGB
Kertas,R_4532.jpg,.jpg,300,168,1.7857,50400,9.73,RGB
Kertas,R_4533.jpg,.jpg,259,194,1.3351,50246,11.5,RGB
Kertas,R_4534.jpg,.jpg,225,225,1.0,50625,12.07,RGB
Kertas,R_4535.jpg,.jpg,275,183,1.5027,50325,9.04,RGB
Kertas,R_4536.jpg,.jpg,183,275,0.6655,50325,8.36,RGB
Kertas,R_4537.jpg,.jpg,227,222,1.0225,50394,12.21,RGB
Kertas,R_4538.jpg,.jpg,278,182,1.5275,50596,14.52,RGB
Kertas,R_4539.jpg,.jpg,259,194,1.3351,50246,12.38,RGB
Kertas,R_4540.jpg,.jpg,262,193,1.3575,50566,5.77,RGB
Kertas,R_4541.jpg,.jpg,266,189,1.4074,50274,16.71,RGB
Kertas,R_4542.jpg,.jpg,237,212,1.1179,50244,11.31,RGB
Kertas,R_4543.jpg,.jpg,97,201,0.4826,19497,5.58,RGB
Kertas,R_4544.jpg,.jpg,259,194,1.3351,50246,18.75,RGB
Kertas,R_4545.jpg,.jpg,225,225,1.0,50625,15.97,RGB
Kertas,R_4546.jpg,.jpg,255,198,1.2879,50490,10.11,RGB
Kertas,R_4547.jpg,.jpg,259,194,1.3351,50246,9.35,RGB
Kertas,R_4548.jpg,.jpg,367,137,2.6788,50279,13.43,RGB
Kertas,R_4549.jpg,.jpg,225,225,1.0,50625,12.69,RGB
Kertas,R_4550.jpg,.jpg,300,168,1.7857,50400,13.95,RGB
Kertas,R_4551.jpg,.jpg,225,225,1.0,50625,3.75,RGB
Kertas,R_4552.jpg,.jpg,276,183,1.5082,50508,12.62,RGB
Kertas,R_4553.jpg,.jpg,274,184,1.4891,50416,14.94,RGB
Kertas,R_4554.jpg,.jpg,260,194,1.3402,50440,11.69,RGB
Kertas,R_4555.jpg,.jpg,259,194,1.3351,50246,14.02,RGB
Kertas,R_4556.jpg,.jpg,269,188,1.4309,50572,16.88,RGB
Kertas,R_4557.jpg,.jpg,225,225,1.0,50625,3.76,RGB
Kertas,R_4558.jpg,.jpg,222,227,0.978,50394,8.27,RGB
Kertas,R_4559.jpg,.jpg,296,170,1.7412,50320,14.63,RGB
Kertas,R_4560.jpg,.jpg,275,183,1.5027,50325,13.94,RGB
Kertas,R_4561.jpg,.jpg,192,263,0.73,50496,9.33,RGB
Kertas,R_4562.jpg,.jpg,225,225,1.0,50625,11.73,RGB
Kertas,R_4563.jpg,.jpg,224,225,0.9956,50400,13.04,RGB
Kertas,R_4564.jpg,.jpg,236,213,1.108,50268,8.76,RGB
Kertas,R_4565.jpg,.jpg,275,183,1.5027,50325,14.88,RGB
Kertas,R_4566.jpg,.jpg,225,224,1.0045,50400,9.63,RGB
Kertas,R_4567.jpg,.jpg,300,168,1.7857,50400,15.61,RGB
Kertas,R_4568.jpg,.jpg,275,183,1.5027,50325,7.99,RGB
Kertas,R_4569.jpg,.jpg,380,133,2.8571,50540,13.63,RGB
Kertas,R_4570.jpg,.jpg,225,225,1.0,50625,6.84,RGB
Kertas,R_4571.jpg,.jpg,225,225,1.0,50625,4.84,RGB
Kertas,R_4572.jpg,.jpg,262,192,1.3646,50304,17.25,RGB
Kertas,R_4573.jpg,.jpg,220,180,1.2222,39600,7.15,RGB
Kertas,R_4574.jpg,.jpg,225,225,1.0,50625,13.73,RGB
Kertas,R_4575.jpg,.jpg,300,168,1.7857,50400,9.71,RGB
Kertas,R_4576.jpg,.jpg,225,225,1.0,50625,12.23,RGB
Kertas,R_4577.jpg,.jpg,225,225,1.0,50625,14.87,RGB
Kertas,R_4578.jpg,.jpg,200,200,1.0,40000,12.62,RGB
Kertas,R_4579.jpg,.jpg,253,194,1.3041,49082,13.09,RGB
Kertas,R_4580.jpg,.jpg,259,194,1.3351,50246,17.81,RGB
Kertas,R_4581.jpg,.jpg,275,183,1.5027,50325,8.78,RGB
Kertas,R_4582.jpg,.jpg,259,194,1.3351,50246,9.19,RGB
Kertas,R_4583.jpg,.jpg,259,194,1.3351,50246,17.03,RGB
Kertas,R_4584.jpg,.jpg,264,191,1.3822,50424,15.15,RGB
Kertas,R_4585.jpg,.jpg,225,225,1.0,50625,12.19,RGB
Kertas,R_4586.jpg,.jpg,195,259,0.7529,50505,10.97,RGB
Kertas,R_4587.jpg,.jpg,259,194,1.3351,50246,16.06,RGB
Kertas,R_4588.jpg,.jpg,245,206,1.1893,50470,10.38,RGB
Kertas,R_4589.jpg,.jpg,350,144,2.4306,50400,11.51,RGB
Kertas,R_4590.jpg,.jpg,225,225,1.0,50625,3.05,RGB
Kertas,R_4591.jpg,.jpg,220,229,0.9607,50380,6.9,RGB
Kertas,R_4592.jpg,.jpg,228,221,1.0317,50388,11.29,RGB
Kertas,R_4593.jpg,.jpg,225,225,1.0,50625,16.54,RGB
Kertas,R_4594.jpg,.jpg,190,266,0.7143,50540,15.93,RGB
Kertas,R_4595.jpg,.jpg,308,164,1.878,50512,11.59,RGB
Kertas,R_4596.jpg,.jpg,175,288,0.6076,50400,12.37,RGB
Kertas,R_4597.jpg,.jpg,225,225,1.0,50625,9.16,RGB
Kertas,R_4598.jpg,.jpg,299,168,1.7798,50232,10.31,RGB
Kertas,R_4599.jpg,.jpg,255,197,1.2944,50235,8.37,RGB
Kertas,R_4600.jpg,.jpg,276,183,1.5082,50508,14.19,RGB
Kertas,R_4601.jpg,.jpg,225,225,1.0,50625,15.42,RGB
Kertas,R_4602.jpg,.jpg,278,181,1.5359,50318,16.25,RGB
Kertas,R_4603.jpg,.jpg,244,206,1.1845,50264,9.14,RGB
Kertas,R_4604.jpg,.jpg,225,225,1.0,50625,12.6,RGB
Kertas,R_4605.jpg,.jpg,225,225,1.0,50625,17.76,RGB
Kertas,R_4606.jpg,.jpg,249,198,1.2576,49302,20.13,RGB
Kertas,R_4607.jpg,.jpg,210,240,0.875,50400,3.94,RGB
Kertas,R_4608.jpg,.jpg,225,225,1.0,50625,18.03,RGB
Kertas,R_4609.jpg,.jpg,275,183,1.5027,50325,8.23,RGB
Kertas,R_4610.jpg,.jpg,285,177,1.6102,50445,7.0,RGB
Kertas,R_4611.jpg,.jpg,225,225,1.0,50625,15.82,RGB
Kertas,R_4612.jpg,.jpg,259,194,1.3351,50246,8.7,RGB
Kertas,R_4613.jpg,.jpg,259,194,1.3351,50246,7.82,RGB
Kertas,R_4614.jpg,.jpg,225,225,1.0,50625,10.18,RGB
Kertas,R_4615.jpg,.jpg,183,275,0.6655,50325,5.19,RGB
Kertas,R_4616.jpg,.jpg,184,275,0.6691,50600,11.97,RGB
Kertas,R_4617.jpg,.jpg,194,259,0.749,50246,9.12,RGB
Kertas,R_4618.jpg,.jpg,225,225,1.0,50625,5.84,RGB
Kertas,R_4619.jpg,.jpg,220,150,1.4667,33000,8.31,RGB
Kertas,R_4620.jpg,.jpg,193,262,0.7366,50566,13.21,RGB
Kertas,R_4621.jpg,.jpg,258,196,1.3163,50568,10.11,RGB
Kertas,R_4622.jpg,.jpg,308,164,1.878,50512,11.6,RGB
Kertas,R_4623.jpg,.jpg,275,183,1.5027,50325,11.6,RGB
Kertas,R_4624.jpg,.jpg,225,225,1.0,50625,15.19,RGB
Kertas,R_4625.jpg,.jpg,277,182,1.522,50414,14.05,RGB
Kertas,R_4626.jpg,.jpg,259,194,1.3351,50246,14.72,RGB
Kertas,R_4627.jpg,.jpg,314,161,1.9503,50554,8.95,RGB
Kertas,R_4628.jpg,.jpg,225,225,1.0,50625,9.93,RGB
Kertas,R_4629.jpg,.jpg,259,194,1.3351,50246,14.88,RGB
Kertas,R_4630.jpg,.jpg,225,225,1.0,50625,6.27,RGB
Kertas,R_4631.jpg,.jpg,250,200,1.25,50000,13.18,RGB
Kertas,R_4632.jpg,.jpg,204,247,0.8259,50388,12.74,RGB
Kertas,R_4633.jpg,.jpg,225,225,1.0,50625,14.83,RGB
Kertas,R_4634.jpg,.jpg,173,291,0.5945,50343,10.55,RGB
Kertas,R_4635.jpg,.jpg,259,194,1.3351,50246,11.79,RGB
Kertas,R_4636.jpg,.jpg,299,168,1.7798,50232,10.95,RGB
Kertas,R_4637.jpg,.jpg,269,187,1.4385,50303,14.29,RGB
Kertas,R_4638.jpg,.jpg,225,225,1.0,50625,14.98,RGB
Kertas,R_4639.jpg,.jpg,225,225,1.0,50625,9.85,RGB
Kertas,R_4640.jpg,.jpg,262,192,1.3646,50304,12.73,RGB
Kertas,R_4641.jpg,.jpg,197,256,0.7695,50432,12.2,RGB
Kertas,R_4642.jpg,.jpg,275,183,1.5027,50325,7.83,RGB
Kertas,R_4643.jpg,.jpg,225,225,1.0,50625,17.07,RGB
Kertas,R_4644.jpg,.jpg,259,194,1.3351,50246,14.88,RGB
Kertas,R_4645.jpg,.jpg,225,225,1.0,50625,5.54,RGB
Kertas,R_4646.jpg,.jpg,94,206,0.4563,19364,7.73,RGB
Kertas,R_4647.jpg,.jpg,262,191,1.3717,50042,4.47,RGB
Kertas,R_4648.jpg,.jpg,224,224,1.0,50176,4.46,RGB
Kertas,R_4649.jpg,.jpg,224,224,1.0,50176,7.86,RGB
Kertas,R_4650.jpg,.jpg,271,186,1.457,50406,12.26,RGB
Kertas,R_4651.jpg,.jpg,275,183,1.5027,50325,14.49,RGB
Kertas,R_4652.jpg,.jpg,185,240,0.7708,44400,3.78,RGB
Kertas,R_4653.jpg,.jpg,262,192,1.3646,50304,11.46,RGB
Kertas,R_4654.jpg,.jpg,255,198,1.2879,50490,15.11,RGB
Kertas,R_4655.jpg,.jpg,275,183,1.5027,50325,6.19,RGB
Kertas,R_4656.jpg,.jpg,225,225,1.0,50625,13.59,RGB
Kertas,R_4657.jpg,.jpg,267,189,1.4127,50463,25.53,RGB
Kertas,R_4658.jpg,.jpg,299,168,1.7798,50232,6.33,RGB
Kertas,R_4659.jpg,.jpg,258,196,1.3163,50568,14.28,RGB
Kertas,R_4660.jpg,.jpg,264,191,1.3822,50424,7.14,RGB
Kertas,R_4661.jpg,.jpg,205,246,0.8333,50430,8.94,RGB
Kertas,R_4662.jpg,.jpg,267,189,1.4127,50463,8.21,RGB
Kertas,R_4663.jpg,.jpg,224,224,1.0,50176,14.71,RGB
Kertas,R_4664.jpg,.jpg,275,183,1.5027,50325,11.76,RGB
Kertas,R_4665.jpg,.jpg,275,184,1.4946,50600,10.47,RGB
Kertas,R_4666.jpg,.jpg,227,222,1.0225,50394,6.23,RGB
Kertas,R_4667.jpg,.jpg,275,183,1.5027,50325,8.37,RGB
Kertas,R_4668.jpg,.jpg,275,183,1.5027,50325,12.0,RGB
Kertas,R_4669.jpg,.jpg,201,251,0.8008,50451,9.61,RGB
Kertas,R_4670.jpg,.jpg,225,225,1.0,50625,15.07,RGB
Kertas,R_4671.jpg,.jpg,256,197,1.2995,50432,9.74,RGB
Kertas,R_4672.jpg,.jpg,183,275,0.6655,50325,10.13,RGB
Kertas,R_4673.jpg,.jpg,275,183,1.5027,50325,5.39,RGB
Kertas,R_4674.jpg,.jpg,260,193,1.3472,50180,8.39,RGB
Kertas,R_4675.jpg,.jpg,259,194,1.3351,50246,11.84,RGB
Kertas,R_4676.jpg,.jpg,225,225,1.0,50625,4.93,RGB
Kertas,R_4677.jpg,.jpg,275,183,1.5027,50325,17.36,RGB
Kertas,R_4678.jpg,.jpg,169,225,0.7511,38025,13.43,RGB
Kertas,R_4679.jpg,.jpg,275,183,1.5027,50325,16.1,RGB
Kertas,R_4680.jpg,.jpg,225,224,1.0045,50400,11.31,RGB
Kertas,R_4681.jpg,.jpg,180,180,1.0,32400,2.54,RGB
Kertas,R_4682.jpg,.jpg,225,225,1.0,50625,7.05,RGB
Kertas,R_4683.jpg,.jpg,224,224,1.0,50176,4.78,RGB
Kertas,R_4684.jpg,.jpg,250,201,1.2438,50250,9.45,RGB
Kertas,R_4685.jpg,.jpg,259,194,1.3351,50246,15.04,RGB
Kertas,R_4686.jpg,.jpg,221,228,0.9693,50388,8.22,RGB
Kertas,R_4687.jpg,.jpg,259,194,1.3351,50246,10.14,RGB
Kertas,R_4688.jpg,.jpg,225,225,1.0,50625,15.55,RGB
Kertas,R_4689.jpg,.jpg,225,225,1.0,50625,11.41,RGB
Kertas,R_4690.jpg,.jpg,259,194,1.3351,50246,16.74,RGB
Kertas,R_4691.jpg,.jpg,184,275,0.6691,50600,9.29,RGB
Kertas,R_4692.jpg,.jpg,213,236,0.9025,50268,14.95,RGB
Kertas,R_4693.jpg,.jpg,246,205,1.2,50430,4.07,RGB
Kertas,R_4694.jpg,.jpg,225,225,1.0,50625,14.81,RGB
Kertas,R_4695.jpg,.jpg,225,225,1.0,50625,11.99,RGB
Kertas,R_4696.jpg,.jpg,275,183,1.5027,50325,9.18,RGB
Kertas,R_4697.jpg,.jpg,225,225,1.0,50625,5.9,RGB
Kertas,R_4698.jpg,.jpg,259,194,1.3351,50246,7.5,RGB
Kertas,R_4699.jpg,.jpg,304,166,1.8313,50464,13.6,RGB
Kertas,R_4700.jpg,.jpg,266,189,1.4074,50274,6.95,RGB
Kertas,R_4701.jpg,.jpg,249,203,1.2266,50547,9.11,RGB
Kertas,R_4702.jpg,.jpg,259,194,1.3351,50246,8.45,RGB
Kertas,R_4703.jpg,.jpg,252,200,1.26,50400,16.24,RGB
Kertas,R_4704.jpg,.jpg,276,183,1.5082,50508,13.5,RGB
Kertas,R_4705.jpg,.jpg,276,183,1.5082,50508,11.03,RGB
Kertas,R_4706.jpg,.jpg,225,225,1.0,50625,4.19,RGB
Kertas,R_4707.jpg,.jpg,299,168,1.7798,50232,25.89,RGB
Kertas,R_4708.jpg,.jpg,259,194,1.3351,50246,9.55,RGB
Kertas,R_4709.jpg,.jpg,244,206,1.1845,50264,11.01,RGB
Kertas,R_4710.jpg,.jpg,236,214,1.1028,50504,9.25,RGB
Kertas,R_4711.jpg,.jpg,225,225,1.0,50625,5.32,RGB
Kertas,R_4712.jpg,.jpg,225,225,1.0,50625,14.26,RGB
Kertas,R_4713.jpg,.jpg,336,150,2.24,50400,10.05,RGB
Kertas,R_4714.jpg,.jpg,259,194,1.3351,50246,10.05,RGB
Kertas,R_4715.jpg,.jpg,210,184,1.1413,38640,11.7,RGB
Kertas,R_4716.jpg,.jpg,225,225,1.0,50625,17.55,RGB
Kertas,R_4717.jpg,.jpg,183,275,0.6655,50325,12.05,RGB
Kertas,R_4718.jpg,.jpg,225,225,1.0,50625,13.54,RGB
Kertas,R_4719.jpg,.jpg,252,200,1.26,50400,18.77,P
Kertas,R_4720.jpg,.jpg,179,282,0.6348,50478,11.35,RGB
Kertas,R_4721.jpg,.jpg,275,183,1.5027,50325,6.36,RGB
Kertas,R_4722.jpg,.jpg,225,225,1.0,50625,15.41,RGB
Kertas,R_4723.jpg,.jpg,299,168,1.7798,50232,8.39,RGB
Kertas,R_4724.jpg,.jpg,224,224,1.0,50176,16.29,RGB
Kertas,R_4725.jpg,.jpg,274,184,1.4891,50416,7.65,RGB
Kertas,R_4726.jpg,.jpg,225,225,1.0,50625,8.6,RGB
Kertas,R_4727.jpg,.jpg,225,225,1.0,50625,8.12,RGB
Kertas,R_4728.jpg,.jpg,269,187,1.4385,50303,7.27,RGB
Kertas,R_4729.jpg,.jpg,259,194,1.3351,50246,12.67,RGB
Kertas,R_4730.jpg,.jpg,183,275,0.6655,50325,9.45,RGB
Kertas,R_4731.jpg,.jpg,247,204,1.2108,50388,5.28,RGB
Kertas,R_4732.jpg,.jpg,225,225,1.0,50625,12.09,RGB
Kertas,R_4733.jpg,.jpg,225,225,1.0,50625,4.88,RGB
Kertas,R_4734.jpg,.jpg,259,194,1.3351,50246,8.57,RGB
Kertas,R_4735.jpg,.jpg,250,177,1.4124,44250,10.1,RGB
Kertas,R_4736.jpg,.jpg,216,233,0.927,50328,4.75,RGB
Kertas,R_4737.jpg,.jpg,275,183,1.5027,50325,9.96,RGB
Kertas,R_4738.jpg,.jpg,194,259,0.749,50246,9.09,RGB
Kertas,R_4739.jpg,.jpg,224,224,1.0,50176,10.52,RGB
Kertas,R_4740.jpg,.jpg,275,183,1.5027,50325,6.24,RGB
Kertas,R_4741.jpg,.jpg,259,194,1.3351,50246,8.16,RGB
Kertas,R_4742.jpg,.jpg,295,171,1.7251,50445,12.77,RGB
Kertas,R_4743.jpg,.jpg,259,194,1.3351,50246,6.71,RGB
Kertas,R_4744.jpg,.jpg,225,225,1.0,50625,13.59,RGB
Kertas,R_4745.jpg,.jpg,276,183,1.5082,50508,10.67,RGB
Kertas,R_4746.jpg,.jpg,225,225,1.0,50625,6.23,RGB
Kertas,R_4747.jpg,.jpg,275,183,1.5027,50325,8.42,RGB
Kertas,R_4748.jpg,.jpg,275,183,1.5027,50325,10.78,RGB
Kertas,R_4749.jpg,.jpg,197,256,0.7695,50432,3.68,RGB
Kertas,R_4750.jpg,.jpg,210,184,1.1413,38640,9.33,RGB
Kertas,R_4751.jpg,.jpg,292,172,1.6977,50224,13.01,RGB
Kertas,R_4752.jpg,.jpg,225,225,1.0,50625,10.63,RGB
Kertas,R_4753.jpg,.jpg,238,212,1.1226,50456,12.07,RGB
Kertas,R_4754.jpg,.jpg,266,189,1.4074,50274,13.5,RGB
Kertas,R_4755.jpg,.jpg,225,225,1.0,50625,10.11,RGB
Kertas,R_4756.jpg,.jpg,225,225,1.0,50625,5.73,RGB
Kertas,R_4757.jpg,.jpg,259,194,1.3351,50246,10.41,RGB
Kertas,R_4758.jpg,.jpg,180,281,0.6406,50580,13.29,RGB
Kertas,R_4759.jpg,.jpg,224,224,1.0,50176,12.97,RGB
Kertas,R_4760.jpg,.jpg,277,182,1.522,50414,12.51,RGB
Kertas,R_4761.jpg,.jpg,189,267,0.7079,50463,9.7,RGB
Kertas,R_4762.jpg,.jpg,274,184,1.4891,50416,7.2,RGB
Kertas,R_4763.jpg,.jpg,225,225,1.0,50625,5.92,RGB
Kertas,R_4764.jpg,.jpg,174,290,0.6,50460,8.33,RGB
Kertas,R_4765.jpg,.jpg,299,168,1.7798,50232,9.14,RGB
Kertas,R_4766.jpg,.jpg,233,216,1.0787,50328,12.15,RGB
Kertas,R_4767.jpg,.jpg,220,150,1.4667,33000,6.81,RGB
Kertas,R_4768.jpg,.jpg,280,180,1.5556,50400,5.06,RGB
Kertas,R_4769.jpg,.jpg,210,230,0.913,48300,5.37,RGB
Kertas,R_4770.jpg,.jpg,251,201,1.2488,50451,10.49,RGB
Kertas,R_4771.jpg,.jpg,360,140,2.5714,50400,12.49,RGB
Kertas,R_4772.jpg,.jpg,225,225,1.0,50625,11.58,RGB
Kertas,R_4773.jpg,.jpg,225,225,1.0,50625,7.52,RGB
Kertas,R_4774.jpg,.jpg,275,183,1.5027,50325,9.56,RGB
Kertas,R_4775.jpg,.jpg,202,250,0.808,50500,9.84,RGB
Kertas,R_4776.jpg,.jpg,248,203,1.2217,50344,9.13,RGB
Kertas,R_4777.jpg,.jpg,225,225,1.0,50625,12.32,RGB
Kertas,R_4778.jpg,.jpg,248,203,1.2217,50344,11.27,RGB
Kertas,R_4779.jpg,.jpg,311,162,1.9198,50382,15.76,RGB
Kertas,R_4780.jpg,.jpg,276,183,1.5082,50508,15.2,RGB
Kertas,R_4781.jpg,.jpg,259,194,1.3351,50246,14.59,RGB
Kertas,R_4782.jpg,.jpg,318,159,2.0,50562,9.91,RGB
Kertas,R_4783.jpg,.jpg,179,282,0.6348,50478,7.33,RGB
Kertas,R_4784.jpg,.jpg,259,194,1.3351,50246,4.83,RGB
Kertas,R_4785.jpg,.jpg,275,183,1.5027,50325,16.07,RGB
Kertas,R_4786.jpg,.jpg,259,194,1.3351,50246,8.75,RGB
Kertas,R_4787.jpg,.jpg,250,201,1.2438,50250,12.54,RGB
Kertas,R_4788.jpg,.jpg,209,242,0.8636,50578,10.38,RGB
Kertas,R_4789.jpg,.jpg,197,256,0.7695,50432,5.56,RGB
Kertas,R_4790.jpg,.jpg,259,194,1.3351,50246,11.48,RGB
Kertas,R_4791.jpg,.jpg,225,225,1.0,50625,13.98,RGB
Kertas,R_4792.jpg,.jpg,297,170,1.7471,50490,12.16,RGB
Kertas,R_4793.jpg,.jpg,196,257,0.7626,50372,10.85,RGB
Kertas,R_4794.jpg,.jpg,225,225,1.0,50625,12.95,RGB
Kertas,R_4795.jpg,.jpg,263,191,1.377,50233,6.32,RGB
Kertas,R_4796.jpg,.jpg,259,194,1.3351,50246,10.17,RGB
Kertas,R_4797.jpg,.jpg,183,276,0.663,50508,12.35,RGB
Kertas,R_4798.jpg,.jpg,225,225,1.0,50625,3.98,RGB
Kertas,R_4799.jpg,.jpg,225,225,1.0,50625,6.79,RGB
Kertas,R_4800.jpg,.jpg,207,243,0.8519,50301,7.25,RGB
Kertas,R_4801.jpg,.jpg,220,229,0.9607,50380,32.28,RGB
Kertas,R_4802.jpg,.jpg,275,183,1.5027,50325,8.53,RGB
Kertas,R_4803.jpg,.jpg,252,200,1.26,50400,13.94,RGB
Kertas,R_4804.jpg,.jpg,212,238,0.8908,50456,8.6,RGB
Kertas,R_4805.jpg,.jpg,278,181,1.5359,50318,8.27,RGB
Kertas,R_4806.jpg,.jpg,276,183,1.5082,50508,14.2,RGB
Kertas,R_4807.jpg,.jpg,252,200,1.26,50400,9.55,RGB
Kertas,R_4808.jpg,.jpg,279,180,1.55,50220,10.82,RGB
Kertas,R_4809.jpg,.jpg,275,183,1.5027,50325,9.68,RGB
Kertas,R_4810.jpg,.jpg,183,276,0.663,50508,9.11,RGB
Kertas,R_4811.jpg,.jpg,276,183,1.5082,50508,12.51,RGB
Kertas,R_4812.jpg,.jpg,462,109,4.2385,50358,7.38,RGB
Kertas,R_4813.jpg,.jpg,275,183,1.5027,50325,12.48,RGB
Kertas,R_4814.jpg,.jpg,223,226,0.9867,50398,13.56,RGB
Kertas,R_4815.jpg,.jpg,259,194,1.3351,50246,14.79,RGB
Kertas,R_4816.jpg,.jpg,274,184,1.4891,50416,11.16,RGB
Kertas,R_4817.jpg,.jpg,225,225,1.0,50625,15.64,RGB
Kertas,R_4818.jpg,.jpg,186,271,0.6863,50406,11.48,RGB
Kertas,R_4819.jpg,.jpg,225,225,1.0,50625,12.67,RGB
Kertas,R_4820.jpg,.jpg,230,219,1.0502,50370,8.6,P
Kertas,R_4821.jpg,.jpg,225,225,1.0,50625,11.39,RGB
Kertas,R_4822.jpg,.jpg,275,183,1.5027,50325,14.47,RGB
Kertas,R_4823.jpg,.jpg,343,147,2.3333,50421,9.61,RGB
Kertas,R_4824.jpg,.jpg,194,259,0.749,50246,9.88,RGB
Kertas,R_4825.jpg,.jpg,275,183,1.5027,50325,11.86,RGB
Kertas,R_4826.jpg,.jpg,225,225,1.0,50625,20.41,RGB
Kertas,R_4827.jpg,.jpg,275,183,1.5027,50325,7.92,RGB
Kertas,R_4828.jpg,.jpg,225,225,1.0,50625,10.01,RGB
Kertas,R_4829.jpg,.jpg,225,225,1.0,50625,11.87,RGB
Kertas,R_4830.jpg,.jpg,259,194,1.3351,50246,9.11,RGB
Kertas,R_4831.jpg,.jpg,176,286,0.6154,50336,11.87,RGB
Kertas,R_4832.jpg,.jpg,225,225,1.0,50625,6.28,RGB
Kertas,R_4833.jpg,.jpg,276,183,1.5082,50508,4.34,RGB
Kertas,R_4834.jpg,.jpg,275,183,1.5027,50325,10.01,RGB
Kertas,R_4835.jpg,.jpg,262,192,1.3646,50304,13.78,RGB
Kertas,R_4836.jpg,.jpg,225,225,1.0,50625,13.38,RGB
Kertas,R_4837.jpg,.jpg,180,281,0.6406,50580,16.23,RGB
Kertas,R_4838.jpg,.jpg,267,189,1.4127,50463,14.27,RGB
Kertas,R_4839.jpg,.jpg,203,248,0.8185,50344,12.62,RGB
Kertas,R_4840.jpg,.jpg,160,160,1.0,25600,2.62,RGB
Kertas,R_4841.jpg,.jpg,252,200,1.26,50400,12.81,RGB
Kertas,R_4842.jpg,.jpg,218,231,0.9437,50358,11.68,RGB
Kertas,R_4843.jpg,.jpg,225,225,1.0,50625,14.96,RGB
Kertas,R_4844.jpg,.jpg,232,217,1.0691,50344,6.42,RGB
Kertas,R_4845.jpg,.jpg,225,225,1.0,50625,13.52,RGB
Kertas,R_4846.jpg,.jpg,225,225,1.0,50625,17.72,RGB
Kertas,R_4847.jpg,.jpg,259,194,1.3351,50246,10.86,RGB
Kertas,R_4848.jpg,.jpg,318,159,2.0,50562,10.6,RGB
Kertas,R_4849.jpg,.jpg,275,183,1.5027,50325,9.14,RGB
Kertas,R_4850.jpg,.jpg,225,225,1.0,50625,6.44,RGB
Kertas,R_4851.jpg,.jpg,183,275,0.6655,50325,7.49,RGB
Kertas,R_4852.jpg,.jpg,225,225,1.0,50625,5.47,RGB
Kertas,R_4853.jpg,.jpg,250,202,1.2376,50500,13.92,RGB
Kertas,R_4854.jpg,.jpg,300,168,1.7857,50400,13.77,RGB
Kertas,R_4855.jpg,.jpg,224,224,1.0,50176,16.6,RGB
Kertas,R_4856.jpg,.jpg,183,275,0.6655,50325,6.13,RGB
Kertas,R_4857.jpg,.jpg,275,184,1.4946,50600,12.09,RGB
Kertas,R_4858.jpg,.jpg,205,245,0.8367,50225,13.68,RGB
Kertas,R_4859.jpg,.jpg,225,225,1.0,50625,7.27,RGB
Kertas,R_4860.jpg,.jpg,194,260,0.7462,50440,17.71,RGB
Kertas,R_4861.jpg,.jpg,259,194,1.3351,50246,9.33,RGB
Kertas,R_4862.jpg,.jpg,266,189,1.4074,50274,14.59,RGB
Kertas,R_4863.jpg,.jpg,185,240,0.7708,44400,4.46,RGB
Kertas,R_4864.jpg,.jpg,275,183,1.5027,50325,7.01,RGB
Kertas,R_4865.jpg,.jpg,177,284,0.6232,50268,11.7,RGB
Kertas,R_4866.jpg,.jpg,300,168,1.7857,50400,6.62,RGB
Kertas,R_4867.jpg,.jpg,275,183,1.5027,50325,8.89,RGB
Kertas,R_4868.jpg,.jpg,252,200,1.26,50400,16.66,RGB
Kertas,R_4869.jpg,.jpg,225,225,1.0,50625,6.87,RGB
Kertas,R_4870.jpg,.jpg,267,189,1.4127,50463,17.24,RGB
Kertas,R_4871.jpg,.jpg,225,225,1.0,50625,16.67,RGB
Kertas,R_4872.jpg,.jpg,189,267,0.7079,50463,21.02,RGB
Kertas,R_4873.jpg,.jpg,275,183,1.5027,50325,5.4,RGB
Kertas,R_4874.jpg,.jpg,225,225,1.0,50625,15.22,RGB
Kertas,R_4875.jpg,.jpg,263,192,1.3698,50496,10.83,RGB
Kertas,R_4876.jpg,.jpg,225,225,1.0,50625,9.9,RGB
Kertas,R_4877.jpg,.jpg,259,194,1.3351,50246,11.71,RGB
Kertas,R_4878.jpg,.jpg,225,225,1.0,50625,11.1,RGB
Kertas,R_4879.jpg,.jpg,295,171,1.7251,50445,19.1,RGB
Kertas,R_4880.jpg,.jpg,197,256,0.7695,50432,4.94,RGB
Kertas,R_4881.jpg,.jpg,299,168,1.7798,50232,11.03,RGB
Kertas,R_4882.jpg,.jpg,225,225,1.0,50625,18.92,RGB
Kertas,R_4883.jpg,.jpg,275,183,1.5027,50325,9.38,RGB
Kertas,R_4884.jpg,.jpg,225,225,1.0,50625,7.83,RGB
Kertas,R_4885.jpg,.jpg,264,191,1.3822,50424,6.41,RGB
Kertas,R_4886.jpg,.jpg,275,183,1.5027,50325,10.88,RGB
Kertas,R_4887.jpg,.jpg,225,225,1.0,50625,13.49,RGB
Kertas,R_4888.jpg,.jpg,179,282,0.6348,50478,6.24,RGB
Kertas,R_4889.jpg,.jpg,192,263,0.73,50496,14.11,RGB
Kertas,R_4890.jpg,.jpg,225,225,1.0,50625,12.23,RGB
Kertas,R_4891.jpg,.jpg,225,225,1.0,50625,10.93,RGB
Kertas,R_4892.jpg,.jpg,225,225,1.0,50625,10.32,RGB
Kertas,R_4893.jpg,.jpg,183,275,0.6655,50325,12.24,RGB
Kertas,R_4894.jpg,.jpg,275,183,1.5027,50325,4.04,RGB
Kertas,R_4895.jpg,.jpg,225,225,1.0,50625,5.77,RGB
Kertas,R_4896.jpg,.jpg,197,256,0.7695,50432,7.96,RGB
Kertas,R_4897.jpg,.jpg,225,225,1.0,50625,10.46,RGB
Kertas,R_4898.jpg,.jpg,184,273,0.674,50232,9.83,RGB
Kertas,R_4899.jpg,.jpg,224,225,0.9956,50400,4.42,P
Kertas,R_4900.jpg,.jpg,225,225,1.0,50625,12.62,RGB
Kertas,R_4901.jpg,.jpg,275,183,1.5027,50325,11.58,RGB
Kertas,R_4902.jpg,.jpg,300,168,1.7857,50400,8.88,RGB
Kertas,R_4903.jpg,.jpg,275,183,1.5027,50325,11.82,RGB
Kertas,R_4904.jpg,.jpg,228,221,1.0317,50388,12.61,RGB
Kertas,R_4905.jpg,.jpg,275,183,1.5027,50325,12.49,RGB
Kertas,R_4906.jpg,.jpg,234,216,1.0833,50544,12.35,RGB
Kertas,R_4907.jpg,.jpg,266,189,1.4074,50274,17.23,RGB
Kertas,R_4908.jpg,.jpg,250,187,1.3369,46750,8.74,RGB
Kertas,R_4909.jpg,.jpg,282,179,1.5754,50478,5.44,RGB
Kertas,R_4910.jpg,.jpg,225,225,1.0,50625,9.11,RGB
Kertas,R_4911.jpg,.jpg,275,183,1.5027,50325,6.08,RGB
Kertas,R_4912.jpg,.jpg,183,275,0.6655,50325,8.38,RGB
Kertas,R_4913.jpg,.jpg,198,255,0.7765,50490,9.79,RGB
Kertas,R_4914.jpg,.jpg,300,168,1.7857,50400,11.08,RGB
Kertas,R_4915.jpg,.jpg,205,246,0.8333,50430,7.66,RGB
Kertas,R_4916.jpg,.jpg,257,196,1.3112,50372,10.71,RGB
Kertas,R_4917.jpg,.jpg,225,225,1.0,50625,5.74,RGB
Kertas,R_4918.jpg,.jpg,224,225,0.9956,50400,7.35,RGB
Kertas,R_4919.jpg,.jpg,249,166,1.5,41334,10.63,RGB
Kertas,R_4920.jpg,.jpg,225,225,1.0,50625,7.23,RGB
Kertas,R_4921.jpg,.jpg,238,212,1.1226,50456,10.04,RGB
Kertas,R_4922.jpg,.jpg,224,225,0.9956,50400,4.12,RGB
Kertas,R_4923.jpg,.jpg,225,225,1.0,50625,6.34,RGB
Kertas,R_4924.jpg,.jpg,276,183,1.5082,50508,3.15,RGB
Kertas,R_4925.jpg,.jpg,259,194,1.3351,50246,8.75,RGB
Kertas,R_5712.jpg,.jpg,225,225,1.0,50625,4.35,RGB
Kertas,R_5713.jpg,.jpg,225,225,1.0,50625,3.48,RGB
Kertas,R_5714.jpg,.jpg,225,225,1.0,50625,3.03,RGB
Kertas,R_5715.jpg,.jpg,225,225,1.0,50625,2.75,RGB
Kertas,R_5716.jpg,.jpg,225,225,1.0,50625,3.98,RGB
Kertas,R_5717.jpg,.jpg,225,225,1.0,50625,2.81,RGB
Kertas,R_5718.jpg,.jpg,225,225,1.0,50625,2.85,RGB
Kertas,R_5720.jpg,.jpg,200,200,1.0,40000,6.08,RGB
Kertas,R_5726.jpg,.jpg,225,225,1.0,50625,3.87,RGB
Kertas,R_5727.jpg,.jpg,225,225,1.0,50625,2.23,RGB
Kertas,R_5729.jpg,.jpg,225,225,1.0,50625,3.78,RGB
Kertas,R_5732.jpg,.jpg,232,217,1.0691,50344,3.08,RGB
Kertas,R_5733.jpg,.jpg,275,183,1.5027,50325,3.5,RGB
Kertas,R_5734.jpg,.jpg,249,202,1.2327,50298,8.91,RGB
Kertas,R_5736.jpg,.jpg,200,200,1.0,40000,4.42,RGB
Kertas,R_5738.jpg,.jpg,225,225,1.0,50625,10.71,RGB
Kertas,R_5739.jpg,.jpg,225,225,1.0,50625,3.55,RGB
Kertas,R_5744.jpg,.jpg,286,176,1.625,50336,3.29,RGB
Kertas,R_5745.jpg,.jpg,259,194,1.3351,50246,6.93,RGB
Kertas,R_5746.jpg,.jpg,225,225,1.0,50625,2.62,RGB
Kertas,R_5747.jpg,.jpg,268,188,1.4255,50384,3.43,RGB
Kertas,R_5748.jpg,.jpg,225,225,1.0,50625,3.25,RGB
Kertas,R_5750.jpg,.jpg,225,225,1.0,50625,3.76,RGB
Kertas,R_5751.jpg,.jpg,225,225,1.0,50625,2.29,RGB
Kertas,R_5753.jpg,.jpg,225,225,1.0,50625,4.32,RGB
Kertas,R_5757.jpg,.jpg,310,163,1.9018,50530,10.37,RGB
Kertas,R_5758.jpg,.jpg,225,225,1.0,50625,2.54,RGB
Kertas,R_5762.jpg,.jpg,225,225,1.0,50625,5.7,RGB
Kertas,R_5763.jpg,.jpg,225,225,1.0,50625,11.38,RGB
Kertas,R_5764.jpg,.jpg,225,225,1.0,50625,2.13,RGB
Kertas,R_5767.jpg,.jpg,225,225,1.0,50625,3.3,RGB
Kertas,R_5770.jpg,.jpg,225,225,1.0,50625,2.68,RGB
Kertas,R_5771.jpg,.jpg,225,225,1.0,50625,4.8,RGB
Kertas,R_5772.jpg,.jpg,251,201,1.2488,50451,7.32,RGB
Kertas,R_5774.jpg,.jpg,225,225,1.0,50625,4.72,RGB
Kertas,R_5775.jpg,.jpg,246,205,1.2,50430,2.29,RGB
Kertas,R_5782.jpg,.jpg,230,219,1.0502,50370,10.56,RGB
Kertas,R_5784.jpg,.jpg,303,167,1.8144,50601,7.33,RGB
Kertas,R_5785.jpg,.jpg,278,181,1.5359,50318,2.99,RGB
Kertas,R_5786.jpg,.jpg,225,225,1.0,50625,9.57,RGB
Kertas,R_5787.jpg,.jpg,219,230,0.9522,50370,3.51,RGB
Kertas,R_5789.jpg,.jpg,206,245,0.8408,50470,4.04,RGB
Kertas,R_5790.jpg,.jpg,200,200,1.0,40000,3.57,RGB
Kertas,R_5793.jpg,.jpg,230,219,1.0502,50370,6.71,RGB
Kertas,R_5794.jpg,.jpg,225,225,1.0,50625,7.39,RGB
Kertas,R_5795.jpg,.jpg,225,225,1.0,50625,3.0,RGB
Kertas,R_5796.jpg,.jpg,225,225,1.0,50625,2.98,RGB
Kertas,R_5797.jpg,.jpg,225,225,1.0,50625,6.86,RGB
Kertas,R_5798.jpg,.jpg,207,243,0.8519,50301,4.01,RGB
Kertas,R_5799.jpg,.jpg,251,201,1.2488,50451,8.73,RGB
Kertas,R_5803.jpg,.jpg,259,194,1.3351,50246,5.36,RGB
Kertas,R_5807.jpg,.jpg,266,189,1.4074,50274,4.01,RGB
Kertas,R_5808.jpg,.jpg,223,226,0.9867,50398,3.38,RGB
Kertas,R_5816.jpg,.jpg,225,225,1.0,50625,14.91,RGB
Kertas,R_5817.jpg,.jpg,225,225,1.0,50625,11.6,RGB
Kertas,R_5818.jpg,.jpg,200,200,1.0,40000,4.89,RGB
Kertas,R_5820.jpg,.jpg,275,183,1.5027,50325,5.53,RGB
Kertas,R_5822.jpg,.jpg,200,200,1.0,40000,6.01,RGB
Kertas,R_5823.jpg,.jpg,205,246,0.8333,50430,5.53,RGB
Kertas,R_5824.jpg,.jpg,225,225,1.0,50625,5.82,RGB
Kertas,R_5825.jpg,.jpg,225,225,1.0,50625,10.03,RGB
Kertas,R_5826.jpg,.jpg,225,225,1.0,50625,3.29,RGB
Kertas,R_5827.jpg,.jpg,225,225,1.0,50625,14.03,RGB
Kertas,R_5832.jpg,.jpg,227,222,1.0225,50394,5.01,RGB
Kertas,R_5833.jpg,.jpg,309,163,1.8957,50367,8.15,RGB
Kertas,R_5835.jpg,.jpg,205,246,0.8333,50430,4.22,RGB
Kertas,R_5836.jpg,.jpg,226,223,1.0135,50398,7.59,RGB
Kertas,R_5837.jpg,.jpg,225,225,1.0,50625,3.24,RGB
Kertas,R_5838.jpg,.jpg,271,186,1.457,50406,4.39,RGB
Kertas,R_5839.jpg,.jpg,225,225,1.0,50625,6.77,RGB
Kertas,R_5841.jpg,.jpg,251,201,1.2488,50451,7.69,RGB
Kertas,R_5842.jpg,.jpg,225,225,1.0,50625,2.36,RGB
Kertas,R_5843.jpg,.jpg,200,200,1.0,40000,3.57,RGB
Kertas,R_5846.jpg,.jpg,262,193,1.3575,50566,4.55,RGB
Kertas,R_5847.jpg,.jpg,410,123,3.3333,50430,3.03,RGB
Kertas,R_5851.jpg,.jpg,275,183,1.5027,50325,2.81,RGB
Kertas,R_5852.jpg,.jpg,225,225,1.0,50625,3.94,RGB
Kertas,R_5854.jpg,.jpg,225,225,1.0,50625,1.18,RGB
Kertas,R_5856.jpg,.jpg,225,224,1.0045,50400,7.46,RGB
Kertas,R_5858.jpg,.jpg,199,253,0.7866,50347,2.54,RGB
Kertas,R_5859.jpg,.jpg,275,183,1.5027,50325,3.93,RGB
Kertas,R_5860.jpg,.jpg,256,197,1.2995,50432,3.33,RGB
Kertas,R_5869.jpg,.jpg,300,168,1.7857,50400,5.56,RGB
Kertas,R_5870.jpg,.jpg,214,236,0.9068,50504,10.91,RGB
Kertas,R_5871.jpg,.jpg,228,221,1.0317,50388,11.86,RGB
Kertas,R_5872.jpg,.jpg,207,243,0.8519,50301,5.24,RGB
Kertas,R_5876.jpg,.jpg,181,279,0.6487,50499,8.29,RGB
Kertas,R_5877.jpg,.jpg,225,225,1.0,50625,3.27,RGB
Kertas,R_5878.jpg,.jpg,200,200,1.0,40000,3.94,RGB
Kertas,R_5879.jpg,.jpg,225,225,1.0,50625,4.74,RGB
Kertas,R_5880.jpg,.jpg,225,225,1.0,50625,6.68,RGB
Kertas,R_5881.jpg,.jpg,225,225,1.0,50625,3.5,RGB
Kertas,R_5882.jpg,.jpg,225,225,1.0,50625,6.1,RGB
Kertas,R_5885.jpg,.jpg,194,259,0.749,50246,3.86,RGB
Kertas,R_5887.jpg,.jpg,246,205,1.2,50430,9.07,RGB
Kertas,R_5888.jpg,.jpg,225,225,1.0,50625,12.61,RGB
Kertas,R_5889.jpg,.jpg,225,225,1.0,50625,2.12,RGB
Kertas,R_5891.jpg,.jpg,183,275,0.6655,50325,5.0,RGB
Kertas,R_5892.jpg,.jpg,225,225,1.0,50625,3.48,RGB
Kertas,R_5894.jpg,.jpg,181,279,0.6487,50499,6.11,RGB
Kertas,R_5895.jpg,.jpg,225,225,1.0,50625,4.7,RGB
Kertas,R_5897.jpg,.jpg,207,244,0.8484,50508,6.85,RGB
Kertas,R_5900.jpg,.jpg,245,206,1.1893,50470,6.55,RGB
Kertas,R_5902.jpg,.jpg,180,195,0.9231,35100,3.32,RGB
Kertas,R_5904.jpg,.jpg,225,225,1.0,50625,9.61,RGB
Kertas,R_5905.jpg,.jpg,225,225,1.0,50625,11.25,RGB
Kertas,R_5906.jpg,.jpg,225,225,1.0,50625,2.06,RGB
Kertas,R_5907.jpg,.jpg,229,220,1.0409,50380,10.26,RGB
Kertas,R_5908.jpg,.jpg,225,225,1.0,50625,3.15,RGB
Kertas,R_5909.jpg,.jpg,227,222,1.0225,50394,6.85,RGB
Kertas,R_5910.jpg,.jpg,225,225,1.0,50625,4.28,RGB
Kertas,R_5911.jpg,.jpg,199,253,0.7866,50347,10.68,RGB
Kertas,R_5912.jpg,.jpg,225,225,1.0,50625,6.57,RGB
Kertas,R_5913.jpg,.jpg,259,194,1.3351,50246,6.84,RGB
Kertas,R_5914.jpg,.jpg,225,224,1.0045,50400,5.71,RGB
Kertas,R_5915.jpg,.jpg,226,223,1.0135,50398,2.16,RGB
Kertas,R_5916.jpg,.jpg,264,191,1.3822,50424,3.43,RGB
Kertas,R_5920.jpg,.jpg,275,183,1.5027,50325,3.49,RGB
Kertas,R_5921.jpg,.jpg,225,223,1.009,50175,7.35,RGB
Kertas,R_5922.jpg,.jpg,266,190,1.4,50540,6.27,RGB
Kertas,R_5923.jpg,.jpg,203,225,0.9022,45675,21.84,RGB
Kertas,R_5925.jpg,.jpg,259,194,1.3351,50246,7.65,RGB
Kertas,R_5927.jpg,.jpg,225,225,1.0,50625,6.7,RGB
Kertas,R_5928.jpg,.jpg,275,183,1.5027,50325,4.56,RGB
Kertas,R_5933.jpg,.jpg,225,225,1.0,50625,7.31,RGB
Kertas,R_5934.jpg,.jpg,204,247,0.8259,50388,2.93,RGB
Kertas,R_5935.jpg,.jpg,225,225,1.0,50625,7.92,RGB
Kertas,R_5937.jpg,.jpg,169,299,0.5652,50531,6.8,RGB
Kertas,R_5943.jpg,.jpg,225,225,1.0,50625,4.14,RGB
Kertas,R_5944.jpg,.jpg,225,225,1.0,50625,2.71,RGB
Kertas,R_5949.jpg,.jpg,275,183,1.5027,50325,4.86,RGB
Kertas,R_5950.jpg,.jpg,254,199,1.2764,50546,4.18,RGB
Kertas,R_5951.jpg,.jpg,225,225,1.0,50625,8.67,RGB
Kertas,R_5957.jpg,.jpg,295,171,1.7251,50445,8.68,RGB
Kertas,R_5961.jpg,.jpg,225,225,1.0,50625,2.43,RGB
Kertas,R_5962.jpg,.jpg,167,302,0.553,50434,6.28,RGB
Kertas,R_5967.jpg,.jpg,355,142,2.5,50410,5.01,RGB
Kertas,R_5969.jpg,.jpg,228,221,1.0317,50388,9.55,RGB
Kertas,R_5970.jpg,.jpg,238,212,1.1226,50456,8.37,RGB
Kertas,R_5972.jpg,.jpg,225,225,1.0,50625,10.5,RGB
Kertas,R_5973.jpg,.jpg,185,272,0.6801,50320,6.72,RGB
Kertas,R_5974.jpg,.jpg,217,233,0.9313,50561,6.57,RGB
Kertas,R_5975.jpg,.jpg,224,224,1.0,50176,4.75,RGB
Kertas,R_5976.jpg,.jpg,225,225,1.0,50625,3.73,RGB
Kertas,R_5977.jpg,.jpg,220,229,0.9607,50380,5.96,RGB
Kertas,R_5981.jpg,.jpg,266,190,1.4,50540,3.5,RGB
Kertas,R_5989.jpg,.jpg,200,200,1.0,40000,2.55,RGB
Kertas,R_5992.jpg,.jpg,223,225,0.9911,50175,3.26,RGB
Kertas,R_6002.jpg,.jpg,268,188,1.4255,50384,2.49,RGB
Kertas,R_6024.jpg,.jpg,225,225,1.0,50625,3.7,RGB
Kertas,R_6030.jpg,.jpg,225,225,1.0,50625,2.95,RGB
Kertas,R_6035.jpg,.jpg,200,200,1.0,40000,1.59,RGB
Kertas,R_6037.jpg,.jpg,250,188,1.3298,47000,4.01,RGB
Kertas,R_6051.jpg,.jpg,225,225,1.0,50625,2.53,RGB
Kertas,R_6063.jpg,.jpg,275,183,1.5027,50325,5.51,RGB
Kertas,R_6064.jpg,.jpg,225,225,1.0,50625,7.65,RGB
Kertas,R_6065.jpg,.jpg,225,225,1.0,50625,8.7,RGB
Kertas,R_6071.jpg,.jpg,170,170,1.0,28900,2.62,RGB
Kertas,R_6076.jpg,.jpg,299,168,1.7798,50232,5.04,RGB
Kertas,R_6078.jpg,.jpg,222,227,0.978,50394,10.78,RGB
Kertas,R_6080.jpg,.jpg,200,216,0.9259,43200,9.71,RGB
Kertas,R_6085.jpg,.jpg,259,194,1.3351,50246,5.8,RGB
Kertas,R_6086.jpg,.jpg,259,194,1.3351,50246,5.46,RGB
Kertas,R_6094.jpg,.jpg,225,225,1.0,50625,6.96,RGB
Kertas,R_6095.jpg,.jpg,225,225,1.0,50625,8.85,RGB
Kertas,R_6096.jpg,.jpg,225,225,1.0,50625,2.41,RGB
Kertas,R_6098.jpg,.jpg,260,194,1.3402,50440,4.68,RGB
Kertas,R_6104.jpg,.jpg,280,180,1.5556,50400,2.02,RGB
Kertas,R_6113.jpg,.jpg,220,229,0.9607,50380,3.58,RGB
Kertas,R_6116.jpg,.jpg,250,201,1.2438,50250,5.74,RGB
Kertas,R_6117.jpg,.jpg,275,183,1.5027,50325,5.97,RGB
Kertas,R_6121.jpg,.jpg,232,217,1.0691,50344,7.31,RGB
Kertas,R_6123.jpg,.jpg,279,181,1.5414,50499,2.88,RGB
Kertas,R_6124.jpg,.jpg,225,225,1.0,50625,4.35,RGB
Kertas,R_6129.jpg,.jpg,195,195,1.0,38025,7.28,RGB
Kertas,R_6130.jpg,.jpg,225,225,1.0,50625,3.28,RGB
Kertas,R_6136.jpg,.jpg,238,212,1.1226,50456,7.46,RGB
Kertas,R_6140.jpg,.jpg,263,192,1.3698,50496,6.48,RGB
Kertas,R_6150.jpg,.jpg,275,183,1.5027,50325,4.49,RGB
Kertas,R_6153.jpg,.jpg,259,194,1.3351,50246,3.24,RGB
Kertas,R_6158.jpg,.jpg,207,243,0.8519,50301,5.1,RGB
Kertas,R_6160.jpg,.jpg,251,201,1.2488,50451,9.54,RGB
Kertas,R_6161.jpg,.jpg,225,225,1.0,50625,5.84,RGB
Kertas,R_6164.jpg,.jpg,200,200,1.0,40000,2.63,RGB
Kertas,R_6165.jpg,.jpg,251,201,1.2488,50451,3.86,RGB
Kertas,R_6171.jpg,.jpg,225,225,1.0,50625,1.17,RGB
Kertas,R_6172.jpg,.jpg,267,189,1.4127,50463,10.1,RGB
Kertas,R_6174.jpg,.jpg,251,201,1.2488,50451,6.34,RGB
Kertas,R_6186.jpg,.jpg,225,225,1.0,50625,4.44,RGB
Kertas,R_6187.jpg,.jpg,225,225,1.0,50625,1.91,RGB
Kertas,R_6202.jpg,.jpg,222,222,1.0,49284,3.75,RGB
Kertas,R_6208.jpg,.jpg,225,225,1.0,50625,2.04,RGB
Kertas,R_6216.jpg,.jpg,219,230,0.9522,50370,2.89,RGB
Kertas,R_6223.jpg,.jpg,222,222,1.0,49284,2.6,RGB
Kertas,R_6225.jpg,.jpg,300,168,1.7857,50400,6.73,RGB
Kertas,R_6233.jpg,.jpg,225,225,1.0,50625,3.83,RGB
Kertas,R_6240.jpg,.jpg,251,201,1.2488,50451,4.35,RGB
Kertas,R_6241.jpg,.jpg,225,225,1.0,50625,7.76,RGB
Kertas,R_6242.jpg,.jpg,274,184,1.4891,50416,7.8,RGB
Kertas,R_6252.jpg,.jpg,374,135,2.7704,50490,6.68,RGB
Kertas,R_6253.jpg,.jpg,266,190,1.4,50540,5.8,RGB
Kertas,R_6258.jpg,.jpg,225,225,1.0,50625,2.09,RGB
Kertas,R_6259.jpg,.jpg,225,225,1.0,50625,2.29,RGB
Kertas,R_6260.jpg,.jpg,225,225,1.0,50625,2.68,RGB
Kertas,R_6261.jpg,.jpg,225,225,1.0,50625,1.84,RGB
Kertas,R_6262.jpg,.jpg,284,177,1.6045,50268,4.84,RGB
Kertas,R_6263.jpg,.jpg,225,225,1.0,50625,3.52,RGB
Kertas,R_6264.jpg,.jpg,276,183,1.5082,50508,2.85,RGB
Kertas,R_6265.jpg,.jpg,225,225,1.0,50625,3.58,RGB
Kertas,R_6266.jpg,.jpg,253,199,1.2714,50347,6.17,RGB
Kertas,R_6267.jpg,.jpg,276,183,1.5082,50508,3.09,RGB
Kertas,R_6268.jpg,.jpg,278,181,1.5359,50318,2.38,RGB
Kertas,R_6269.jpg,.jpg,338,149,2.2685,50362,1.73,RGB
Kertas,R_6270.jpg,.jpg,197,255,0.7725,50235,3.97,RGB
Kertas,R_6271.jpg,.jpg,225,225,1.0,50625,4.48,P
Kertas,R_6272.jpg,.jpg,276,183,1.5082,50508,3.04,RGB
Kertas,R_6273.jpg,.jpg,225,225,1.0,50625,5.7,P
Kertas,R_6274.jpg,.jpg,225,225,1.0,50625,3.76,RGB
Kertas,R_6275.jpg,.jpg,319,158,2.019,50402,4.24,RGB
Kertas,R_6276.jpg,.jpg,225,225,1.0,50625,3.89,RGB
Kertas,R_6277.jpg,.jpg,225,225,1.0,50625,4.21,RGB
Kertas,R_6278.jpg,.jpg,276,182,1.5165,50232,2.71,RGB
Kertas,R_6279.jpg,.jpg,289,174,1.6609,50286,6.42,RGB
Kertas,R_6280.jpg,.jpg,276,183,1.5082,50508,2.73,RGB
Kertas,R_6281.jpg,.jpg,282,179,1.5754,50478,3.56,RGB
Kertas,R_6282.jpg,.jpg,261,193,1.3523,50373,4.1,RGB
Kertas,R_6283.jpg,.jpg,274,184,1.4891,50416,3.52,RGB
Kertas,R_6284.jpg,.jpg,272,185,1.4703,50320,3.04,RGB
Kertas,R_6285.jpg,.jpg,225,225,1.0,50625,2.33,RGB
Kertas,R_6286.jpg,.jpg,225,225,1.0,50625,2.14,RGB
Kertas,R_6287.jpg,.jpg,283,178,1.5899,50374,3.77,RGB
Kertas,R_6288.jpg,.jpg,288,175,1.6457,50400,4.88,P
Kertas,R_6289.jpg,.jpg,225,225,1.0,50625,1.62,RGB
Kertas,R_6290.jpg,.jpg,225,225,1.0,50625,2.27,RGB
Kertas,R_6291.jpg,.jpg,282,179,1.5754,50478,4.44,RGB
Kertas,R_6292.jpg,.jpg,275,183,1.5027,50325,3.19,RGB
Kertas,R_6293.jpg,.jpg,300,168,1.7857,50400,8.07,RGB
Kertas,R_6294.jpg,.jpg,225,225,1.0,50625,2.34,RGB
Kertas,R_6295.jpg,.jpg,276,183,1.5082,50508,2.27,RGB
Kertas,R_6296.jpg,.jpg,225,225,1.0,50625,5.54,P
Kertas,R_6297.jpg,.jpg,250,202,1.2376,50500,6.61,RGB
Kertas,R_6298.jpg,.jpg,259,194,1.3351,50246,8.06,RGB
Kertas,R_6299.jpg,.jpg,245,206,1.1893,50470,3.63,RGB
Kertas,R_6300.jpg,.jpg,271,186,1.457,50406,9.68,RGB
Kertas,R_6301.jpg,.jpg,264,191,1.3822,50424,1.91,RGB
Kertas,R_6302.jpg,.jpg,225,225,1.0,50625,1.96,RGB
Kertas,R_6303.jpg,.jpg,259,194,1.3351,50246,3.82,RGB
Kertas,R_6304.jpg,.jpg,300,168,1.7857,50400,5.42,RGB
Kertas,R_6305.jpg,.jpg,225,225,1.0,50625,2.97,RGB
Kertas,R_6306.jpg,.jpg,225,225,1.0,50625,1.37,RGB
Kertas,R_6307.jpg,.jpg,300,168,1.7857,50400,3.47,P
Kertas,R_6308.jpg,.jpg,265,190,1.3947,50350,8.36,RGB
Kertas,R_6309.jpg,.jpg,246,205,1.2,50430,1.7,RGB
Kertas,R_6310.jpg,.jpg,263,191,1.377,50233,2.32,RGB
Kertas,R_6311.jpg,.jpg,225,225,1.0,50625,1.76,RGB
Kertas,R_6312.jpg,.jpg,225,225,1.0,50625,4.03,RGB
Kertas,R_6313.jpg,.jpg,225,225,1.0,50625,2.85,RGB
Kertas,R_6314.jpg,.jpg,310,163,1.9018,50530,3.22,RGB
Kertas,R_6315.jpg,.jpg,225,225,1.0,50625,1.66,RGB
Kertas,R_6316.jpg,.jpg,310,163,1.9018,50530,3.22,RGB
Kertas,R_6317.jpg,.jpg,324,156,2.0769,50544,4.66,RGB
Kertas,R_6318.jpg,.jpg,225,225,1.0,50625,5.48,RGB
Kertas,R_6319.jpg,.jpg,263,191,1.377,50233,3.48,RGB
Kertas,R_6320.jpg,.jpg,225,225,1.0,50625,4.24,RGB
Kertas,R_6321.jpg,.jpg,275,183,1.5027,50325,2.4,RGB
Kertas,R_6322.jpg,.jpg,246,205,1.2,50430,1.87,P
Kertas,R_6323.jpg,.jpg,318,159,2.0,50562,8.2,RGB
Kertas,R_6324.jpg,.jpg,201,251,0.8008,50451,3.08,RGB
Kertas,R_6325.jpg,.jpg,225,225,1.0,50625,1.77,P
Kertas,R_6326.jpg,.jpg,275,183,1.5027,50325,1.93,RGB
Kertas,R_6327.jpg,.jpg,291,173,1.6821,50343,5.88,RGB
Kertas,R_6328.jpg,.jpg,225,225,1.0,50625,2.46,RGB
Kertas,R_6329.jpg,.jpg,225,225,1.0,50625,2.29,P
Kertas,R_6330.jpg,.jpg,261,193,1.3523,50373,2.92,RGB
Kertas,R_6331.jpg,.jpg,225,225,1.0,50625,2.19,P
Kertas,R_6332.jpg,.jpg,225,225,1.0,50625,3.92,RGB
Kertas,R_6333.jpg,.jpg,225,225,1.0,50625,1.74,RGB
Kertas,R_6334.jpg,.jpg,225,225,1.0,50625,3.67,RGB
Kertas,R_6335.jpg,.jpg,284,177,1.6045,50268,5.46,RGB
Kertas,R_6336.jpg,.jpg,225,225,1.0,50625,1.7,P
Kertas,R_6337.jpg,.jpg,276,183,1.5082,50508,2.82,RGB
Kertas,R_6338.jpg,.jpg,307,164,1.872,50348,2.08,P
Kertas,R_6339.jpg,.jpg,312,162,1.9259,50544,5.29,RGB
Kertas,R_6340.jpg,.jpg,225,225,1.0,50625,1.87,RGB
Kertas,R_6341.jpg,.jpg,300,168,1.7857,50400,6.62,RGB
Kertas,R_6342.jpg,.jpg,259,194,1.3351,50246,6.21,RGB
Kertas,R_6343.jpg,.jpg,259,194,1.3351,50246,4.03,RGB
Kertas,R_6344.jpg,.jpg,246,205,1.2,50430,1.76,RGB
Kertas,R_6345.jpg,.jpg,225,225,1.0,50625,2.38,RGB
Kertas,R_6346.jpg,.jpg,225,225,1.0,50625,1.98,RGB
Kertas,R_6347.jpg,.jpg,262,193,1.3575,50566,1.53,P
Kertas,R_6348.jpg,.jpg,264,191,1.3822,50424,4.7,RGB
Kertas,R_6349.jpg,.jpg,274,184,1.4891,50416,1.45,RGB
Kertas,R_6350.jpg,.jpg,255,198,1.2879,50490,2.31,RGB
Kertas,R_6351.jpg,.jpg,277,182,1.522,50414,2.24,RGB
Kertas,R_6352.jpg,.jpg,275,183,1.5027,50325,2.2,RGB
Kertas,R_6353.jpg,.jpg,225,225,1.0,50625,5.29,RGB
Kertas,R_6354.jpg,.jpg,217,233,0.9313,50561,2.73,P
Kertas,R_6355.jpg,.jpg,225,225,1.0,50625,2.77,RGB
Kertas,R_6356.jpg,.jpg,256,197,1.2995,50432,3.95,RGB
Kertas,R_6357.jpg,.jpg,330,153,2.1569,50490,3.09,RGB
Kertas,R_6358.jpg,.jpg,225,225,1.0,50625,3.17,RGB
Kertas,R_6359.jpg,.jpg,275,183,1.5027,50325,3.18,RGB
Kertas,R_6360.jpg,.jpg,225,225,1.0,50625,5.06,RGB
Kertas,R_6361.jpg,.jpg,249,203,1.2266,50547,2.87,RGB
Kertas,R_6362.jpg,.jpg,259,194,1.3351,50246,9.16,RGB
Kertas,R_6363.jpg,.jpg,225,225,1.0,50625,1.91,RGB
Kertas,R_6364.jpg,.jpg,337,150,2.2467,50550,2.08,RGB
Kertas,R_6365.jpg,.jpg,327,154,2.1234,50358,6.66,RGB
Kertas,R_6366.jpg,.jpg,192,262,0.7328,50304,3.15,RGB
Kertas,R_6367.jpg,.jpg,269,187,1.4385,50303,2.9,RGB
Kertas,R_6368.jpg,.jpg,191,264,0.7235,50424,2.48,RGB
Kertas,R_6369.jpg,.jpg,200,200,1.0,40000,1.63,P
Kertas,R_6370.jpg,.jpg,225,225,1.0,50625,2.76,RGB
Kertas,R_6371.jpg,.jpg,296,170,1.7412,50320,3.08,RGB
Kertas,R_6372.jpg,.jpg,322,157,2.051,50554,6.21,RGB
Kertas,R_6373.jpg,.jpg,225,225,1.0,50625,2.25,RGB
Kertas,R_6374.jpg,.jpg,292,173,1.6879,50516,1.44,P
Kertas,R_6375.jpg,.jpg,259,194,1.3351,50246,7.52,RGB
Kertas,R_6376.jpg,.jpg,275,183,1.5027,50325,3.05,RGB
Kertas,R_6377.jpg,.jpg,225,225,1.0,50625,2.27,RGB
Kertas,R_6378.jpg,.jpg,225,225,1.0,50625,3.05,RGB
Kertas,R_6379.jpg,.jpg,275,183,1.5027,50325,3.67,RGB
Kertas,R_6380.jpg,.jpg,299,168,1.7798,50232,8.01,RGB
Kertas,R_6381.jpg,.jpg,225,225,1.0,50625,2.42,RGB
Kertas,R_6382.jpg,.jpg,225,225,1.0,50625,2.47,RGB
Kertas,R_6383.jpg,.jpg,333,151,2.2053,50283,2.78,P
Kertas,R_6384.jpg,.jpg,265,190,1.3947,50350,5.47,RGB
Kertas,R_6385.jpg,.jpg,276,183,1.5082,50508,2.03,RGB
Kertas,R_6386.jpg,.jpg,264,191,1.3822,50424,1.17,RGB
Kertas,R_6387.jpg,.jpg,225,225,1.0,50625,4.97,RGB
Kertas,R_6388.jpg,.jpg,279,181,1.5414,50499,7.17,RGB
Kertas,R_6389.jpg,.jpg,225,225,1.0,50625,1.62,RGB
Kertas,R_6390.jpg,.jpg,224,224,1.0,50176,2.22,RGB
Kertas,R_6391.jpg,.jpg,246,205,1.2,50430,2.15,RGB
Kertas,R_6392.jpg,.jpg,221,228,0.9693,50388,1.72,P
Kertas,R_6393.jpg,.jpg,225,225,1.0,50625,1.56,RGB
Kertas,R_6394.jpg,.jpg,225,225,1.0,50625,3.72,RGB
Kertas,R_6395.jpg,.jpg,276,183,1.5082,50508,7.57,RGB
Kertas,R_6396.jpg,.jpg,225,225,1.0,50625,2.12,RGB
Kertas,R_6397.jpg,.jpg,281,179,1.5698,50299,2.55,RGB
Kertas,R_6398.jpg,.jpg,274,184,1.4891,50416,3.55,RGB
Kertas,R_6399.jpg,.jpg,270,186,1.4516,50220,2.33,P
Kertas,R_6400.jpg,.jpg,226,223,1.0135,50398,2.11,P
Kertas,R_6401.jpg,.jpg,263,191,1.377,50233,2.28,RGB
Kertas,R_6402.jpg,.jpg,290,174,1.6667,50460,3.34,RGB
Kertas,R_6403.jpg,.jpg,281,180,1.5611,50580,3.09,RGB
Kertas,R_6404.jpg,.jpg,225,225,1.0,50625,4.58,RGB
Kertas,R_6405.jpg,.jpg,225,225,1.0,50625,2.18,RGB
Kertas,R_6406.jpg,.jpg,271,186,1.457,50406,5.75,P
Kertas,R_6407.jpg,.jpg,252,200,1.26,50400,6.48,RGB
Kertas,R_6408.jpg,.jpg,224,224,1.0,50176,5.66,RGB
Kertas,R_6409.jpg,.jpg,225,225,1.0,50625,1.88,RGB
Kertas,R_6410.jpg,.jpg,225,225,1.0,50625,2.94,RGB
Kertas,R_6411.jpg,.jpg,195,259,0.7529,50505,5.44,P
Kertas,R_6412.jpg,.jpg,274,184,1.4891,50416,3.38,RGB
Kertas,R_6413.jpg,.jpg,335,150,2.2333,50250,3.18,RGB
Kertas,R_6414.jpg,.jpg,225,225,1.0,50625,1.92,RGB
Kertas,R_6415.jpg,.jpg,194,260,0.7462,50440,2.06,RGB
Kertas,R_6416.jpg,.jpg,485,104,4.6635,50440,3.76,RGB
Kertas,R_6417.jpg,.jpg,272,185,1.4703,50320,5.47,RGB
Kertas,R_6418.jpg,.jpg,259,194,1.3351,50246,6.11,RGB
Kertas,R_6419.jpg,.jpg,264,191,1.3822,50424,2.51,RGB
Kertas,R_6420.jpg,.jpg,225,225,1.0,50625,2.54,RGB
Kertas,R_6421.jpg,.jpg,337,149,2.2617,50213,5.35,P
Kertas,R_6422.jpg,.jpg,276,183,1.5082,50508,2.66,RGB
Kertas,R_6423.jpg,.jpg,193,262,0.7366,50566,4.92,RGB
Kertas,R_6424.jpg,.jpg,225,225,1.0,50625,2.52,RGB
Kertas,R_6425.jpg,.jpg,275,183,1.5027,50325,2.75,RGB
Kertas,R_6427.jpg,.jpg,241,209,1.1531,50369,2.05,RGB
Kertas,R_6428.jpg,.jpg,221,228,0.9693,50388,4.36,P
Kertas,R_6429.jpg,.jpg,225,225,1.0,50625,4.02,RGB
Kertas,R_6430.jpg,.jpg,355,142,2.5,50410,4.17,P
Kertas,R_6431.jpg,.jpg,314,160,1.9625,50240,0.8,P
Kertas,R_6432.jpg,.jpg,224,224,1.0,50176,2.53,RGB
Kertas,R_6433.jpg,.jpg,275,183,1.5027,50325,3.34,RGB
Kertas,R_6434.jpg,.jpg,225,225,1.0,50625,2.21,RGB
Kertas,R_6435.jpg,.jpg,268,188,1.4255,50384,3.69,RGB
Kertas,R_6436.jpg,.jpg,264,191,1.3822,50424,4.62,RGB
Kertas,R_6437.jpg,.jpg,225,225,1.0,50625,3.3,RGB
Kertas,R_6438.jpg,.jpg,228,221,1.0317,50388,5.1,RGB
Kertas,R_6439.jpg,.jpg,225,225,1.0,50625,6.59,P
Kertas,R_6440.jpg,.jpg,389,129,3.0155,50181,2.37,P
Kertas,R_6441.jpg,.jpg,220,125,1.76,27500,4.14,RGB
Kertas,R_6442.jpg,.jpg,275,183,1.5027,50325,1.69,P
Kertas,R_6443.jpg,.jpg,225,225,1.0,50625,2.04,RGB
Kertas,R_6444.jpg,.jpg,171,295,0.5797,50445,2.15,RGB
Kertas,R_6445.jpg,.jpg,275,183,1.5027,50325,4.09,RGB
Kertas,R_6446.jpg,.jpg,275,183,1.5027,50325,2.41,RGB
Kertas,R_6447.jpg,.jpg,246,205,1.2,50430,3.04,P
Kertas,R_6448.jpg,.jpg,225,225,1.0,50625,3.17,P
Kertas,R_6449.jpg,.jpg,337,150,2.2467,50550,8.05,RGB
Kertas,R_6450.jpg,.jpg,309,163,1.8957,50367,4.53,RGB
Kertas,R_6451.jpg,.jpg,225,225,1.0,50625,1.85,RGB
Kertas,R_6452.jpg,.jpg,225,225,1.0,50625,1.75,RGB
Kertas,R_6453.jpg,.jpg,300,168,1.7857,50400,7.83,RGB
Kertas,R_6454.jpg,.jpg,275,183,1.5027,50325,2.33,RGB
Kertas,R_6455.jpg,.jpg,263,192,1.3698,50496,2.88,RGB
Kertas,R_6456.jpg,.jpg,256,197,1.2995,50432,4.1,P
Kertas,R_6457.jpg,.jpg,200,200,1.0,40000,1.58,RGB
Kertas,R_6458.jpg,.jpg,225,225,1.0,50625,2.36,P
Kertas,R_6459.jpg,.jpg,256,197,1.2995,50432,2.67,RGB
Kertas,R_6460.jpg,.jpg,253,199,1.2714,50347,6.19,P
Kertas,R_6461.jpg,.jpg,300,168,1.7857,50400,9.26,RGB
Kertas,R_6462.jpg,.jpg,275,183,1.5027,50325,3.86,RGB
Kertas,R_6463.jpg,.jpg,237,213,1.1127,50481,1.13,P
Kertas,R_6464.jpg,.jpg,300,168,1.7857,50400,4.59,RGB
Kertas,R_6465.jpg,.jpg,268,188,1.4255,50384,3.18,RGB
Kertas,R_6466.jpg,.jpg,276,183,1.5082,50508,4.25,RGB
Kertas,R_6467.jpg,.jpg,277,182,1.522,50414,4.49,RGB
Kertas,R_6468.jpg,.jpg,274,184,1.4891,50416,1.72,RGB
Kertas,R_6469.jpg,.jpg,275,183,1.5027,50325,11.27,RGB
Kertas,R_6470.jpg,.jpg,336,150,2.24,50400,5.33,RGB
Kertas,R_6471.jpg,.jpg,225,225,1.0,50625,2.32,RGB
Kertas,R_6472.jpg,.jpg,353,143,2.4685,50479,5.57,RGB
Kertas,R_6473.jpg,.jpg,225,225,1.0,50625,5.49,RGB
Kertas,R_6474.jpg,.jpg,225,225,1.0,50625,1.61,P
Kertas,R_6475.jpg,.jpg,260,194,1.3402,50440,2.26,RGB
Kertas,R_6476.jpg,.jpg,266,189,1.4074,50274,2.8,RGB
Kertas,R_6477.jpg,.jpg,297,169,1.7574,50193,3.12,RGB
Kertas,R_6478.jpg,.jpg,252,200,1.26,50400,5.37,RGB
Kertas,R_6479.jpg,.jpg,297,169,1.7574,50193,6.61,RGB
Kertas,R_6480.jpg,.jpg,256,197,1.2995,50432,2.21,P
Kertas,R_6481.jpg,.jpg,296,170,1.7412,50320,6.67,RGB
Kertas,R_6482.jpg,.jpg,262,193,1.3575,50566,1.8,RGB
Kertas,R_6483.jpg,.jpg,287,176,1.6307,50512,1.16,RGB
Kertas,R_6484.jpg,.jpg,263,191,1.377,50233,2.81,RGB
Kertas,R_6485.jpg,.jpg,225,225,1.0,50625,1.66,RGB
Kertas,R_6486.jpg,.jpg,223,226,0.9867,50398,2.67,P
Kertas,R_6487.jpg,.jpg,225,225,1.0,50625,1.73,RGB
Kertas,R_6488.jpg,.jpg,275,183,1.5027,50325,2.44,RGB
Kertas,R_6489.jpg,.jpg,256,197,1.2995,50432,4.88,P
Kertas,R_6490.jpg,.jpg,225,225,1.0,50625,4.35,P
Kertas,R_6491.jpg,.jpg,225,225,1.0,50625,1.87,RGB
Kertas,R_6492.jpg,.jpg,259,194,1.3351,50246,5.11,RGB
Kertas,R_6493.jpg,.jpg,281,180,1.5611,50580,5.42,P
Kertas,R_6494.jpg,.jpg,225,225,1.0,50625,10.1,RGB
Kertas,R_6495.jpg,.jpg,162,204,0.7941,33048,3.79,RGB
Kertas,R_6496.jpg,.jpg,340,148,2.2973,50320,2.22,P
Kertas,R_6497.jpg,.jpg,275,183,1.5027,50325,2.22,RGB
Kertas,R_6498.jpg,.jpg,224,224,1.0,50176,1.62,RGB
Kertas,R_6499.jpg,.jpg,225,225,1.0,50625,3.67,RGB
Kertas,R_6500.jpg,.jpg,227,222,1.0225,50394,7.06,RGB
Kertas,R_6501.jpg,.jpg,281,179,1.5698,50299,2.33,P
Kertas,R_6502.jpg,.jpg,275,183,1.5027,50325,2.48,RGB
Kertas,R_6503.jpg,.jpg,303,166,1.8253,50298,7.75,P
Kertas,R_6504.jpg,.jpg,318,158,2.0127,50244,3.19,RGB
Kertas,R_6505.jpg,.jpg,220,163,1.3497,35860,5.54,RGB
Kertas,R_6506.jpg,.jpg,256,197,1.2995,50432,4.05,RGB
Kertas,R_6507.jpg,.jpg,183,275,0.6655,50325,3.54,P
Kertas,R_6508.jpg,.jpg,256,197,1.2995,50432,4.88,RGB
Kertas,R_6509.jpg,.jpg,225,225,1.0,50625,6.79,RGB
Kertas,R_6510.jpg,.jpg,308,164,1.878,50512,5.79,P
Kertas,R_6511.jpg,.jpg,243,208,1.1683,50544,4.01,RGB
Kertas,R_6512.jpg,.jpg,255,198,1.2879,50490,3.67,RGB
Kertas,R_6513.jpg,.jpg,296,170,1.7412,50320,2.67,RGB
Kertas,R_6514.jpg,.jpg,254,199,1.2764,50546,3.92,RGB
Kertas,R_6515.jpg,.jpg,224,224,1.0,50176,2.26,RGB
Kertas,R_6516.jpg,.jpg,246,205,1.2,50430,4.23,RGB
Kertas,R_6517.jpg,.jpg,317,159,1.9937,50403,1.63,P
Kertas,R_6518.jpg,.jpg,225,225,1.0,50625,2.05,RGB
Kertas,R_6519.jpg,.jpg,273,184,1.4837,50232,3.04,P
Kertas,R_6520.jpg,.jpg,225,225,1.0,50625,1.77,RGB
Kertas,R_6521.jpg,.jpg,417,121,3.4463,50457,4.16,P
Kertas,R_6522.jpg,.jpg,354,142,2.493,50268,3.55,P
Kertas,R_6523.jpg,.jpg,260,194,1.3402,50440,2.71,RGB
Kertas,R_6524.jpg,.jpg,255,197,1.2944,50235,2.53,P
Kertas,R_6525.jpg,.jpg,183,275,0.6655,50325,2.92,RGB
Kertas,R_6526.jpg,.jpg,225,225,1.0,50625,6.05,RGB
Kertas,R_6527.jpg,.jpg,337,150,2.2467,50550,3.17,RGB
Kertas,R_6528.jpg,.jpg,262,192,1.3646,50304,2.87,RGB
Kertas,R_6529.jpg,.jpg,353,143,2.4685,50479,4.38,RGB
Kertas,R_6530.jpg,.jpg,267,189,1.4127,50463,5.57,RGB
Kertas,R_6531.jpg,.jpg,318,158,2.0127,50244,1.87,RGB
Kertas,R_6532.jpg,.jpg,275,183,1.5027,50325,9.62,RGB
Kertas,R_6533.jpg,.jpg,241,209,1.1531,50369,6.47,RGB
Kertas,R_6534.jpg,.jpg,297,170,1.7471,50490,4.86,RGB
Kertas,R_6535.jpg,.jpg,273,185,1.4757,50505,5.83,P
Kertas,R_6536.jpg,.jpg,225,225,1.0,50625,1.47,RGB
Kertas,R_6537.jpg,.jpg,268,188,1.4255,50384,5.29,RGB
Kertas,R_6538.jpg,.jpg,333,151,2.2053,50283,8.91,RGB
Kertas,R_6539.jpg,.jpg,225,225,1.0,50625,2.25,RGB
Kertas,R_6540.jpg,.jpg,248,203,1.2217,50344,3.95,RGB
Kertas,R_6541.jpg,.jpg,300,168,1.7857,50400,5.14,RGB
Kertas,R_6542.jpg,.jpg,300,168,1.7857,50400,4.12,RGB
Kertas,R_6543.jpg,.jpg,225,225,1.0,50625,7.55,P
Kertas,R_6544.jpg,.jpg,263,191,1.377,50233,1.94,RGB
Kertas,R_6545.jpg,.jpg,267,189,1.4127,50463,2.45,P
Kertas,R_6546.jpg,.jpg,258,195,1.3231,50310,2.52,RGB
Kertas,R_6547.jpg,.jpg,256,197,1.2995,50432,6.44,RGB
Kertas,R_6548.jpg,.jpg,225,225,1.0,50625,4.53,RGB
Kertas,R_6549.jpg,.jpg,299,168,1.7798,50232,6.47,P
Kertas,R_6550.jpg,.jpg,275,183,1.5027,50325,2.51,RGB
Kertas,R_6551.jpg,.jpg,183,275,0.6655,50325,2.91,P
Kertas,R_6552.jpg,.jpg,225,225,1.0,50625,1.57,P
Kertas,R_6553.jpg,.jpg,259,194,1.3351,50246,3.45,RGB
Kertas,R_6554.jpg,.jpg,201,251,0.8008,50451,4.01,RGB
Kertas,R_6555.jpg,.jpg,243,208,1.1683,50544,2.43,RGB
Kertas,R_6556.jpg,.jpg,262,192,1.3646,50304,5.38,RGB
Kertas,R_6557.jpg,.jpg,225,225,1.0,50625,1.88,RGB
Kertas,R_6558.jpg,.jpg,225,225,1.0,50625,1.58,RGB
Kertas,R_6559.jpg,.jpg,196,257,0.7626,50372,2.05,RGB
Kertas,R_6560.jpg,.jpg,275,183,1.5027,50325,4.22,RGB
Kertas,R_6561.jpg,.jpg,274,184,1.4891,50416,1.68,RGB
Kertas,R_6562.jpg,.jpg,200,200,1.0,40000,2.19,P
Kertas,R_6563.jpg,.jpg,225,225,1.0,50625,2.46,RGB
Kertas,R_6564.jpg,.jpg,259,194,1.3351,50246,2.89,RGB
Kertas,R_6565.jpg,.jpg,275,183,1.5027,50325,6.23,RGB
Kertas,R_6566.jpg,.jpg,224,224,1.0,50176,2.72,RGB
Kertas,R_6567.jpg,.jpg,335,150,2.2333,50250,3.77,RGB
Kertas,R_6568.jpg,.jpg,225,225,1.0,50625,6.25,RGB
Kertas,R_6569.jpg,.jpg,300,168,1.7857,50400,5.38,P
Kertas,R_6570.jpg,.jpg,513,98,5.2347,50274,4.59,RGB
Kertas,R_6571.jpg,.jpg,284,177,1.6045,50268,3.63,RGB
Kertas,R_6572.jpg,.jpg,238,212,1.1226,50456,4.24,P
Kertas,R_6573.jpg,.jpg,267,188,1.4202,50196,2.2,RGB
Kertas,R_6574.jpg,.jpg,256,197,1.2995,50432,2.74,RGB
Kertas,R_6575.jpg,.jpg,275,183,1.5027,50325,8.96,RGB
Kertas,R_6576.jpg,.jpg,277,182,1.522,50414,3.8,RGB
Kertas,R_6577.jpg,.jpg,290,174,1.6667,50460,2.95,RGB
Kertas,R_6578.jpg,.jpg,295,171,1.7251,50445,8.85,RGB
Kertas,R_6579.jpg,.jpg,225,225,1.0,50625,1.94,RGB
Kertas,R_6580.jpg,.jpg,300,168,1.7857,50400,3.35,P
Kertas,R_6581.jpg,.jpg,225,224,1.0045,50400,10.87,RGB
Kertas,R_6582.jpg,.jpg,259,194,1.3351,50246,10.78,RGB
Kertas,R_6583.jpg,.jpg,192,262,0.7328,50304,5.2,P
Kertas,R_6584.jpg,.jpg,225,225,1.0,50625,4.61,RGB
Kertas,R_6585.jpg,.jpg,225,225,1.0,50625,2.21,RGB
Kertas,R_6586.jpg,.jpg,225,225,1.0,50625,3.26,RGB
Kertas,R_6587.jpg,.jpg,240,210,1.1429,50400,1.85,P
Kertas,R_6588.jpg,.jpg,259,194,1.3351,50246,2.39,RGB
Kertas,R_6589.jpg,.jpg,171,294,0.5816,50274,5.22,RGB
Kertas,R_6590.jpg,.jpg,197,255,0.7725,50235,4.21,P
Kertas,R_6591.jpg,.jpg,224,224,1.0,50176,1.92,RGB
Kertas,R_6592.jpg,.jpg,300,168,1.7857,50400,4.45,RGB
Kertas,R_6593.jpg,.jpg,224,224,1.0,50176,4.23,RGB
Kertas,R_6594.jpg,.jpg,225,225,1.0,50625,5.31,RGB
Kertas,R_6595.jpg,.jpg,194,259,0.749,50246,9.76,RGB
Kertas,R_6596.jpg,.jpg,225,225,1.0,50625,2.5,RGB
Kertas,R_6597.jpg,.jpg,189,267,0.7079,50463,6.13,P
Kertas,R_6598.jpg,.jpg,243,208,1.1683,50544,1.99,RGB
Kertas,R_6599.jpg,.jpg,225,225,1.0,50625,1.62,RGB
Kertas,R_6600.jpg,.jpg,259,194,1.3351,50246,3.01,RGB
Kertas,R_6601.jpg,.jpg,225,225,1.0,50625,2.71,RGB
Kertas,R_6602.jpg,.jpg,225,225,1.0,50625,3.36,RGB
Kertas,R_6603.jpg,.jpg,314,160,1.9625,50240,3.29,RGB
Kertas,R_6604.jpg,.jpg,256,197,1.2995,50432,4.09,RGB
Kertas,R_6605.jpg,.jpg,225,225,1.0,50625,4.63,RGB
Kertas,R_6606.jpg,.jpg,275,183,1.5027,50325,4.15,RGB
Kertas,R_6607.jpg,.jpg,224,224,1.0,50176,2.6,RGB
Kertas,R_6608.jpg,.jpg,300,168,1.7857,50400,5.43,P
Kertas,R_6609.jpg,.jpg,279,181,1.5414,50499,3.76,P
Kertas,R_6610.jpg,.jpg,300,168,1.7857,50400,4.05,RGB
Kertas,R_6611.jpg,.jpg,194,259,0.749,50246,2.76,RGB
Kertas,R_6612.jpg,.jpg,225,225,1.0,50625,5.79,RGB
Kertas,R_6613.jpg,.jpg,288,175,1.6457,50400,3.89,P
Kertas,R_6614.jpg,.jpg,275,183,1.5027,50325,3.63,RGB
Kertas,R_6615.jpg,.jpg,258,195,1.3231,50310,6.95,RGB
Kertas,R_6616.jpg,.jpg,183,275,0.6655,50325,4.19,RGB
Kertas,R_6617.jpg,.jpg,225,225,1.0,50625,1.71,RGB
Kertas,R_6618.jpg,.jpg,275,183,1.5027,50325,6.29,RGB
Kertas,R_6619.jpg,.jpg,225,225,1.0,50625,6.82,RGB
Kertas,R_6620.jpg,.jpg,318,159,2.0,50562,4.37,P
Kertas,R_6621.jpg,.jpg,173,291,0.5945,50343,3.85,P
Kertas,R_6622.jpg,.jpg,270,187,1.4439,50490,2.41,RGB
Kertas,R_6623.jpg,.jpg,243,208,1.1683,50544,3.57,RGB
Kertas,R_6624.jpg,.jpg,250,202,1.2376,50500,2.56,RGB
Kertas,R_6625.jpg,.jpg,225,225,1.0,50625,1.72,P
Kertas,R_6626.jpg,.jpg,244,207,1.1787,50508,2.95,RGB
Kertas,R_6627.jpg,.jpg,294,172,1.7093,50568,4.41,RGB
Kertas,R_6628.jpg,.jpg,225,225,1.0,50625,3.15,RGB
Kertas,R_6629.jpg,.jpg,275,183,1.5027,50325,4.12,RGB
Kertas,R_6630.jpg,.jpg,259,194,1.3351,50246,2.87,RGB
Kertas,R_6631.jpg,.jpg,180,180,1.0,32400,2.46,RGB
Kertas,R_6632.jpg,.jpg,260,194,1.3402,50440,3.9,RGB
Kertas,R_6633.jpg,.jpg,275,183,1.5027,50325,3.53,RGB
Kertas,R_6634.jpg,.jpg,253,199,1.2714,50347,5.28,P
Kertas,R_6635.jpg,.jpg,246,205,1.2,50430,2.54,RGB
Kertas,R_6636.jpg,.jpg,225,225,1.0,50625,2.75,P
Kertas,R_6637.jpg,.jpg,277,182,1.522,50414,5.06,RGB
Kertas,R_6638.jpg,.jpg,225,225,1.0,50625,3.24,RGB
Kertas,R_6639.jpg,.jpg,275,183,1.5027,50325,4.99,RGB
Kertas,R_6640.jpg,.jpg,225,225,1.0,50625,5.93,RGB
Kertas,R_6641.jpg,.jpg,275,183,1.5027,50325,2.84,P
Kertas,R_6642.jpg,.jpg,374,135,2.7704,50490,2.25,P
Kertas,R_6643.jpg,.jpg,225,225,1.0,50625,2.05,RGB
Kertas,R_6644.jpg,.jpg,275,183,1.5027,50325,2.4,RGB
Kertas,R_6645.jpg,.jpg,295,171,1.7251,50445,6.68,RGB
Kertas,R_6646.jpg,.jpg,225,225,1.0,50625,1.89,RGB
Kertas,R_6647.jpg,.jpg,193,262,0.7366,50566,4.02,RGB
Kertas,R_6648.jpg,.jpg,224,224,1.0,50176,2.11,RGB
Kertas,R_6649.jpg,.jpg,275,183,1.5027,50325,3.7,RGB
Kertas,R_6650.jpg,.jpg,273,185,1.4757,50505,2.93,P
Kertas,R_6651.jpg,.jpg,259,194,1.3351,50246,6.0,RGB
Kertas,R_6652.jpg,.jpg,224,225,0.9956,50400,4.39,RGB
Kertas,R_6653.jpg,.jpg,233,216,1.0787,50328,5.06,RGB
Kertas,R_6654.jpg,.jpg,276,183,1.5082,50508,3.71,P
Kertas,R_6655.jpg,.jpg,224,224,1.0,50176,3.37,RGB
Kertas,R_6656.jpg,.jpg,275,183,1.5027,50325,14.69,RGB
Kertas,R_6657.jpg,.jpg,226,223,1.0135,50398,5.07,RGB
Kertas,R_6658.jpg,.jpg,242,208,1.1635,50336,11.44,P
Kertas,R_6659.jpg,.jpg,226,223,1.0135,50398,3.01,RGB
Kertas,R_6660.jpg,.jpg,247,204,1.2108,50388,2.13,RGB
Kertas,R_6661.jpg,.jpg,309,163,1.8957,50367,3.11,RGB
Kertas,R_6662.jpg,.jpg,256,197,1.2995,50432,3.62,RGB
Kertas,R_6663.jpg,.jpg,266,189,1.4074,50274,9.26,RGB
Kertas,R_6664.jpg,.jpg,279,180,1.55,50220,5.62,P
Kertas,R_6665.jpg,.jpg,255,197,1.2944,50235,3.23,P
Kertas,R_6666.jpg,.jpg,225,225,1.0,50625,3.22,RGB
Kertas,R_6667.jpg,.jpg,274,184,1.4891,50416,8.08,RGB
Kertas,R_6668.jpg,.jpg,264,191,1.3822,50424,5.57,RGB
Kertas,R_6669.jpg,.jpg,275,183,1.5027,50325,10.14,RGB
Kertas,R_6670.jpg,.jpg,225,225,1.0,50625,4.31,RGB
Kertas,R_6671.jpg,.jpg,422,119,3.5462,50218,9.77,RGB
Kertas,R_6672.jpg,.jpg,290,174,1.6667,50460,6.21,RGB
Kertas,R_6673.jpg,.jpg,225,225,1.0,50625,6.43,RGB
Kertas,R_6674.jpg,.jpg,223,226,0.9867,50398,6.37,RGB
Kertas,R_6675.jpg,.jpg,338,149,2.2685,50362,1.93,RGB
Kertas,R_6676.jpg,.jpg,250,202,1.2376,50500,9.28,RGB
Kertas,R_6677.jpg,.jpg,295,171,1.7251,50445,6.42,RGB
Kertas,R_6678.jpg,.jpg,275,183,1.5027,50325,6.89,RGB
Kertas,R_6679.jpg,.jpg,311,162,1.9198,50382,5.28,P
Kertas,R_6680.jpg,.jpg,310,163,1.9018,50530,4.84,P
Kertas,R_6681.jpg,.jpg,221,229,0.9651,50609,4.97,RGB
Kertas,R_6682.jpg,.jpg,283,178,1.5899,50374,6.11,P
Kertas,R_6683.jpg,.jpg,193,261,0.7395,50373,1.69,RGB
Kertas,R_6684.jpg,.jpg,284,177,1.6045,50268,2.66,P
Kertas,R_6685.jpg,.jpg,324,156,2.0769,50544,5.75,P
Kertas,R_6686.jpg,.jpg,261,193,1.3523,50373,2.93,P
Kertas,R_6687.jpg,.jpg,243,208,1.1683,50544,4.19,RGB
Kertas,R_6688.jpg,.jpg,96,203,0.4729,19488,1.16,P
Kertas,R_6689.jpg,.jpg,245,206,1.1893,50470,5.47,RGB
Kertas,R_6690.jpg,.jpg,225,225,1.0,50625,5.48,RGB
Kertas,R_6691.jpg,.jpg,311,162,1.9198,50382,2.52,P
Kertas,R_6692.jpg,.jpg,180,180,1.0,32400,0.99,P
Kertas,R_6693.jpg,.jpg,294,171,1.7193,50274,5.0,RGB
Kertas,R_6694.jpg,.jpg,463,109,4.2477,50467,2.82,RGB
Kertas,R_6695.jpg,.jpg,355,142,2.5,50410,2.81,P
Kertas,R_6696.jpg,.jpg,260,194,1.3402,50440,2.26,RGB
Kertas,R_6697.jpg,.jpg,308,164,1.878,50512,7.71,P
Kertas,R_6698.jpg,.jpg,223,226,0.9867,50398,3.35,P
Kertas,R_6699.jpg,.jpg,379,133,2.8496,50407,4.33,RGB
Kertas,R_6700.jpg,.jpg,298,169,1.7633,50362,5.84,P
Kertas,R_6701.jpg,.jpg,276,183,1.5082,50508,6.8,RGB
Kertas,R_6702.jpg,.jpg,259,194,1.3351,50246,8.18,RGB
Kertas,R_6703.jpg,.jpg,220,229,0.9607,50380,4.22,RGB
Kertas,R_6704.jpg,.jpg,335,150,2.2333,50250,3.95,RGB
Kertas,R_6705.jpg,.jpg,302,167,1.8084,50434,4.75,P
Kertas,R_6706.jpg,.jpg,336,150,2.24,50400,2.82,P
Kertas,R_6707.jpg,.jpg,266,189,1.4074,50274,1.02,P
Kertas,R_6708.jpg,.jpg,259,194,1.3351,50246,6.6,RGB
Kertas,R_6709.jpg,.jpg,275,183,1.5027,50325,7.01,RGB
Kertas,R_6710.jpg,.jpg,257,196,1.3112,50372,3.44,P
Kertas,R_6711.jpg,.jpg,279,181,1.5414,50499,2.87,RGB
Kertas,R_6712.jpg,.jpg,262,192,1.3646,50304,8.44,RGB
Kertas,R_6713.jpg,.jpg,174,290,0.6,50460,8.11,RGB
Kertas,R_6714.jpg,.jpg,225,225,1.0,50625,2.86,RGB
Kertas,R_6715.jpg,.jpg,252,200,1.26,50400,3.5,RGB
Kertas,R_6716.jpg,.jpg,259,194,1.3351,50246,6.17,P
Kertas,R_6717.jpg,.jpg,394,128,3.0781,50432,4.78,RGB
Kertas,R_6718.jpg,.jpg,225,225,1.0,50625,1.9,RGB
Kertas,R_6719.jpg,.jpg,183,275,0.6655,50325,5.54,RGB
Kertas,R_6720.jpg,.jpg,225,225,1.0,50625,3.67,RGB
Kertas,R_6721.jpg,.jpg,197,256,0.7695,50432,4.15,RGB
Kertas,R_6722.jpg,.jpg,183,275,0.6655,50325,4.82,RGB
Kertas,R_6723.jpg,.jpg,275,183,1.5027,50325,4.5,RGB
Kertas,R_6724.jpg,.jpg,225,225,1.0,50625,3.9,P
Kertas,R_6725.jpg,.jpg,225,225,1.0,50625,1.91,RGB
Kertas,R_6726.jpg,.jpg,297,170,1.7471,50490,5.98,RGB
Kertas,R_6727.jpg,.jpg,275,183,1.5027,50325,2.28,RGB
Kertas,R_6728.jpg,.jpg,225,225,1.0,50625,3.2,RGB
Kertas,R_6729.jpg,.jpg,292,173,1.6879,50516,5.65,RGB
Kertas,R_6730.jpg,.jpg,290,174,1.6667,50460,4.27,RGB
Kertas,R_6731.jpg,.jpg,275,183,1.5027,50325,6.78,P
Kertas,R_6732.jpg,.jpg,225,225,1.0,50625,1.83,RGB
Kertas,R_6733.jpg,.jpg,224,224,1.0,50176,1.7,RGB
Kertas,R_6734.jpg,.jpg,237,212,1.1179,50244,9.32,P
Kertas,R_6735.jpg,.jpg,229,220,1.0409,50380,5.39,RGB
Kertas,R_6736.jpg,.jpg,259,194,1.3351,50246,3.54,RGB
Kertas,R_6737.jpg,.jpg,255,197,1.2944,50235,4.81,RGB
Kertas,R_6738.jpg,.jpg,335,150,2.2333,50250,3.29,RGB
Kertas,R_6739.jpg,.jpg,301,167,1.8024,50267,7.77,RGB
Kertas,R_6740.jpg,.jpg,225,225,1.0,50625,0.93,P
Kertas,R_6741.jpg,.jpg,246,205,1.2,50430,2.45,RGB
Kertas,R_6742.jpg,.jpg,225,225,1.0,50625,1.8,RGB
Kertas,R_6743.jpg,.jpg,275,183,1.5027,50325,3.08,RGB
Kertas,R_6744.jpg,.jpg,275,183,1.5027,50325,5.91,P
Kertas,R_6745.jpg,.jpg,245,206,1.1893,50470,4.34,RGB
Kertas,R_6746.jpg,.jpg,287,176,1.6307,50512,7.79,RGB
Kertas,R_6747.jpg,.jpg,335,150,2.2333,50250,5.36,RGB
Kertas,R_6748.jpg,.jpg,275,183,1.5027,50325,8.36,RGB
Kertas,R_6749.jpg,.jpg,275,183,1.5027,50325,4.87,RGB
Kertas,R_6750.jpg,.jpg,225,225,1.0,50625,3.41,RGB
Kertas,R_6751.jpg,.jpg,225,225,1.0,50625,7.78,RGB
Kertas,R_6752.jpg,.jpg,230,219,1.0502,50370,3.62,RGB
Kertas,R_6753.jpg,.jpg,225,224,1.0045,50400,6.69,RGB
Kertas,R_6754.jpg,.jpg,225,225,1.0,50625,4.54,RGB
Kertas,R_6755.jpg,.jpg,183,275,0.6655,50325,2.17,P
Kertas,R_6756.jpg,.jpg,310,163,1.9018,50530,6.38,P
Kertas,R_6757.jpg,.jpg,389,130,2.9923,50570,4.79,RGB
Kertas,R_6758.jpg,.jpg,268,188,1.4255,50384,8.31,RGB
Kertas,R_6759.jpg,.jpg,259,194,1.3351,50246,6.53,RGB
Kertas,R_6760.jpg,.jpg,220,229,0.9607,50380,4.48,RGB
Kertas,R_6761.jpg,.jpg,273,184,1.4837,50232,5.48,RGB
Kertas,R_6762.jpg,.jpg,225,225,1.0,50625,4.59,RGB
Kertas,R_6763.jpg,.jpg,180,146,1.2329,26280,3.87,RGB
Kertas,R_6764.jpg,.jpg,183,275,0.6655,50325,3.78,RGB
Kertas,R_6765.jpg,.jpg,275,183,1.5027,50325,5.45,RGB
Kertas,R_6766.jpg,.jpg,225,225,1.0,50625,11.05,RGB
Kertas,R_6767.jpg,.jpg,225,225,1.0,50625,5.06,RGB
Kertas,R_6768.jpg,.jpg,224,225,0.9956,50400,3.58,RGB
Kertas,R_6769.jpg,.jpg,225,225,1.0,50625,6.04,P
Kertas,R_6770.jpg,.jpg,256,197,1.2995,50432,9.22,RGB
Kertas,R_6771.jpg,.jpg,276,169,1.6331,46644,3.58,RGB
Kertas,R_6772.jpg,.jpg,299,168,1.7798,50232,12.08,RGB
Kertas,R_6773.jpg,.jpg,224,225,0.9956,50400,14.12,RGB
Kertas,R_6774.jpg,.jpg,275,183,1.5027,50325,9.35,RGB
Kertas,R_6775.jpg,.jpg,243,208,1.1683,50544,3.86,RGB
Kertas,R_6776.jpg,.jpg,200,200,1.0,40000,1.57,P
Kertas,R_6777.jpg,.jpg,225,225,1.0,50625,1.98,RGB
Kertas,R_6778.jpg,.jpg,301,168,1.7917,50568,6.27,RGB
Kertas,R_6779.jpg,.jpg,225,225,1.0,50625,2.75,RGB
Kertas,R_6780.jpg,.jpg,302,167,1.8084,50434,6.9,RGB
Kertas,R_6781.jpg,.jpg,275,183,1.5027,50325,4.15,RGB
Kertas,R_6782.jpg,.jpg,275,183,1.5027,50325,3.61,RGB
Kertas,R_6783.jpg,.jpg,275,183,1.5027,50325,5.32,RGB
Kertas,R_6784.jpg,.jpg,225,225,1.0,50625,2.9,RGB
Kertas,R_6785.jpg,.jpg,265,190,1.3947,50350,12.43,RGB
Kertas,R_6786.jpg,.jpg,253,199,1.2714,50347,7.49,RGB
Kertas,R_6787.jpg,.jpg,212,237,0.8945,50244,5.35,RGB
Kertas,R_6788.jpg,.jpg,253,199,1.2714,50347,1.77,P
Kertas,R_6789.jpg,.jpg,313,161,1.9441,50393,4.36,RGB
Kertas,R_6790.jpg,.jpg,224,224,1.0,50176,2.07,RGB
Kertas,R_6791.jpg,.jpg,225,225,1.0,50625,4.42,RGB
Kertas,R_6792.jpg,.jpg,275,183,1.5027,50325,5.29,RGB
Kertas,R_6793.jpg,.jpg,246,205,1.2,50430,2.48,P
Kertas,R_6794.jpg,.jpg,225,225,1.0,50625,0.86,P
Kertas,R_6795.jpg,.jpg,243,208,1.1683,50544,2.77,P
Kertas,R_6796.jpg,.jpg,261,193,1.3523,50373,8.82,RGB
Kertas,R_6797.jpg,.jpg,275,183,1.5027,50325,2.72,RGB
Kertas,R_6798.jpg,.jpg,225,225,1.0,50625,6.14,RGB
Kertas,R_6799.jpg,.jpg,225,225,1.0,50625,2.67,RGB
Kertas,R_6800.jpg,.jpg,253,199,1.2714,50347,3.94,RGB
Kertas,R_6801.jpg,.jpg,225,225,1.0,50625,2.42,RGB
Kertas,R_6802.jpg,.jpg,269,187,1.4385,50303,4.05,RGB
Kertas,R_6803.jpg,.jpg,225,225,1.0,50625,2.96,RGB
Kertas,R_6804.jpg,.jpg,225,225,1.0,50625,8.96,RGB
Kertas,R_6805.jpg,.jpg,275,183,1.5027,50325,3.62,RGB
Kertas,R_6806.jpg,.jpg,270,187,1.4439,50490,3.39,RGB
Kertas,R_6807.jpg,.jpg,225,225,1.0,50625,6.59,RGB
Kertas,R_6808.jpg,.jpg,275,183,1.5027,50325,7.84,RGB
Kertas,R_6809.jpg,.jpg,341,148,2.3041,50468,6.56,P
Kertas,R_6810.jpg,.jpg,275,183,1.5027,50325,4.36,RGB
Kertas,R_6811.jpg,.jpg,259,194,1.3351,50246,2.44,RGB
Kertas,R_6812.jpg,.jpg,310,162,1.9136,50220,3.88,P
Kertas,R_6813.jpg,.jpg,268,188,1.4255,50384,9.22,RGB
Kertas,R_6814.jpg,.jpg,268,188,1.4255,50384,2.35,RGB
Kertas,R_6815.jpg,.jpg,183,275,0.6655,50325,5.51,RGB
Kertas,R_6816.jpg,.jpg,297,170,1.7471,50490,6.24,RGB
Kertas,R_6817.jpg,.jpg,251,201,1.2488,50451,5.0,RGB
Kertas,R_6818.jpg,.jpg,225,225,1.0,50625,1.69,RGB
Kertas,R_6819.jpg,.jpg,234,215,1.0884,50310,2.53,RGB
Kertas,R_6820.jpg,.jpg,289,175,1.6514,50575,6.4,RGB
Kertas,R_6821.jpg,.jpg,225,225,1.0,50625,4.02,RGB
Kertas,R_6822.jpg,.jpg,274,184,1.4891,50416,6.77,RGB
Kertas,R_6823.jpg,.jpg,282,179,1.5754,50478,4.68,RGB
Kertas,R_6824.jpg,.jpg,279,181,1.5414,50499,15.41,RGB
Kertas,R_6825.jpg,.jpg,300,168,1.7857,50400,2.78,RGB
Kertas,R_6826.jpg,.jpg,225,225,1.0,50625,2.97,RGB
Kertas,R_6827.jpg,.jpg,225,225,1.0,50625,1.71,P
Kertas,R_6828.jpg,.jpg,180,189,0.9524,34020,2.46,RGB
Kertas,R_6829.jpg,.jpg,275,183,1.5027,50325,2.95,RGB
Kertas,R_6830.jpg,.jpg,246,205,1.2,50430,2.05,P
Kertas,R_6831.jpg,.jpg,277,182,1.522,50414,3.14,RGB
Kertas,R_6832.jpg,.jpg,225,225,1.0,50625,2.64,RGB
Kertas,R_6833.jpg,.jpg,266,189,1.4074,50274,2.34,P
Kertas,R_6834.jpg,.jpg,268,188,1.4255,50384,5.02,RGB
Kertas,R_6835.jpg,.jpg,278,181,1.5359,50318,5.0,RGB
Kertas,R_6836.jpg,.jpg,259,194,1.3351,50246,4.03,RGB
Kertas,R_6837.jpg,.jpg,300,168,1.7857,50400,4.0,RGB
Kertas,R_6838.jpg,.jpg,225,225,1.0,50625,4.74,RGB
Kertas,R_6839.jpg,.jpg,291,173,1.6821,50343,3.09,RGB
Kertas,R_6840.jpg,.jpg,256,197,1.2995,50432,5.27,RGB
Kertas,R_6841.jpg,.jpg,225,225,1.0,50625,7.92,RGB
Kertas,R_6842.jpg,.jpg,225,225,1.0,50625,2.95,RGB
Kertas,R_6843.jpg,.jpg,183,275,0.6655,50325,6.28,RGB
Kertas,R_6844.jpg,.jpg,286,176,1.625,50336,11.27,RGB
Kertas,R_6845.jpg,.jpg,225,225,1.0,50625,4.07,P
Kertas,R_6846.jpg,.jpg,275,183,1.5027,50325,4.46,RGB
Kertas,R_6847.jpg,.jpg,225,225,1.0,50625,4.82,RGB
Kertas,R_6848.jpg,.jpg,275,183,1.5027,50325,4.79,RGB
Kertas,R_6849.jpg,.jpg,225,225,1.0,50625,3.75,RGB
Kertas,R_6850.jpg,.jpg,224,225,0.9956,50400,2.55,RGB
Kertas,R_6851.jpg,.jpg,225,225,1.0,50625,2.74,RGB
Kertas,R_6852.jpg,.jpg,259,194,1.3351,50246,8.37,RGB
Kertas,R_6853.jpg,.jpg,201,251,0.8008,50451,5.97,RGB
Kertas,R_6854.jpg,.jpg,243,208,1.1683,50544,4.7,RGB
Kertas,R_6855.jpg,.jpg,275,183,1.5027,50325,12.69,RGB
Kertas,R_6856.jpg,.jpg,225,225,1.0,50625,11.28,RGB
Kertas,R_6857.jpg,.jpg,275,183,1.5027,50325,9.49,RGB
Kertas,R_6858.jpg,.jpg,259,194,1.3351,50246,5.63,RGB
Kertas,R_6859.jpg,.jpg,220,195,1.1282,42900,6.2,RGB
Kertas,R_6862.jpg,.jpg,218,231,0.9437,50358,5.28,RGB
Kertas,R_6863.jpg,.jpg,300,168,1.7857,50400,4.37,P
Kertas,R_6864.jpg,.jpg,324,155,2.0903,50220,5.07,RGB
Kertas,R_6865.jpg,.jpg,225,225,1.0,50625,3.95,RGB
Kertas,R_6866.jpg,.jpg,275,183,1.5027,50325,2.92,RGB
Kertas,R_6867.jpg,.jpg,295,171,1.7251,50445,11.27,RGB
Kertas,R_6868.jpg,.jpg,225,225,1.0,50625,6.52,RGB
Kertas,R_6869.jpg,.jpg,225,225,1.0,50625,5.68,RGB
Kertas,R_6870.jpg,.jpg,299,168,1.7798,50232,4.39,RGB
Kertas,R_6871.jpg,.jpg,251,200,1.255,50200,4.11,RGB
Kertas,R_6872.jpg,.jpg,292,173,1.6879,50516,5.96,RGB
Kertas,R_6873.jpg,.jpg,246,205,1.2,50430,3.05,P
Kertas,R_6874.jpg,.jpg,81,241,0.3361,19521,3.48,RGB
Kertas,R_6875.jpg,.jpg,173,291,0.5945,50343,8.74,RGB
Kertas,R_6876.jpg,.jpg,183,275,0.6655,50325,4.29,RGB
Kertas,R_6877.jpg,.jpg,260,194,1.3402,50440,12.38,RGB
Kertas,R_6878.jpg,.jpg,259,194,1.3351,50246,7.34,RGB
Kertas,R_6879.jpg,.jpg,259,194,1.3351,50246,8.22,RGB
Kertas,R_6880.jpg,.jpg,279,181,1.5414,50499,2.6,RGB
Kertas,R_6881.jpg,.jpg,423,119,3.5546,50337,15.16,RGB
Kertas,R_6882.jpg,.jpg,276,183,1.5082,50508,3.55,RGB
Kertas,R_6883.jpg,.jpg,251,201,1.2488,50451,3.28,RGB
Kertas,R_6884.jpg,.jpg,304,166,1.8313,50464,7.17,RGB
Kertas,R_6885.jpg,.jpg,287,176,1.6307,50512,7.12,RGB
Kertas,R_6886.jpg,.jpg,225,225,1.0,50625,0.77,P
Kertas,R_6887.jpg,.jpg,225,225,1.0,50625,4.66,RGB
Kertas,R_6888.jpg,.jpg,264,191,1.3822,50424,4.59,RGB
Kertas,R_6889.jpg,.jpg,229,220,1.0409,50380,5.43,RGB
Kertas,R_6890.jpg,.jpg,225,225,1.0,50625,5.53,P
Kertas,R_6891.jpg,.jpg,224,224,1.0,50176,3.0,RGB
Kertas,R_6892.jpg,.jpg,225,225,1.0,50625,7.14,RGB
Kertas,R_6893.jpg,.jpg,275,183,1.5027,50325,4.34,RGB
Kertas,R_6894.jpg,.jpg,225,225,1.0,50625,7.22,RGB
Kertas,R_6895.jpg,.jpg,180,189,0.9524,34020,3.17,RGB
Kertas,R_6896.jpg,.jpg,309,163,1.8957,50367,7.37,RGB
Kertas,R_6897.jpg,.jpg,389,130,2.9923,50570,11.09,RGB
Kertas,R_6898.jpg,.jpg,225,225,1.0,50625,1.88,P
Kertas,R_6899.jpg,.jpg,275,183,1.5027,50325,2.21,RGB
Kertas,R_6900.jpg,.jpg,298,169,1.7633,50362,5.52,RGB
Kertas,R_6901.jpg,.jpg,265,190,1.3947,50350,4.63,RGB
Kertas,R_6902.jpg,.jpg,225,225,1.0,50625,11.8,RGB
Kertas,R_6903.jpg,.jpg,309,163,1.8957,50367,7.63,RGB
Kertas,R_6904.jpg,.jpg,266,190,1.4,50540,3.12,RGB
Kertas,R_6905.jpg,.jpg,204,247,0.8259,50388,4.35,RGB
Kertas,R_6906.jpg,.jpg,81,241,0.3361,19521,5.43,RGB
Kertas,R_6907.jpg,.jpg,274,184,1.4891,50416,1.7,RGB
Kertas,R_6908.jpg,.jpg,229,220,1.0409,50380,6.43,RGB
Kertas,R_6909.jpg,.jpg,240,210,1.1429,50400,6.98,RGB
Kertas,R_6910.jpg,.jpg,290,174,1.6667,50460,4.87,RGB
Kertas,R_6911.jpg,.jpg,225,225,1.0,50625,5.33,RGB
Kertas,R_6912.jpg,.jpg,225,225,1.0,50625,5.49,RGB
Kertas,R_6913.jpg,.jpg,183,275,0.6655,50325,3.78,RGB
Logam,R_1623.jpg,.jpg,225,225,1.0,50625,6.99,RGB
Logam,R_1624.jpg,.jpg,224,224,1.0,50176,4.39,RGB
Logam,R_1625.jpg,.jpg,225,225,1.0,50625,6.76,RGB
Logam,R_1626.jpg,.jpg,251,201,1.2488,50451,7.52,RGB
Logam,R_1627.jpg,.jpg,225,225,1.0,50625,10.2,RGB
Logam,R_1628.jpg,.jpg,225,225,1.0,50625,3.41,RGB
Logam,R_1629.jpg,.jpg,225,225,1.0,50625,6.9,RGB
Logam,R_1630.jpg,.jpg,300,168,1.7857,50400,3.78,RGB
Logam,R_1631.jpg,.jpg,225,225,1.0,50625,7.86,RGB
Logam,R_1632.jpg,.jpg,275,183,1.5027,50325,14.31,RGB
Logam,R_1633.jpg,.jpg,225,225,1.0,50625,2.63,RGB
Logam,R_1634.jpg,.jpg,203,240,0.8458,48720,7.52,RGB
Logam,R_1635.jpg,.jpg,166,304,0.5461,50464,8.29,RGB
Logam,R_1636.jpg,.jpg,200,200,1.0,40000,4.17,RGB
Logam,R_1637.jpg,.jpg,251,201,1.2488,50451,7.63,RGB
Logam,R_1638.jpg,.jpg,234,216,1.0833,50544,12.41,RGB
Logam,R_1639.jpg,.jpg,225,225,1.0,50625,2.17,RGB
Logam,R_1640.jpg,.jpg,225,225,1.0,50625,4.32,RGB
Logam,R_1641.jpg,.jpg,197,256,0.7695,50432,5.44,RGB
Logam,R_1642.jpg,.jpg,171,295,0.5797,50445,15.51,RGB
Logam,R_1643.jpg,.jpg,299,169,1.7692,50531,3.19,RGB
Logam,R_1644.jpg,.jpg,225,225,1.0,50625,4.3,RGB
Logam,R_1645.jpg,.jpg,225,225,1.0,50625,7.39,RGB
Logam,R_1646.jpg,.jpg,224,224,1.0,50176,7.5,RGB
Logam,R_1647.jpg,.jpg,225,225,1.0,50625,8.72,RGB
Logam,R_1648.jpg,.jpg,308,164,1.878,50512,6.12,RGB
Logam,R_1649.jpg,.jpg,283,178,1.5899,50374,11.17,RGB
Logam,R_1650.jpg,.jpg,225,225,1.0,50625,4.96,RGB
Logam,R_1651.jpg,.jpg,225,225,1.0,50625,2.54,RGB
Logam,R_1652.jpg,.jpg,272,185,1.4703,50320,5.83,RGB
Logam,R_1653.jpg,.jpg,259,194,1.3351,50246,5.43,RGB
Logam,R_1654.jpg,.jpg,225,225,1.0,50625,6.66,RGB
Logam,R_1655.jpg,.jpg,299,168,1.7798,50232,2.68,RGB
Logam,R_1656.jpg,.jpg,263,192,1.3698,50496,4.93,RGB
Logam,R_1657.jpg,.jpg,275,183,1.5027,50325,2.43,RGB
Logam,R_1658.jpg,.jpg,225,225,1.0,50625,10.14,RGB
Logam,R_1659.jpg,.jpg,246,205,1.2,50430,8.53,RGB
Logam,R_1660.jpg,.jpg,275,183,1.5027,50325,7.36,RGB
Logam,R_1661.jpg,.jpg,275,183,1.5027,50325,14.35,RGB
Logam,R_1662.jpg,.jpg,221,228,0.9693,50388,7.62,RGB
Logam,R_1663.jpg,.jpg,225,225,1.0,50625,7.45,RGB
Logam,R_1664.jpg,.jpg,268,188,1.4255,50384,11.99,RGB
Logam,R_1665.jpg,.jpg,275,183,1.5027,50325,8.61,RGB
Logam,R_1666.jpg,.jpg,294,171,1.7193,50274,14.53,RGB
Logam,R_1667.jpg,.jpg,200,200,1.0,40000,3.78,P
Logam,R_1668.jpg,.jpg,225,225,1.0,50625,4.78,RGB
Logam,R_1669.jpg,.jpg,275,183,1.5027,50325,7.93,RGB
Logam,R_1670.jpg,.jpg,196,258,0.7597,50568,9.4,RGB
Logam,R_1671.jpg,.jpg,259,194,1.3351,50246,6.68,RGB
Logam,R_1672.jpg,.jpg,275,183,1.5027,50325,9.28,RGB
Logam,R_1673.jpg,.jpg,276,183,1.5082,50508,6.24,RGB
Logam,R_1674.jpg,.jpg,225,225,1.0,50625,3.66,RGB
Logam,R_1675.jpg,.jpg,225,225,1.0,50625,12.53,RGB
Logam,R_1676.jpg,.jpg,171,295,0.5797,50445,4.7,RGB
Logam,R_1677.jpg,.jpg,225,225,1.0,50625,5.24,RGB
Logam,R_1678.jpg,.jpg,225,225,1.0,50625,4.11,RGB
Logam,R_1679.jpg,.jpg,162,311,0.5209,50382,4.7,RGB
Logam,R_1680.jpg,.jpg,246,205,1.2,50430,7.42,RGB
Logam,R_1681.jpg,.jpg,225,225,1.0,50625,8.32,RGB
Logam,R_1682.jpg,.jpg,323,156,2.0705,50388,13.91,RGB
Logam,R_1683.jpg,.jpg,182,277,0.657,50414,8.02,RGB
Logam,R_1684.jpg,.jpg,225,224,1.0045,50400,10.66,RGB
Logam,R_1685.jpg,.jpg,162,311,0.5209,50382,11.15,RGB
Logam,R_1686.jpg,.jpg,225,225,1.0,50625,4.28,RGB
Logam,R_1687.jpg,.jpg,225,225,1.0,50625,5.38,RGB
Logam,R_1688.jpg,.jpg,300,168,1.7857,50400,7.09,RGB
Logam,R_1689.jpg,.jpg,225,225,1.0,50625,9.93,RGB
Logam,R_1690.jpg,.jpg,259,194,1.3351,50246,2.6,RGB
Logam,R_1691.jpg,.jpg,224,224,1.0,50176,3.75,RGB
Logam,R_1692.jpg,.jpg,263,192,1.3698,50496,3.43,RGB
Logam,R_1693.jpg,.jpg,225,225,1.0,50625,3.59,RGB
Logam,R_1694.jpg,.jpg,225,225,1.0,50625,11.11,RGB
Logam,R_1695.jpg,.jpg,241,209,1.1531,50369,3.04,RGB
Logam,R_1696.jpg,.jpg,225,225,1.0,50625,2.23,RGB
Logam,R_1697.jpg,.jpg,259,194,1.3351,50246,7.14,RGB
Logam,R_1698.jpg,.jpg,225,225,1.0,50625,9.16,RGB
Logam,R_1699.jpg,.jpg,275,183,1.5027,50325,10.13,RGB
Logam,R_1700.jpg,.jpg,275,183,1.5027,50325,4.48,RGB
Logam,R_1701.jpg,.jpg,274,184,1.4891,50416,5.37,RGB
Logam,R_1702.jpg,.jpg,225,225,1.0,50625,6.26,RGB
Logam,R_1703.jpg,.jpg,246,205,1.2,50430,7.8,RGB
Logam,R_1704.jpg,.jpg,246,205,1.2,50430,11.89,RGB
Logam,R_1705.jpg,.jpg,294,171,1.7193,50274,11.78,RGB
Logam,R_1706.jpg,.jpg,225,225,1.0,50625,7.96,RGB
Logam,R_1707.jpg,.jpg,225,225,1.0,50625,9.02,RGB
Logam,R_1708.jpg,.jpg,272,185,1.4703,50320,11.02,RGB
Logam,R_1709.jpg,.jpg,201,251,0.8008,50451,5.69,RGB
Logam,R_1710.jpg,.jpg,259,194,1.3351,50246,3.7,P
Logam,R_1711.jpg,.jpg,225,225,1.0,50625,3.13,RGB
Logam,R_1712.jpg,.jpg,225,225,1.0,50625,7.37,RGB
Logam,R_1713.jpg,.jpg,215,235,0.9149,50525,6.38,RGB
Logam,R_1714.jpg,.jpg,229,220,1.0409,50380,11.86,RGB
Logam,R_1715.jpg,.jpg,251,201,1.2488,50451,3.99,RGB
Logam,R_1716.jpg,.jpg,181,279,0.6487,50499,8.02,RGB
Logam,R_1717.jpg,.jpg,225,225,1.0,50625,9.61,RGB
Logam,R_1718.jpg,.jpg,154,299,0.5151,46046,9.74,RGB
Logam,R_1719.jpg,.jpg,252,200,1.26,50400,7.59,RGB
Logam,R_1720.jpg,.jpg,231,218,1.0596,50358,14.42,RGB
Logam,R_1721.jpg,.jpg,225,225,1.0,50625,6.22,RGB
Logam,R_1722.jpg,.jpg,249,203,1.2266,50547,4.12,RGB
Logam,R_1723.jpg,.jpg,276,183,1.5082,50508,7.65,RGB
Logam,R_1724.jpg,.jpg,261,193,1.3523,50373,3.64,RGB
Logam,R_1725.jpg,.jpg,259,194,1.3351,50246,6.4,RGB
Logam,R_1726.jpg,.jpg,224,224,1.0,50176,7.12,RGB
Logam,R_1727.jpg,.jpg,236,214,1.1028,50504,12.53,RGB
Logam,R_1728.jpg,.jpg,288,175,1.6457,50400,11.2,RGB
Logam,R_1729.jpg,.jpg,259,194,1.3351,50246,6.33,RGB
Logam,R_1730.jpg,.jpg,225,225,1.0,50625,11.1,RGB
Logam,R_1731.jpg,.jpg,276,183,1.5082,50508,12.55,RGB
Logam,R_1732.jpg,.jpg,225,225,1.0,50625,17.21,RGB
Logam,R_1733.jpg,.jpg,225,225,1.0,50625,8.74,RGB
Logam,R_1734.jpg,.jpg,220,229,0.9607,50380,6.63,RGB
Logam,R_1735.jpg,.jpg,300,168,1.7857,50400,3.42,RGB
Logam,R_1736.jpg,.jpg,220,229,0.9607,50380,8.52,RGB
Logam,R_1737.jpg,.jpg,184,274,0.6715,50416,11.82,RGB
Logam,R_1738.jpg,.jpg,275,183,1.5027,50325,17.03,RGB
Logam,R_1739.jpg,.jpg,225,225,1.0,50625,3.24,P
Logam,R_1740.jpg,.jpg,265,190,1.3947,50350,7.66,RGB
Logam,R_1741.jpg,.jpg,268,188,1.4255,50384,5.77,RGB
Logam,R_1742.jpg,.jpg,225,225,1.0,50625,6.18,RGB
Logam,R_1743.jpg,.jpg,275,183,1.5027,50325,9.99,RGB
Logam,R_1744.jpg,.jpg,259,194,1.3351,50246,7.17,RGB
Logam,R_1745.jpg,.jpg,308,163,1.8896,50204,6.66,RGB
Logam,R_1746.jpg,.jpg,225,225,1.0,50625,8.09,RGB
Logam,R_1747.jpg,.jpg,183,275,0.6655,50325,9.63,RGB
Logam,R_1748.jpg,.jpg,194,259,0.749,50246,5.96,RGB
Logam,R_1749.jpg,.jpg,340,148,2.2973,50320,17.14,RGB
Logam,R_1750.jpg,.jpg,189,267,0.7079,50463,6.09,RGB
Logam,R_1751.jpg,.jpg,177,285,0.6211,50445,9.84,RGB
Logam,R_1752.jpg,.jpg,244,207,1.1787,50508,12.65,RGB
Logam,R_1753.jpg,.jpg,341,148,2.3041,50468,10.74,RGB
Logam,R_1754.jpg,.jpg,246,204,1.2059,50184,8.79,RGB
Logam,R_1755.jpg,.jpg,268,188,1.4255,50384,5.35,RGB
Logam,R_1756.jpg,.jpg,283,178,1.5899,50374,5.12,RGB
Logam,R_1757.jpg,.jpg,225,224,1.0045,50400,10.97,RGB
Logam,R_1758.jpg,.jpg,268,188,1.4255,50384,14.98,RGB
Logam,R_1759.jpg,.jpg,282,179,1.5754,50478,17.7,RGB
Logam,R_1760.jpg,.jpg,265,190,1.3947,50350,5.15,RGB
Logam,R_1761.jpg,.jpg,225,225,1.0,50625,2.9,RGB
Logam,R_1762.jpg,.jpg,231,219,1.0548,50589,5.08,RGB
Logam,R_1763.jpg,.jpg,225,225,1.0,50625,11.99,RGB
Logam,R_1764.jpg,.jpg,225,225,1.0,50625,10.81,RGB
Logam,R_1765.jpg,.jpg,180,281,0.6406,50580,7.58,RGB
Logam,R_1766.jpg,.jpg,225,225,1.0,50625,4.86,RGB
Logam,R_1767.jpg,.jpg,225,225,1.0,50625,1.79,RGB
Logam,R_1768.jpg,.jpg,217,232,0.9353,50344,6.84,RGB
Logam,R_1769.jpg,.jpg,275,183,1.5027,50325,7.52,RGB
Logam,R_1770.jpg,.jpg,225,225,1.0,50625,6.14,RGB
Logam,R_1771.jpg,.jpg,225,225,1.0,50625,7.85,RGB
Logam,R_1772.jpg,.jpg,225,225,1.0,50625,7.39,RGB
Logam,R_1773.jpg,.jpg,225,225,1.0,50625,10.73,RGB
Logam,R_1774.jpg,.jpg,243,207,1.1739,50301,11.92,RGB
Logam,R_1775.jpg,.jpg,225,225,1.0,50625,7.54,RGB
Logam,R_1776.jpg,.jpg,300,168,1.7857,50400,5.3,RGB
Logam,R_1777.jpg,.jpg,225,225,1.0,50625,2.12,RGB
Logam,R_1778.jpg,.jpg,300,168,1.7857,50400,4.47,P
Logam,R_1779.jpg,.jpg,276,183,1.5082,50508,10.13,RGB
Logam,R_1780.jpg,.jpg,225,225,1.0,50625,10.06,RGB
Logam,R_1781.jpg,.jpg,225,225,1.0,50625,5.37,RGB
Logam,R_1782.jpg,.jpg,259,194,1.3351,50246,8.08,RGB
Logam,R_1783.jpg,.jpg,225,225,1.0,50625,6.38,RGB
Logam,R_1784.jpg,.jpg,194,259,0.749,50246,2.99,RGB
Logam,R_1785.jpg,.jpg,206,245,0.8408,50470,9.65,RGB
Logam,R_1786.jpg,.jpg,275,184,1.4946,50600,9.86,RGB
Logam,R_1787.jpg,.jpg,180,280,0.6429,50400,3.23,RGB
Logam,R_1788.jpg,.jpg,181,279,0.6487,50499,12.04,RGB
Logam,R_1789.jpg,.jpg,96,202,0.4752,19392,4.19,RGB
Logam,R_1790.jpg,.jpg,259,194,1.3351,50246,6.54,RGB
Logam,R_1791.jpg,.jpg,153,300,0.51,45900,6.15,RGB
Logam,R_1792.jpg,.jpg,183,275,0.6655,50325,2.9,RGB
Logam,R_1793.jpg,.jpg,184,274,0.6715,50416,11.95,RGB
Logam,R_1794.jpg,.jpg,217,232,0.9353,50344,9.44,RGB
Logam,R_1795.jpg,.jpg,183,275,0.6655,50325,13.12,RGB
Logam,R_1796.jpg,.jpg,275,183,1.5027,50325,7.88,RGB
Logam,R_1797.jpg,.jpg,259,195,1.3282,50505,4.0,RGB
Logam,R_1798.jpg,.jpg,225,225,1.0,50625,4.95,RGB
Logam,R_1799.jpg,.jpg,299,168,1.7798,50232,11.99,RGB
Logam,R_1800.jpg,.jpg,225,225,1.0,50625,9.02,RGB
Logam,R_1801.jpg,.jpg,212,237,0.8945,50244,11.14,RGB
Logam,R_1802.jpg,.jpg,225,225,1.0,50625,23.56,RGB
Logam,R_1803.jpg,.jpg,225,225,1.0,50625,9.62,RGB
Logam,R_1804.jpg,.jpg,225,225,1.0,50625,6.96,RGB
Logam,R_1805.jpg,.jpg,225,225,1.0,50625,4.2,RGB
Logam,R_1806.jpg,.jpg,279,180,1.55,50220,3.97,RGB
Logam,R_1807.jpg,.jpg,166,304,0.5461,50464,8.21,RGB
Logam,R_1808.jpg,.jpg,236,214,1.1028,50504,18.95,RGB
Logam,R_1809.jpg,.jpg,308,163,1.8896,50204,7.51,RGB
Logam,R_1810.jpg,.jpg,275,183,1.5027,50325,9.96,RGB
Logam,R_1811.jpg,.jpg,238,211,1.128,50218,10.46,RGB
Logam,R_1812.jpg,.jpg,273,185,1.4757,50505,9.64,RGB
Logam,R_1813.jpg,.jpg,300,168,1.7857,50400,6.66,RGB
Logam,R_1814.jpg,.jpg,275,183,1.5027,50325,9.39,RGB
Logam,R_1815.jpg,.jpg,220,229,0.9607,50380,5.74,RGB
Logam,R_1816.jpg,.jpg,244,207,1.1787,50508,5.88,RGB
Logam,R_1817.jpg,.jpg,183,275,0.6655,50325,10.23,RGB
Logam,R_1818.jpg,.jpg,225,225,1.0,50625,13.39,RGB
Logam,R_1819.jpg,.jpg,225,225,1.0,50625,5.37,RGB
Logam,R_1820.jpg,.jpg,329,153,2.1503,50337,12.77,RGB
Logam,R_1821.jpg,.jpg,252,200,1.26,50400,4.96,RGB
Logam,R_1822.jpg,.jpg,261,193,1.3523,50373,13.47,RGB
Logam,R_1823.jpg,.jpg,225,225,1.0,50625,7.23,RGB
Logam,R_1824.jpg,.jpg,225,225,1.0,50625,3.77,RGB
Logam,R_1825.jpg,.jpg,389,129,3.0155,50181,17.32,RGB
Logam,R_1826.jpg,.jpg,194,259,0.749,50246,4.36,RGB
Logam,R_1827.jpg,.jpg,425,118,3.6017,50150,10.79,RGB
Logam,R_1828.jpg,.jpg,299,168,1.7798,50232,4.63,RGB
Logam,R_1829.jpg,.jpg,166,303,0.5479,50298,8.22,RGB
Logam,R_1830.jpg,.jpg,225,225,1.0,50625,5.27,RGB
Logam,R_1831.jpg,.jpg,306,165,1.8545,50490,1.54,RGB
Logam,R_1832.jpg,.jpg,237,213,1.1127,50481,8.32,RGB
Logam,R_1833.jpg,.jpg,183,275,0.6655,50325,11.98,RGB
Logam,R_1834.jpg,.jpg,225,225,1.0,50625,3.79,RGB
Logam,R_1835.jpg,.jpg,268,188,1.4255,50384,4.55,RGB
Logam,R_1836.jpg,.jpg,160,316,0.5063,50560,10.55,RGB
Logam,R_1837.jpg,.jpg,181,279,0.6487,50499,11.16,RGB
Logam,R_1838.jpg,.jpg,225,225,1.0,50625,6.64,RGB
Logam,R_1839.jpg,.jpg,220,229,0.9607,50380,6.5,RGB
Logam,R_1840.jpg,.jpg,184,275,0.6691,50600,6.54,RGB
Logam,R_1841.jpg,.jpg,259,194,1.3351,50246,4.0,RGB
Logam,R_1842.jpg,.jpg,194,259,0.749,50246,6.75,RGB
Logam,R_1843.jpg,.jpg,225,225,1.0,50625,4.93,RGB
Logam,R_1844.jpg,.jpg,225,225,1.0,50625,1.54,P
Logam,R_1845.jpg,.jpg,288,175,1.6457,50400,13.93,RGB
Logam,R_1846.jpg,.jpg,225,225,1.0,50625,10.14,RGB
Logam,R_1847.jpg,.jpg,259,194,1.3351,50246,2.83,RGB
Logam,R_1848.jpg,.jpg,225,225,1.0,50625,8.69,RGB
Logam,R_1849.jpg,.jpg,220,229,0.9607,50380,17.13,RGB
Logam,R_1850.jpg,.jpg,308,163,1.8896,50204,6.28,RGB
Logam,R_1851.jpg,.jpg,165,305,0.541,50325,6.83,RGB
Logam,R_1852.jpg,.jpg,278,181,1.5359,50318,7.41,RGB
Logam,R_1853.jpg,.jpg,225,225,1.0,50625,6.86,RGB
Logam,R_1854.jpg,.jpg,299,168,1.7798,50232,5.99,RGB
Logam,R_1855.jpg,.jpg,284,177,1.6045,50268,5.63,RGB
Logam,R_1856.jpg,.jpg,275,183,1.5027,50325,4.53,RGB
Logam,R_1857.jpg,.jpg,180,280,0.6429,50400,3.52,RGB
Logam,R_1858.jpg,.jpg,225,225,1.0,50625,10.19,RGB
Logam,R_1859.jpg,.jpg,275,183,1.5027,50325,8.09,RGB
Logam,R_1860.jpg,.jpg,243,208,1.1683,50544,11.77,P
Logam,R_1861.jpg,.jpg,230,219,1.0502,50370,8.96,RGB
Logam,R_1862.jpg,.jpg,263,192,1.3698,50496,5.85,RGB
Logam,R_1863.jpg,.jpg,211,239,0.8828,50429,7.72,RGB
Logam,R_1864.jpg,.jpg,259,194,1.3351,50246,6.06,RGB
Logam,R_1865.jpg,.jpg,300,168,1.7857,50400,11.18,RGB
Logam,R_1866.jpg,.jpg,200,200,1.0,40000,8.53,RGB
Logam,R_1867.jpg,.jpg,291,173,1.6821,50343,4.96,RGB
Logam,R_1868.jpg,.jpg,259,194,1.3351,50246,4.59,RGB
Logam,R_1869.jpg,.jpg,225,225,1.0,50625,10.56,P
Logam,R_1870.jpg,.jpg,220,229,0.9607,50380,10.21,RGB
Logam,R_1871.jpg,.jpg,238,212,1.1226,50456,5.81,RGB
Logam,R_1872.jpg,.jpg,194,259,0.749,50246,11.09,RGB
Logam,R_1873.jpg,.jpg,284,177,1.6045,50268,16.64,RGB
Logam,R_1874.jpg,.jpg,300,168,1.7857,50400,5.68,RGB
Logam,R_1875.jpg,.jpg,166,304,0.5461,50464,8.93,RGB
Logam,R_1876.jpg,.jpg,190,266,0.7143,50540,2.46,RGB
Logam,R_1877.jpg,.jpg,215,235,0.9149,50525,3.69,P
Logam,R_1878.jpg,.jpg,225,225,1.0,50625,8.45,RGB
Logam,R_1879.jpg,.jpg,220,229,0.9607,50380,6.36,RGB
Logam,R_1880.jpg,.jpg,225,225,1.0,50625,7.57,RGB
Logam,R_1881.jpg,.jpg,281,180,1.5611,50580,5.77,RGB
Logam,R_1882.jpg,.jpg,281,180,1.5611,50580,12.68,RGB
Logam,R_1883.jpg,.jpg,225,225,1.0,50625,6.54,RGB
Logam,R_1884.jpg,.jpg,257,196,1.3112,50372,9.82,RGB
Logam,R_1885.jpg,.jpg,257,196,1.3112,50372,8.32,RGB
Logam,R_1886.jpg,.jpg,210,240,0.875,50400,9.43,RGB
Logam,R_1887.jpg,.jpg,256,197,1.2995,50432,16.63,RGB
Logam,R_1888.jpg,.jpg,275,183,1.5027,50325,7.5,RGB
Logam,R_1889.jpg,.jpg,275,183,1.5027,50325,6.27,RGB
Logam,R_1890.jpg,.jpg,259,194,1.3351,50246,7.19,RGB
Logam,R_1891.jpg,.jpg,225,225,1.0,50625,10.49,RGB
Logam,R_1892.jpg,.jpg,225,225,1.0,50625,9.59,RGB
Logam,R_1893.jpg,.jpg,275,183,1.5027,50325,12.92,RGB
Logam,R_1894.jpg,.jpg,225,225,1.0,50625,2.45,RGB
Logam,R_1895.jpg,.jpg,277,182,1.522,50414,8.37,RGB
Logam,R_1896.jpg,.jpg,190,265,0.717,50350,2.21,RGB
Logam,R_1897.jpg,.jpg,204,247,0.8259,50388,9.54,RGB
Logam,R_1898.jpg,.jpg,225,225,1.0,50625,13.7,RGB
Logam,R_1899.jpg,.jpg,255,197,1.2944,50235,12.07,RGB
Logam,R_1900.jpg,.jpg,268,188,1.4255,50384,9.19,RGB
Logam,R_1901.jpg,.jpg,259,194,1.3351,50246,6.88,RGB
Logam,R_1902.jpg,.jpg,162,311,0.5209,50382,5.95,RGB
Logam,R_1903.jpg,.jpg,259,195,1.3282,50505,2.77,RGB
Logam,R_1904.jpg,.jpg,308,163,1.8896,50204,9.69,RGB
Logam,R_1905.jpg,.jpg,212,238,0.8908,50456,3.18,RGB
Logam,R_1906.jpg,.jpg,260,177,1.4689,46020,8.04,RGB
Logam,R_1907.jpg,.jpg,300,168,1.7857,50400,14.29,RGB
Logam,R_1908.jpg,.jpg,225,225,1.0,50625,4.66,RGB
Logam,R_1909.jpg,.jpg,279,181,1.5414,50499,16.44,RGB
Logam,R_1910.jpg,.jpg,259,195,1.3282,50505,6.82,RGB
Logam,R_1911.jpg,.jpg,230,219,1.0502,50370,10.71,RGB
Logam,R_1912.jpg,.jpg,174,290,0.6,50460,8.26,RGB
Logam,R_1913.jpg,.jpg,259,194,1.3351,50246,6.3,RGB
Logam,R_1914.jpg,.jpg,225,225,1.0,50625,3.61,RGB
Logam,R_1915.jpg,.jpg,276,183,1.5082,50508,4.97,RGB
Logam,R_1916.jpg,.jpg,315,160,1.9688,50400,5.14,RGB
Logam,R_1917.jpg,.jpg,300,168,1.7857,50400,6.75,RGB
Logam,R_1918.jpg,.jpg,200,150,1.3333,30000,9.45,RGB
Logam,R_1919.jpg,.jpg,252,200,1.26,50400,5.73,RGB
Logam,R_1920.jpg,.jpg,252,200,1.26,50400,16.57,RGB
Logam,R_1921.jpg,.jpg,277,182,1.522,50414,6.54,RGB
Logam,R_1922.jpg,.jpg,172,293,0.587,50396,2.98,RGB
Logam,R_1923.jpg,.jpg,275,183,1.5027,50325,6.29,RGB
Logam,R_1924.jpg,.jpg,277,182,1.522,50414,3.89,RGB
Logam,R_1925.jpg,.jpg,274,184,1.4891,50416,10.71,RGB
Logam,R_1926.jpg,.jpg,203,248,0.8185,50344,3.68,RGB
Logam,R_1927.jpg,.jpg,254,199,1.2764,50546,5.93,RGB
Logam,R_1928.jpg,.jpg,318,159,2.0,50562,7.93,RGB
Logam,R_1929.jpg,.jpg,225,225,1.0,50625,8.12,RGB
Logam,R_1930.jpg,.jpg,251,201,1.2488,50451,8.03,RGB
Logam,R_1931.jpg,.jpg,225,225,1.0,50625,8.86,RGB
Logam,R_1932.jpg,.jpg,301,167,1.8024,50267,5.68,RGB
Logam,R_1933.jpg,.jpg,225,191,1.178,42975,7.74,RGB
Logam,R_1934.jpg,.jpg,188,268,0.7015,50384,8.6,RGB
Logam,R_1935.jpg,.jpg,225,225,1.0,50625,8.59,P
Logam,R_1936.jpg,.jpg,328,154,2.1299,50512,8.62,RGB
Logam,R_1937.jpg,.jpg,257,196,1.3112,50372,9.82,RGB
Logam,R_1938.jpg,.jpg,225,225,1.0,50625,5.72,P
Logam,R_1939.jpg,.jpg,259,195,1.3282,50505,6.78,RGB
Logam,R_1940.jpg,.jpg,189,266,0.7105,50274,5.22,RGB
Logam,R_1941.jpg,.jpg,237,213,1.1127,50481,6.43,RGB
Logam,R_1942.jpg,.jpg,259,194,1.3351,50246,5.32,RGB
Logam,R_1943.jpg,.jpg,225,225,1.0,50625,13.49,RGB
Logam,R_1944.jpg,.jpg,225,225,1.0,50625,4.1,RGB
Logam,R_1945.jpg,.jpg,174,289,0.6021,50286,7.09,RGB
Logam,R_1946.jpg,.jpg,269,187,1.4385,50303,7.37,RGB
Logam,R_1947.jpg,.jpg,275,183,1.5027,50325,6.53,RGB
Logam,R_1948.jpg,.jpg,259,194,1.3351,50246,3.24,RGB
Logam,R_1949.jpg,.jpg,97,201,0.4826,19497,5.05,RGB
Logam,R_1950.jpg,.jpg,225,225,1.0,50625,5.2,P
Logam,R_1951.jpg,.jpg,184,275,0.6691,50600,7.18,RGB
Logam,R_1952.jpg,.jpg,200,200,1.0,40000,3.01,P
Logam,R_1953.jpg,.jpg,300,168,1.7857,50400,14.82,RGB
Logam,R_1954.jpg,.jpg,275,183,1.5027,50325,10.8,RGB
Logam,R_1955.jpg,.jpg,235,215,1.093,50525,5.55,RGB
Logam,R_1956.jpg,.jpg,260,194,1.3402,50440,5.83,RGB
Logam,R_1957.jpg,.jpg,275,183,1.5027,50325,8.3,RGB
Logam,R_1958.jpg,.jpg,225,225,1.0,50625,6.97,RGB
Logam,R_1959.jpg,.jpg,206,245,0.8408,50470,4.26,P
Logam,R_1960.jpg,.jpg,275,183,1.5027,50325,5.67,RGB
Logam,R_1961.jpg,.jpg,245,206,1.1893,50470,5.13,RGB
Logam,R_1962.jpg,.jpg,300,168,1.7857,50400,6.03,RGB
Logam,R_1963.jpg,.jpg,203,249,0.8153,50547,4.24,RGB
Logam,R_1964.jpg,.jpg,230,219,1.0502,50370,9.78,RGB
Logam,R_1965.jpg,.jpg,225,152,1.4803,34200,10.14,RGB
Logam,R_1966.jpg,.jpg,301,167,1.8024,50267,18.45,RGB
Logam,R_1967.jpg,.jpg,294,171,1.7193,50274,3.78,RGB
Logam,R_1968.jpg,.jpg,211,239,0.8828,50429,7.45,RGB
Logam,R_1969.jpg,.jpg,252,200,1.26,50400,6.81,RGB
Logam,R_1970.jpg,.jpg,277,182,1.522,50414,5.39,RGB
Logam,R_1971.jpg,.jpg,300,168,1.7857,50400,5.22,RGB
Logam,R_1972.jpg,.jpg,225,225,1.0,50625,6.41,RGB
Logam,R_1973.jpg,.jpg,196,258,0.7597,50568,14.44,RGB
Logam,R_1974.jpg,.jpg,259,194,1.3351,50246,6.83,RGB
Logam,R_1975.jpg,.jpg,259,194,1.3351,50246,3.22,RGB
Logam,R_1976.jpg,.jpg,225,225,1.0,50625,5.8,RGB
Logam,R_1977.jpg,.jpg,259,194,1.3351,50246,10.16,RGB
Logam,R_1978.jpg,.jpg,225,225,1.0,50625,6.46,RGB
Logam,R_1979.jpg,.jpg,308,163,1.8896,50204,8.06,RGB
Logam,R_1980.jpg,.jpg,259,194,1.3351,50246,6.2,RGB
Logam,R_1981.jpg,.jpg,299,168,1.7798,50232,9.73,RGB
Logam,R_1982.jpg,.jpg,194,259,0.749,50246,7.55,RGB
Logam,R_1983.jpg,.jpg,194,259,0.749,50246,5.87,RGB
Logam,R_1984.jpg,.jpg,275,183,1.5027,50325,2.89,RGB
Logam,R_1985.jpg,.jpg,225,225,1.0,50625,2.72,P
Logam,R_1986.jpg,.jpg,247,204,1.2108,50388,9.24,RGB
Logam,R_1987.jpg,.jpg,290,174,1.6667,50460,3.2,RGB
Logam,R_1988.jpg,.jpg,425,118,3.6017,50150,14.19,RGB
Logam,R_1989.jpg,.jpg,163,309,0.5275,50367,14.44,RGB
Logam,R_1990.jpg,.jpg,194,259,0.749,50246,5.75,RGB
Logam,R_1991.jpg,.jpg,249,202,1.2327,50298,19.72,RGB
Logam,R_1992.jpg,.jpg,189,267,0.7079,50463,4.54,P
Logam,R_1993.jpg,.jpg,259,194,1.3351,50246,6.69,RGB
Logam,R_1994.jpg,.jpg,225,225,1.0,50625,3.33,RGB
Logam,R_1995.jpg,.jpg,225,225,1.0,50625,6.39,RGB
Logam,R_1996.jpg,.jpg,275,183,1.5027,50325,6.91,RGB
Logam,R_1997.jpg,.jpg,247,204,1.2108,50388,13.73,RGB
Logam,R_1998.jpg,.jpg,227,222,1.0225,50394,7.64,RGB
Logam,R_1999.jpg,.jpg,225,225,1.0,50625,1.94,RGB
Logam,R_2000.jpg,.jpg,235,214,1.0981,50290,6.36,RGB
Logam,R_2001.jpg,.jpg,141,273,0.5165,38493,15.38,RGB
Logam,R_2002.jpg,.jpg,253,199,1.2714,50347,4.44,RGB
Logam,R_2003.jpg,.jpg,259,194,1.3351,50246,7.21,RGB
Logam,R_2004.jpg,.jpg,167,301,0.5548,50267,7.13,RGB
Logam,R_2005.jpg,.jpg,300,168,1.7857,50400,10.62,RGB
Logam,R_2006.jpg,.jpg,268,188,1.4255,50384,14.83,RGB
Logam,R_2007.jpg,.jpg,275,183,1.5027,50325,8.21,RGB
Logam,R_2008.jpg,.jpg,224,224,1.0,50176,5.09,RGB
Logam,R_2009.jpg,.jpg,290,174,1.6667,50460,10.91,RGB
Logam,R_2010.jpg,.jpg,272,186,1.4624,50592,17.71,RGB
Logam,R_2011.jpg,.jpg,170,297,0.5724,50490,8.89,RGB
Logam,R_2012.jpg,.jpg,259,195,1.3282,50505,5.52,RGB
Logam,R_2013.jpg,.jpg,300,168,1.7857,50400,6.24,RGB
Logam,R_2014.jpg,.jpg,275,183,1.5027,50325,17.17,RGB
Logam,R_2015.jpg,.jpg,253,199,1.2714,50347,6.01,RGB
Logam,R_2016.jpg,.jpg,259,194,1.3351,50246,14.44,RGB
Logam,R_2017.jpg,.jpg,178,284,0.6268,50552,7.82,RGB
Logam,R_2018.jpg,.jpg,281,180,1.5611,50580,9.6,RGB
Logam,R_2019.jpg,.jpg,165,306,0.5392,50490,6.81,RGB
Logam,R_2020.jpg,.jpg,127,225,0.5644,28575,5.18,RGB
Logam,R_2021.jpg,.jpg,259,194,1.3351,50246,20.64,RGB
Logam,R_2022.jpg,.jpg,323,156,2.0705,50388,11.46,RGB
Logam,R_2023.jpg,.jpg,201,251,0.8008,50451,3.42,RGB
Logam,R_2024.jpg,.jpg,300,168,1.7857,50400,16.1,RGB
Logam,R_2025.jpg,.jpg,256,197,1.2995,50432,6.37,RGB
Logam,R_2026.jpg,.jpg,189,247,0.7652,46683,11.44,RGB
Logam,R_2027.jpg,.jpg,175,288,0.6076,50400,20.14,RGB
Logam,R_2028.jpg,.jpg,283,178,1.5899,50374,8.64,RGB
Logam,R_2029.jpg,.jpg,275,183,1.5027,50325,10.48,RGB
Logam,R_2030.jpg,.jpg,275,183,1.5027,50325,5.29,RGB
Logam,R_2031.jpg,.jpg,266,189,1.4074,50274,12.54,RGB
Logam,R_2032.jpg,.jpg,231,218,1.0596,50358,7.36,RGB
Logam,R_2033.jpg,.jpg,284,177,1.6045,50268,10.02,RGB
Logam,R_2034.jpg,.jpg,205,246,0.8333,50430,7.12,RGB
Logam,R_2035.jpg,.jpg,290,174,1.6667,50460,18.38,RGB
Logam,R_2036.jpg,.jpg,258,196,1.3163,50568,17.39,RGB
Logam,R_2037.jpg,.jpg,225,225,1.0,50625,6.27,RGB
Logam,R_2038.jpg,.jpg,173,291,0.5945,50343,7.28,RGB
Logam,R_2039.jpg,.jpg,90,217,0.4147,19530,5.61,RGB
Logam,R_2040.jpg,.jpg,288,175,1.6457,50400,7.35,RGB
Logam,R_2041.jpg,.jpg,162,311,0.5209,50382,10.46,RGB
Logam,R_2042.jpg,.jpg,300,168,1.7857,50400,3.48,RGB
Logam,R_2043.jpg,.jpg,269,188,1.4309,50572,8.13,RGB
Logam,R_2044.jpg,.jpg,328,154,2.1299,50512,5.1,RGB
Logam,R_2045.jpg,.jpg,275,184,1.4946,50600,5.57,RGB
Logam,R_2046.jpg,.jpg,248,203,1.2217,50344,6.48,RGB
Logam,R_2047.jpg,.jpg,250,153,1.634,38250,4.7,RGB
Logam,R_2048.jpg,.jpg,225,225,1.0,50625,5.61,RGB
Logam,R_2049.jpg,.jpg,211,238,0.8866,50218,4.34,RGB
Logam,R_2050.jpg,.jpg,275,183,1.5027,50325,4.87,RGB
Logam,R_2051.jpg,.jpg,252,200,1.26,50400,11.23,RGB
Logam,R_2052.jpg,.jpg,225,225,1.0,50625,9.84,RGB
Logam,R_2053.jpg,.jpg,225,225,1.0,50625,9.12,RGB
Logam,R_2054.jpg,.jpg,188,268,0.7015,50384,4.88,RGB
Logam,R_2055.jpg,.jpg,224,224,1.0,50176,7.84,RGB
Logam,R_2056.jpg,.jpg,203,249,0.8153,50547,4.68,RGB
Logam,R_2057.jpg,.jpg,218,231,0.9437,50358,6.92,RGB
Logam,R_2058.jpg,.jpg,262,192,1.3646,50304,4.72,RGB
Logam,R_2059.jpg,.jpg,280,180,1.5556,50400,5.51,RGB
Logam,R_2060.jpg,.jpg,237,213,1.1127,50481,15.45,RGB
Logam,R_2061.jpg,.jpg,308,163,1.8896,50204,6.18,RGB
Logam,R_2062.jpg,.jpg,183,275,0.6655,50325,12.98,RGB
Logam,R_2063.jpg,.jpg,164,308,0.5325,50512,6.73,P
Logam,R_2064.jpg,.jpg,278,181,1.5359,50318,5.04,RGB
Logam,R_2065.jpg,.jpg,275,183,1.5027,50325,9.98,RGB
Logam,R_2066.jpg,.jpg,259,195,1.3282,50505,2.99,RGB
Logam,R_2067.jpg,.jpg,263,191,1.377,50233,7.6,RGB
Logam,R_2068.jpg,.jpg,259,194,1.3351,50246,5.27,RGB
Logam,R_2069.jpg,.jpg,276,182,1.5165,50232,5.71,RGB
Logam,R_2070.jpg,.jpg,220,229,0.9607,50380,3.36,RGB
Logam,R_2071.jpg,.jpg,260,194,1.3402,50440,4.61,RGB
Logam,R_2072.jpg,.jpg,225,225,1.0,50625,3.42,P
Logam,R_2073.jpg,.jpg,87,223,0.3901,19401,4.92,RGB
Logam,R_2074.jpg,.jpg,183,276,0.663,50508,7.12,RGB
Logam,R_2075.jpg,.jpg,159,318,0.5,50562,4.2,P
Logam,R_2076.jpg,.jpg,225,225,1.0,50625,17.51,RGB
Logam,R_2077.jpg,.jpg,241,209,1.1531,50369,13.63,RGB
Logam,R_2078.jpg,.jpg,206,245,0.8408,50470,9.89,RGB
Logam,R_2079.jpg,.jpg,328,154,2.1299,50512,17.83,RGB
Logam,R_2080.jpg,.jpg,200,252,0.7937,50400,8.17,RGB
Logam,R_2081.jpg,.jpg,262,192,1.3646,50304,10.77,RGB
Logam,R_2082.jpg,.jpg,194,259,0.749,50246,7.14,RGB
Logam,R_2083.jpg,.jpg,225,225,1.0,50625,9.57,RGB
Logam,R_2084.jpg,.jpg,327,154,2.1234,50358,7.47,RGB
Logam,R_2085.jpg,.jpg,259,194,1.3351,50246,3.69,P
Logam,R_2086.jpg,.jpg,220,230,0.9565,50600,8.06,RGB
Logam,R_2087.jpg,.jpg,165,306,0.5392,50490,4.64,RGB
Logam,R_2088.jpg,.jpg,304,166,1.8313,50464,3.82,RGB
Logam,R_2089.jpg,.jpg,209,241,0.8672,50369,8.45,RGB
Logam,R_2090.jpg,.jpg,180,280,0.6429,50400,2.52,RGB
Logam,R_2091.jpg,.jpg,170,297,0.5724,50490,9.25,RGB
Logam,R_2092.jpg,.jpg,225,225,1.0,50625,6.24,RGB
Logam,R_2093.jpg,.jpg,259,194,1.3351,50246,12.48,RGB
Logam,R_2094.jpg,.jpg,267,189,1.4127,50463,9.89,RGB
Logam,R_2095.jpg,.jpg,211,239,0.8828,50429,8.03,RGB
Logam,R_2096.jpg,.jpg,269,188,1.4309,50572,5.96,RGB
Logam,R_2097.jpg,.jpg,163,309,0.5275,50367,10.45,RGB
Logam,R_2098.jpg,.jpg,225,225,1.0,50625,7.85,RGB
Logam,R_2099.jpg,.jpg,168,301,0.5581,50568,6.54,RGB
Logam,R_2100.jpg,.jpg,259,194,1.3351,50246,7.68,RGB
Logam,R_2101.jpg,.jpg,159,318,0.5,50562,6.58,RGB
Logam,R_2102.jpg,.jpg,254,198,1.2828,50292,18.09,RGB
Logam,R_2103.jpg,.jpg,258,195,1.3231,50310,8.05,RGB
Logam,R_2104.jpg,.jpg,262,193,1.3575,50566,4.85,RGB
Logam,R_2105.jpg,.jpg,299,168,1.7798,50232,6.21,RGB
Logam,R_2106.jpg,.jpg,259,194,1.3351,50246,6.14,RGB
Logam,R_2107.jpg,.jpg,185,272,0.6801,50320,15.4,RGB
Logam,R_2108.jpg,.jpg,220,229,0.9607,50380,3.99,RGB
Logam,R_2109.jpg,.jpg,225,225,1.0,50625,7.5,RGB
Logam,R_2110.jpg,.jpg,275,183,1.5027,50325,5.29,RGB
Logam,R_2111.jpg,.jpg,297,169,1.7574,50193,10.15,RGB
Logam,R_2112.jpg,.jpg,288,175,1.6457,50400,8.95,RGB
Logam,R_2113.jpg,.jpg,170,296,0.5743,50320,7.96,RGB
Logam,R_2114.jpg,.jpg,300,168,1.7857,50400,6.97,RGB
Logam,R_2115.jpg,.jpg,183,275,0.6655,50325,4.76,RGB
Logam,R_2116.jpg,.jpg,225,225,1.0,50625,5.83,RGB
Logam,R_2117.jpg,.jpg,232,217,1.0691,50344,4.32,RGB
Logam,R_2118.jpg,.jpg,200,251,0.7968,50200,3.21,RGB
Logam,R_2119.jpg,.jpg,308,163,1.8896,50204,5.61,RGB
Logam,R_2120.jpg,.jpg,284,177,1.6045,50268,6.35,RGB
Logam,R_2121.jpg,.jpg,241,209,1.1531,50369,4.22,RGB
Logam,R_2122.jpg,.jpg,306,165,1.8545,50490,11.21,RGB
Logam,R_2123.jpg,.jpg,220,229,0.9607,50380,8.83,RGB
Logam,R_2124.jpg,.jpg,246,205,1.2,50430,5.91,RGB
Logam,R_2125.jpg,.jpg,236,214,1.1028,50504,6.8,RGB
Logam,R_2126.jpg,.jpg,258,196,1.3163,50568,11.45,RGB
Logam,R_2127.jpg,.jpg,384,131,2.9313,50304,14.0,RGB
Logam,R_2128.jpg,.jpg,225,225,1.0,50625,8.51,RGB
Logam,R_2129.jpg,.jpg,228,221,1.0317,50388,9.03,RGB
Logam,R_2130.jpg,.jpg,299,168,1.7798,50232,12.21,RGB
Logam,R_2131.jpg,.jpg,232,217,1.0691,50344,13.49,RGB
Logam,R_2132.jpg,.jpg,225,225,1.0,50625,6.65,RGB
Logam,R_2133.jpg,.jpg,225,225,1.0,50625,6.18,RGB
Logam,R_2134.jpg,.jpg,194,259,0.749,50246,13.07,RGB
Logam,R_2135.jpg,.jpg,194,259,0.749,50246,6.08,RGB
Logam,R_2136.jpg,.jpg,259,195,1.3282,50505,6.29,RGB
Logam,R_2137.jpg,.jpg,328,154,2.1299,50512,6.27,RGB
Logam,R_2138.jpg,.jpg,193,262,0.7366,50566,3.91,RGB
Logam,R_2139.jpg,.jpg,194,259,0.749,50246,4.61,RGB
Logam,R_2140.jpg,.jpg,259,194,1.3351,50246,6.53,RGB
Logam,R_2141.jpg,.jpg,191,263,0.7262,50233,5.48,RGB
Logam,R_2142.jpg,.jpg,235,214,1.0981,50290,5.99,RGB
Logam,R_2143.jpg,.jpg,259,194,1.3351,50246,7.91,RGB
Logam,R_2144.jpg,.jpg,259,194,1.3351,50246,5.81,RGB
Logam,R_2145.jpg,.jpg,182,277,0.657,50414,5.68,RGB
Logam,R_2146.jpg,.jpg,275,183,1.5027,50325,13.88,RGB
Logam,R_2147.jpg,.jpg,300,168,1.7857,50400,6.31,RGB
Logam,R_2148.jpg,.jpg,259,194,1.3351,50246,2.94,RGB
Logam,R_2149.jpg,.jpg,259,194,1.3351,50246,11.4,RGB
Logam,R_2150.jpg,.jpg,259,194,1.3351,50246,6.32,RGB
Logam,R_2151.jpg,.jpg,225,225,1.0,50625,5.21,RGB
Logam,R_2491.jpg,.jpg,170,254,0.6693,43180,6.06,RGB
Logam,R_2492.jpg,.jpg,262,192,1.3646,50304,7.2,RGB
Logam,R_2493.jpg,.jpg,253,199,1.2714,50347,6.9,RGB
Logam,R_2494.jpg,.jpg,287,176,1.6307,50512,7.21,RGB
Logam,R_2495.jpg,.jpg,276,183,1.5082,50508,7.06,RGB
Logam,R_2496.jpg,.jpg,295,171,1.7251,50445,6.64,RGB
Logam,R_2497.jpg,.jpg,275,183,1.5027,50325,7.32,RGB
Logam,R_2498.jpg,.jpg,225,225,1.0,50625,6.09,RGB
Logam,R_2499.jpg,.jpg,271,186,1.457,50406,5.56,RGB
Logam,R_2500.jpg,.jpg,277,182,1.522,50414,9.49,RGB
Logam,R_2501.jpg,.jpg,225,225,1.0,50625,5.05,RGB
Logam,R_2502.jpg,.jpg,259,194,1.3351,50246,7.96,RGB
Logam,R_2503.jpg,.jpg,225,225,1.0,50625,5.53,RGB
Logam,R_2504.jpg,.jpg,320,158,2.0253,50560,11.05,RGB
Logam,R_2505.jpg,.jpg,224,224,1.0,50176,5.2,RGB
Logam,R_2506.jpg,.jpg,225,225,1.0,50625,3.5,RGB
Logam,R_2507.jpg,.jpg,275,183,1.5027,50325,7.46,RGB
Logam,R_2508.jpg,.jpg,265,190,1.3947,50350,6.86,RGB
Logam,R_2509.jpg,.jpg,259,194,1.3351,50246,8.59,RGB
Logam,R_2510.jpg,.jpg,215,234,0.9188,50310,5.68,RGB
Logam,R_2511.jpg,.jpg,216,233,0.927,50328,6.39,RGB
Logam,R_2512.jpg,.jpg,235,214,1.0981,50290,9.38,RGB
Logam,R_2513.jpg,.jpg,275,183,1.5027,50325,6.46,RGB
Logam,R_2514.jpg,.jpg,318,159,2.0,50562,8.65,RGB
Logam,R_2515.jpg,.jpg,275,183,1.5027,50325,8.68,RGB
Logam,R_2516.jpg,.jpg,249,202,1.2327,50298,6.47,RGB
Logam,R_2517.jpg,.jpg,275,183,1.5027,50325,7.51,RGB
Logam,R_2518.jpg,.jpg,275,183,1.5027,50325,9.63,RGB
Logam,R_2519.jpg,.jpg,225,225,1.0,50625,7.02,RGB
Logam,R_2520.jpg,.jpg,252,200,1.26,50400,7.25,RGB
Logam,R_2521.jpg,.jpg,266,190,1.4,50540,5.05,RGB
Logam,R_2522.jpg,.jpg,301,167,1.8024,50267,8.06,RGB
Logam,R_2523.jpg,.jpg,225,225,1.0,50625,4.89,RGB
Logam,R_2524.jpg,.jpg,259,194,1.3351,50246,5.35,RGB
Logam,R_2525.jpg,.jpg,259,194,1.3351,50246,6.25,RGB
Logam,R_2526.jpg,.jpg,260,194,1.3402,50440,5.92,RGB
Logam,R_2527.jpg,.jpg,260,194,1.3402,50440,8.6,RGB
Logam,R_2528.jpg,.jpg,225,225,1.0,50625,3.96,RGB
Logam,R_2529.jpg,.jpg,225,225,1.0,50625,2.9,RGB
Logam,R_2530.jpg,.jpg,225,225,1.0,50625,8.02,RGB
Logam,R_2531.jpg,.jpg,274,184,1.4891,50416,8.28,RGB
Logam,R_2532.jpg,.jpg,259,194,1.3351,50246,16.83,RGB
Logam,R_2533.jpg,.jpg,225,225,1.0,50625,4.64,RGB
Logam,R_2534.jpg,.jpg,241,209,1.1531,50369,4.81,RGB
Logam,R_2535.jpg,.jpg,275,183,1.5027,50325,7.76,RGB
Logam,R_2536.jpg,.jpg,225,225,1.0,50625,11.02,RGB
Logam,R_2537.jpg,.jpg,269,187,1.4385,50303,9.12,RGB
Logam,R_2538.jpg,.jpg,200,200,1.0,40000,5.55,RGB
Logam,R_2539.jpg,.jpg,259,194,1.3351,50246,9.91,RGB
Logam,R_2540.jpg,.jpg,183,275,0.6655,50325,6.85,RGB
Logam,R_2541.jpg,.jpg,183,275,0.6655,50325,7.43,RGB
Logam,R_2542.jpg,.jpg,297,169,1.7574,50193,5.68,RGB
Logam,R_2543.jpg,.jpg,259,194,1.3351,50246,14.65,RGB
Logam,R_2544.jpg,.jpg,220,229,0.9607,50380,8.16,RGB
Logam,R_2545.jpg,.jpg,225,225,1.0,50625,4.29,RGB
Logam,R_2546.jpg,.jpg,289,174,1.6609,50286,6.5,RGB
Logam,R_2547.jpg,.jpg,201,251,0.8008,50451,8.88,RGB
Logam,R_2548.jpg,.jpg,225,225,1.0,50625,3.1,RGB
Logam,R_2549.jpg,.jpg,225,225,1.0,50625,4.35,RGB
Logam,R_2550.jpg,.jpg,275,183,1.5027,50325,4.51,RGB
Logam,R_2551.jpg,.jpg,278,181,1.5359,50318,4.91,RGB
Logam,R_2552.jpg,.jpg,225,225,1.0,50625,3.78,RGB
Logam,R_2553.jpg,.jpg,300,168,1.7857,50400,17.14,RGB
Logam,R_2554.jpg,.jpg,252,200,1.26,50400,8.27,RGB
Logam,R_2555.jpg,.jpg,259,194,1.3351,50246,9.27,RGB
Logam,R_2556.jpg,.jpg,284,177,1.6045,50268,7.53,RGB
Logam,R_2557.jpg,.jpg,259,194,1.3351,50246,5.53,RGB
Logam,R_2558.jpg,.jpg,233,217,1.0737,50561,4.67,RGB
Logam,R_2559.jpg,.jpg,311,162,1.9198,50382,17.33,RGB
Logam,R_2560.jpg,.jpg,275,183,1.5027,50325,13.19,RGB
Logam,R_2561.jpg,.jpg,224,224,1.0,50176,11.76,RGB
Logam,R_2562.jpg,.jpg,274,184,1.4891,50416,10.14,RGB
Logam,R_2563.jpg,.jpg,275,183,1.5027,50325,5.22,RGB
Logam,R_2564.jpg,.jpg,275,183,1.5027,50325,13.13,RGB
Logam,R_2565.jpg,.jpg,245,206,1.1893,50470,6.54,RGB
Logam,R_2566.jpg,.jpg,275,183,1.5027,50325,7.45,RGB
Logam,R_2567.jpg,.jpg,313,161,1.9441,50393,12.75,RGB
Logam,R_2568.jpg,.jpg,300,168,1.7857,50400,7.67,RGB
Logam,R_2569.jpg,.jpg,264,191,1.3822,50424,9.18,RGB
Logam,R_2570.jpg,.jpg,225,225,1.0,50625,4.27,RGB
Logam,R_2571.jpg,.jpg,225,225,1.0,50625,12.65,RGB
Logam,R_2572.jpg,.jpg,340,148,2.2973,50320,20.25,RGB
Logam,R_2573.jpg,.jpg,259,194,1.3351,50246,3.49,RGB
Logam,R_2574.jpg,.jpg,274,184,1.4891,50416,6.76,RGB
Logam,R_2575.jpg,.jpg,259,195,1.3282,50505,6.6,RGB
Logam,R_2576.jpg,.jpg,252,200,1.26,50400,9.71,RGB
Logam,R_2577.jpg,.jpg,174,289,0.6021,50286,7.68,RGB
Logam,R_2578.jpg,.jpg,255,198,1.2879,50490,10.87,RGB
Logam,R_2579.jpg,.jpg,226,223,1.0135,50398,6.57,RGB
Logam,R_2580.jpg,.jpg,247,204,1.2108,50388,3.92,RGB
Logam,R_2581.jpg,.jpg,215,234,0.9188,50310,4.5,RGB
Logam,R_2582.jpg,.jpg,207,243,0.8519,50301,8.78,RGB
Logam,R_2583.jpg,.jpg,231,218,1.0596,50358,12.54,RGB
Logam,R_2584.jpg,.jpg,225,225,1.0,50625,5.1,RGB
Logam,R_2585.jpg,.jpg,410,123,3.3333,50430,15.17,RGB
Logam,R_2586.jpg,.jpg,225,225,1.0,50625,2.64,RGB
Logam,R_2587.jpg,.jpg,225,224,1.0045,50400,5.95,RGB
Logam,R_2588.jpg,.jpg,306,165,1.8545,50490,6.64,RGB
Logam,R_2589.jpg,.jpg,225,225,1.0,50625,4.37,RGB
Logam,R_2590.jpg,.jpg,211,239,0.8828,50429,9.14,RGB
Logam,R_2591.jpg,.jpg,225,224,1.0045,50400,5.19,RGB
Logam,R_2592.jpg,.jpg,183,275,0.6655,50325,7.17,RGB
Logam,R_2593.jpg,.jpg,252,200,1.26,50400,7.18,RGB
Logam,R_2594.jpg,.jpg,257,196,1.3112,50372,8.42,RGB
Logam,R_2595.jpg,.jpg,225,225,1.0,50625,9.89,RGB
Logam,R_2596.jpg,.jpg,225,225,1.0,50625,9.71,RGB
Logam,R_2597.jpg,.jpg,273,185,1.4757,50505,8.23,RGB
Logam,R_2598.jpg,.jpg,223,226,0.9867,50398,6.84,RGB
Logam,R_2599.jpg,.jpg,259,194,1.3351,50246,8.58,RGB
Logam,R_2600.jpg,.jpg,299,168,1.7798,50232,5.17,RGB
Logam,R_2601.jpg,.jpg,300,168,1.7857,50400,11.82,RGB
Logam,R_2602.jpg,.jpg,259,194,1.3351,50246,15.42,RGB
Logam,R_2603.jpg,.jpg,225,225,1.0,50625,8.93,RGB
Logam,R_2604.jpg,.jpg,275,183,1.5027,50325,5.32,RGB
Logam,R_2605.jpg,.jpg,257,196,1.3112,50372,4.39,RGB
Logam,R_2606.jpg,.jpg,279,181,1.5414,50499,5.73,RGB
Logam,R_2607.jpg,.jpg,225,225,1.0,50625,8.27,RGB
Logam,R_2608.jpg,.jpg,259,194,1.3351,50246,4.71,RGB
Logam,R_2609.jpg,.jpg,297,169,1.7574,50193,6.64,RGB
Logam,R_2610.jpg,.jpg,200,200,1.0,40000,3.28,RGB
Logam,R_2611.jpg,.jpg,318,158,2.0127,50244,6.19,RGB
Logam,R_2612.jpg,.jpg,310,162,1.9136,50220,7.46,RGB
Logam,R_2613.jpg,.jpg,225,225,1.0,50625,4.71,RGB
Logam,R_2614.jpg,.jpg,300,168,1.7857,50400,9.7,RGB
Logam,R_2615.jpg,.jpg,318,159,2.0,50562,3.68,RGB
Logam,R_2616.jpg,.jpg,275,183,1.5027,50325,4.83,RGB
Logam,R_2617.jpg,.jpg,183,276,0.663,50508,5.76,RGB
Logam,R_2618.jpg,.jpg,252,200,1.26,50400,9.97,RGB
Logam,R_2619.jpg,.jpg,275,183,1.5027,50325,7.93,RGB
Logam,R_2620.jpg,.jpg,225,225,1.0,50625,10.55,RGB
Logam,R_2621.jpg,.jpg,259,194,1.3351,50246,5.26,RGB
Logam,R_2622.jpg,.jpg,282,179,1.5754,50478,5.8,RGB
Logam,R_2623.jpg,.jpg,256,197,1.2995,50432,6.69,RGB
Logam,R_2624.jpg,.jpg,189,267,0.7079,50463,6.56,RGB
Logam,R_2625.jpg,.jpg,250,202,1.2376,50500,5.71,RGB
Logam,R_2626.jpg,.jpg,299,168,1.7798,50232,5.39,RGB
Logam,R_2627.jpg,.jpg,201,251,0.8008,50451,2.85,RGB
Logam,R_2628.jpg,.jpg,225,225,1.0,50625,6.18,RGB
Logam,R_2629.jpg,.jpg,274,184,1.4891,50416,5.57,RGB
Logam,R_2630.jpg,.jpg,248,203,1.2217,50344,5.56,RGB
Logam,R_2631.jpg,.jpg,232,217,1.0691,50344,9.24,RGB
Logam,R_2632.jpg,.jpg,259,194,1.3351,50246,4.92,RGB
Logam,R_2633.jpg,.jpg,275,183,1.5027,50325,8.11,RGB
Logam,R_2634.jpg,.jpg,202,250,0.808,50500,4.49,RGB
Logam,R_2635.jpg,.jpg,275,183,1.5027,50325,6.19,RGB
Logam,R_2636.jpg,.jpg,233,216,1.0787,50328,6.66,RGB
Logam,R_2637.jpg,.jpg,201,251,0.8008,50451,10.22,RGB
Logam,R_2638.jpg,.jpg,232,217,1.0691,50344,9.57,RGB
Logam,R_2639.jpg,.jpg,225,225,1.0,50625,7.51,RGB
Logam,R_2640.jpg,.jpg,183,275,0.6655,50325,5.62,RGB
Logam,R_2641.jpg,.jpg,275,183,1.5027,50325,6.32,RGB
Logam,R_2642.jpg,.jpg,259,194,1.3351,50246,3.16,RGB
Logam,R_2643.jpg,.jpg,259,194,1.3351,50246,4.69,RGB
Logam,R_2644.jpg,.jpg,191,264,0.7235,50424,12.7,RGB
Logam,R_2645.jpg,.jpg,262,192,1.3646,50304,9.41,RGB
Logam,R_2646.jpg,.jpg,301,167,1.8024,50267,9.68,RGB
Logam,R_2647.jpg,.jpg,289,174,1.6609,50286,15.9,RGB
Logam,R_2648.jpg,.jpg,200,204,0.9804,40800,7.31,RGB
Logam,R_2649.jpg,.jpg,275,183,1.5027,50325,8.75,RGB
Logam,R_2650.jpg,.jpg,299,168,1.7798,50232,9.37,RGB
Logam,R_2651.jpg,.jpg,278,181,1.5359,50318,6.68,RGB
Logam,R_2652.jpg,.jpg,267,189,1.4127,50463,12.27,RGB
Logam,R_2653.jpg,.jpg,217,233,0.9313,50561,8.09,RGB
Logam,R_2654.jpg,.jpg,225,225,1.0,50625,5.47,RGB
Logam,R_2655.jpg,.jpg,215,234,0.9188,50310,4.54,RGB
Logam,R_2656.jpg,.jpg,259,194,1.3351,50246,7.69,RGB
Logam,R_2657.jpg,.jpg,259,194,1.3351,50246,11.77,RGB
Logam,R_2658.jpg,.jpg,194,260,0.7462,50440,5.49,RGB
Logam,R_2659.jpg,.jpg,183,276,0.663,50508,8.38,RGB
Logam,R_2660.jpg,.jpg,300,168,1.7857,50400,8.17,RGB
Logam,R_2661.jpg,.jpg,318,159,2.0,50562,14.61,RGB
Logam,R_2662.jpg,.jpg,275,183,1.5027,50325,7.05,RGB
Logam,R_2663.jpg,.jpg,349,144,2.4236,50256,4.75,RGB
Logam,R_2664.jpg,.jpg,209,241,0.8672,50369,12.31,RGB
Logam,R_2665.jpg,.jpg,241,209,1.1531,50369,7.71,RGB
Logam,R_2666.jpg,.jpg,225,225,1.0,50625,5.3,RGB
Logam,R_2667.jpg,.jpg,251,201,1.2488,50451,7.65,RGB
Logam,R_2668.jpg,.jpg,225,225,1.0,50625,5.17,RGB
Logam,R_2669.jpg,.jpg,259,194,1.3351,50246,16.2,RGB
Logam,R_2670.jpg,.jpg,250,202,1.2376,50500,6.01,RGB
Logam,R_2671.jpg,.jpg,275,183,1.5027,50325,9.14,RGB
Logam,R_2672.jpg,.jpg,225,224,1.0045,50400,5.99,RGB
Logam,R_2673.jpg,.jpg,225,225,1.0,50625,4.7,RGB
Logam,R_2674.jpg,.jpg,310,162,1.9136,50220,9.98,RGB
Logam,R_2675.jpg,.jpg,300,168,1.7857,50400,5.96,RGB
Logam,R_2676.jpg,.jpg,225,225,1.0,50625,15.18,RGB
Logam,R_2677.jpg,.jpg,226,223,1.0135,50398,9.46,RGB
Logam,R_2678.jpg,.jpg,225,225,1.0,50625,4.3,RGB
Logam,R_2679.jpg,.jpg,266,190,1.4,50540,11.56,RGB
Logam,R_2680.jpg,.jpg,225,225,1.0,50625,3.51,RGB
Logam,R_2681.jpg,.jpg,179,282,0.6348,50478,8.24,RGB
Logam,R_2682.jpg,.jpg,186,271,0.6863,50406,8.46,RGB
Logam,R_2683.jpg,.jpg,225,225,1.0,50625,4.17,RGB
Logam,R_2684.jpg,.jpg,183,275,0.6655,50325,9.1,RGB
Logam,R_2685.jpg,.jpg,275,183,1.5027,50325,6.12,RGB
Logam,R_2686.jpg,.jpg,271,186,1.457,50406,5.64,RGB
Logam,R_2687.jpg,.jpg,295,171,1.7251,50445,10.45,RGB
Logam,R_2688.jpg,.jpg,225,225,1.0,50625,5.43,RGB
Logam,R_2689.jpg,.jpg,193,261,0.7395,50373,12.55,RGB
Logam,R_2690.jpg,.jpg,183,275,0.6655,50325,4.66,RGB
Logam,R_2691.jpg,.jpg,260,194,1.3402,50440,6.31,RGB
Logam,R_2692.jpg,.jpg,225,225,1.0,50625,3.85,RGB
Logam,R_2693.jpg,.jpg,225,225,1.0,50625,7.73,RGB
Logam,R_2694.jpg,.jpg,259,194,1.3351,50246,4.23,RGB
Logam,R_2695.jpg,.jpg,225,225,1.0,50625,3.17,RGB
Logam,R_2696.jpg,.jpg,232,218,1.0642,50576,7.48,RGB
Logam,R_2697.jpg,.jpg,188,267,0.7041,50196,8.48,RGB
Logam,R_2698.jpg,.jpg,288,175,1.6457,50400,11.18,RGB
Logam,R_2699.jpg,.jpg,225,225,1.0,50625,11.91,RGB
Logam,R_2700.jpg,.jpg,225,225,1.0,50625,5.98,RGB
Logam,R_2701.jpg,.jpg,198,254,0.7795,50292,5.07,RGB
Logam,R_2702.jpg,.jpg,268,188,1.4255,50384,10.38,RGB
Logam,R_2703.jpg,.jpg,271,186,1.457,50406,13.12,RGB
Logam,R_2704.jpg,.jpg,286,176,1.625,50336,5.02,RGB
Logam,R_2705.jpg,.jpg,243,208,1.1683,50544,4.82,RGB
Logam,R_2706.jpg,.jpg,275,183,1.5027,50325,6.79,RGB
Logam,R_2707.jpg,.jpg,274,184,1.4891,50416,4.84,RGB
Logam,R_2708.jpg,.jpg,225,224,1.0045,50400,8.32,RGB
Logam,R_2709.jpg,.jpg,271,186,1.457,50406,6.65,RGB
Logam,R_2710.jpg,.jpg,225,225,1.0,50625,4.69,RGB
Logam,R_2711.jpg,.jpg,194,259,0.749,50246,5.52,RGB
Logam,R_2712.jpg,.jpg,275,183,1.5027,50325,6.66,RGB
Logam,R_2713.jpg,.jpg,201,250,0.804,50250,5.89,RGB
Logam,R_2714.jpg,.jpg,275,183,1.5027,50325,8.97,RGB
Logam,R_2715.jpg,.jpg,225,225,1.0,50625,5.49,RGB
Logam,R_2716.jpg,.jpg,271,186,1.457,50406,7.5,RGB
Logam,R_2717.jpg,.jpg,225,225,1.0,50625,6.05,RGB
Logam,R_2718.jpg,.jpg,275,184,1.4946,50600,3.93,RGB
Logam,R_2719.jpg,.jpg,225,225,1.0,50625,8.25,RGB
Logam,R_2720.jpg,.jpg,200,200,1.0,40000,5.52,RGB
Logam,R_2721.jpg,.jpg,218,232,0.9397,50576,3.78,RGB
Logam,R_2722.jpg,.jpg,249,202,1.2327,50298,14.75,RGB
Logam,R_2723.jpg,.jpg,235,215,1.093,50525,10.56,RGB
Logam,R_2724.jpg,.jpg,259,194,1.3351,50246,6.05,RGB
Logam,R_2725.jpg,.jpg,259,194,1.3351,50246,10.92,RGB
Logam,R_2726.jpg,.jpg,271,186,1.457,50406,9.06,RGB
Logam,R_2727.jpg,.jpg,259,194,1.3351,50246,6.88,RGB
Logam,R_2728.jpg,.jpg,182,278,0.6547,50596,7.66,RGB
Logam,R_2729.jpg,.jpg,225,225,1.0,50625,11.73,RGB
Logam,R_2730.jpg,.jpg,258,195,1.3231,50310,4.28,RGB
Logam,R_2731.jpg,.jpg,225,225,1.0,50625,5.64,RGB
Logam,R_2732.jpg,.jpg,262,192,1.3646,50304,11.13,RGB
Logam,R_2733.jpg,.jpg,316,159,1.9874,50244,7.4,RGB
Logam,R_2734.jpg,.jpg,259,194,1.3351,50246,6.8,RGB
Logam,R_2735.jpg,.jpg,450,112,4.0179,50400,6.55,RGB
Logam,R_2736.jpg,.jpg,225,225,1.0,50625,4.75,RGB
Logam,R_2737.jpg,.jpg,216,234,0.9231,50544,5.95,RGB
Logam,R_2738.jpg,.jpg,231,218,1.0596,50358,14.35,RGB
Logam,R_2739.jpg,.jpg,259,194,1.3351,50246,11.65,RGB
Logam,R_2740.jpg,.jpg,263,192,1.3698,50496,5.61,RGB
Logam,R_2741.jpg,.jpg,278,181,1.5359,50318,6.41,RGB
Logam,R_2742.jpg,.jpg,274,184,1.4891,50416,6.49,RGB
Logam,R_2743.jpg,.jpg,220,220,1.0,48400,3.39,RGB
Logam,R_2744.jpg,.jpg,254,198,1.2828,50292,7.26,RGB
Logam,R_2745.jpg,.jpg,225,224,1.0045,50400,4.32,RGB
Logam,R_2746.jpg,.jpg,389,129,3.0155,50181,5.25,RGB
Logam,R_2747.jpg,.jpg,203,249,0.8153,50547,6.4,RGB
Logam,R_2748.jpg,.jpg,259,194,1.3351,50246,4.71,RGB
Logam,R_2749.jpg,.jpg,275,183,1.5027,50325,2.8,RGB
Logam,R_2750.jpg,.jpg,183,275,0.6655,50325,10.59,RGB
Logam,R_2751.jpg,.jpg,251,201,1.2488,50451,3.63,RGB
Logam,R_2752.jpg,.jpg,225,225,1.0,50625,2.95,RGB
Logam,R_2753.jpg,.jpg,316,159,1.9874,50244,7.7,RGB
Logam,R_2754.jpg,.jpg,275,183,1.5027,50325,7.62,RGB
Logam,R_2755.jpg,.jpg,183,275,0.6655,50325,4.37,RGB
Logam,R_2756.jpg,.jpg,228,221,1.0317,50388,4.21,RGB
Logam,R_2757.jpg,.jpg,225,225,1.0,50625,4.75,RGB
Logam,R_2758.jpg,.jpg,259,194,1.3351,50246,7.74,RGB
Logam,R_2759.jpg,.jpg,275,183,1.5027,50325,7.0,RGB
Logam,R_2760.jpg,.jpg,258,195,1.3231,50310,5.9,RGB
Logam,R_2761.jpg,.jpg,318,159,2.0,50562,13.16,RGB
Logam,R_2762.jpg,.jpg,225,225,1.0,50625,4.86,RGB
Logam,R_2763.jpg,.jpg,200,252,0.7937,50400,3.83,RGB
Logam,R_2764.jpg,.jpg,252,200,1.26,50400,7.7,RGB
Logam,R_2765.jpg,.jpg,225,225,1.0,50625,4.11,RGB
Logam,R_2766.jpg,.jpg,225,225,1.0,50625,5.32,RGB
Logam,R_2767.jpg,.jpg,300,168,1.7857,50400,4.16,RGB
Logam,R_2768.jpg,.jpg,324,155,2.0903,50220,12.61,RGB
Logam,R_2769.jpg,.jpg,275,183,1.5027,50325,2.28,RGB
Logam,R_2770.jpg,.jpg,300,168,1.7857,50400,16.55,RGB
Logam,R_2771.jpg,.jpg,225,225,1.0,50625,5.1,RGB
Logam,R_2772.jpg,.jpg,191,263,0.7262,50233,5.85,RGB
Logam,R_2773.jpg,.jpg,275,183,1.5027,50325,7.29,RGB
Logam,R_2774.jpg,.jpg,275,183,1.5027,50325,9.21,RGB
Logam,R_2775.jpg,.jpg,183,275,0.6655,50325,7.36,RGB
Logam,R_2776.jpg,.jpg,262,193,1.3575,50566,6.95,RGB
Logam,R_2777.jpg,.jpg,200,252,0.7937,50400,11.01,RGB
Logam,R_2778.jpg,.jpg,308,164,1.878,50512,9.91,RGB
Logam,R_2779.jpg,.jpg,280,180,1.5556,50400,5.84,RGB
Logam,R_2780.jpg,.jpg,198,255,0.7765,50490,7.96,RGB
Logam,R_2781.jpg,.jpg,183,275,0.6655,50325,10.23,RGB
Logam,R_2782.jpg,.jpg,271,186,1.457,50406,7.2,RGB
Logam,R_2783.jpg,.jpg,286,176,1.625,50336,7.63,RGB
Logam,R_2784.jpg,.jpg,225,225,1.0,50625,2.82,RGB
Logam,R_2785.jpg,.jpg,242,208,1.1635,50336,3.79,RGB
Logam,R_2786.jpg,.jpg,180,280,0.6429,50400,11.12,RGB
Logam,R_2787.jpg,.jpg,242,209,1.1579,50578,7.76,RGB
Logam,R_2788.jpg,.jpg,256,197,1.2995,50432,7.24,RGB
Logam,R_2789.jpg,.jpg,225,225,1.0,50625,6.66,RGB
Logam,R_2790.jpg,.jpg,286,176,1.625,50336,6.75,RGB
Logam,R_2791.jpg,.jpg,287,175,1.64,50225,9.08,RGB
Logam,R_2792.jpg,.jpg,259,194,1.3351,50246,14.69,RGB
Logam,R_2793.jpg,.jpg,300,168,1.7857,50400,6.59,RGB
Logam,R_2794.jpg,.jpg,195,258,0.7558,50310,11.52,RGB
Logam,R_2795.jpg,.jpg,225,225,1.0,50625,15.96,RGB
Logam,R_2796.jpg,.jpg,341,148,2.3041,50468,10.13,RGB
Logam,R_2797.jpg,.jpg,275,183,1.5027,50325,11.35,RGB
Logam,R_2798.jpg,.jpg,270,186,1.4516,50220,7.76,RGB
Logam,R_2799.jpg,.jpg,275,183,1.5027,50325,6.16,RGB
Logam,R_2800.jpg,.jpg,271,186,1.457,50406,13.26,RGB
Logam,R_2801.jpg,.jpg,254,198,1.2828,50292,3.56,RGB
Logam,R_2802.jpg,.jpg,216,234,0.9231,50544,8.94,RGB
Logam,R_2803.jpg,.jpg,201,251,0.8008,50451,10.97,RGB
Logam,R_2804.jpg,.jpg,188,268,0.7015,50384,13.84,RGB
Logam,R_2805.jpg,.jpg,295,171,1.7251,50445,11.51,RGB
Logam,R_2806.jpg,.jpg,275,183,1.5027,50325,5.11,RGB
Logam,R_2807.jpg,.jpg,259,194,1.3351,50246,4.33,RGB
Logam,R_2808.jpg,.jpg,194,259,0.749,50246,8.24,RGB
Logam,R_2809.jpg,.jpg,266,190,1.4,50540,4.23,RGB
Logam,R_2810.jpg,.jpg,275,183,1.5027,50325,13.0,RGB
Logam,R_2811.jpg,.jpg,252,200,1.26,50400,5.92,RGB
Logam,R_2812.jpg,.jpg,271,186,1.457,50406,5.47,RGB
Logam,R_2813.jpg,.jpg,284,177,1.6045,50268,8.21,RGB
Logam,R_2814.jpg,.jpg,88,221,0.3982,19448,1.88,RGB
Logam,R_2815.jpg,.jpg,225,225,1.0,50625,5.9,RGB
Logam,R_2816.jpg,.jpg,260,194,1.3402,50440,10.11,RGB
Logam,R_2817.jpg,.jpg,225,225,1.0,50625,4.6,RGB
Logam,R_2818.jpg,.jpg,232,218,1.0642,50576,8.27,RGB
Logam,R_2819.jpg,.jpg,183,275,0.6655,50325,6.11,RGB
Logam,R_2820.jpg,.jpg,232,217,1.0691,50344,12.49,RGB
Logam,R_2821.jpg,.jpg,220,229,0.9607,50380,5.49,RGB
Logam,R_2822.jpg,.jpg,273,185,1.4757,50505,11.39,RGB
Logam,R_2823.jpg,.jpg,225,225,1.0,50625,4.38,RGB
Logam,R_2824.jpg,.jpg,225,225,1.0,50625,8.24,RGB
Logam,R_2825.jpg,.jpg,183,275,0.6655,50325,7.9,RGB
Logam,R_2826.jpg,.jpg,194,260,0.7462,50440,6.17,RGB
Logam,R_2827.jpg,.jpg,275,183,1.5027,50325,5.93,RGB
Logam,R_2828.jpg,.jpg,183,275,0.6655,50325,8.26,RGB
Logam,R_2829.jpg,.jpg,278,181,1.5359,50318,7.67,RGB
Logam,R_2830.jpg,.jpg,177,285,0.6211,50445,7.1,RGB
Logam,R_2831.jpg,.jpg,275,184,1.4946,50600,5.15,RGB
Logam,R_2832.jpg,.jpg,176,287,0.6132,50512,3.98,RGB
Logam,R_2833.jpg,.jpg,259,194,1.3351,50246,14.78,RGB
Logam,R_2834.jpg,.jpg,275,183,1.5027,50325,7.69,RGB
Logam,R_2835.jpg,.jpg,275,183,1.5027,50325,8.14,RGB
Logam,R_2836.jpg,.jpg,225,225,1.0,50625,5.45,RGB
Logam,R_2837.jpg,.jpg,275,183,1.5027,50325,8.53,RGB
Logam,R_2838.jpg,.jpg,262,193,1.3575,50566,6.58,RGB
Logam,R_2839.jpg,.jpg,300,168,1.7857,50400,11.89,RGB
Logam,R_2840.jpg,.jpg,335,150,2.2333,50250,9.69,RGB
Logam,R_2841.jpg,.jpg,275,183,1.5027,50325,10.93,RGB
Logam,R_2842.jpg,.jpg,255,198,1.2879,50490,8.38,RGB
Logam,R_2843.jpg,.jpg,173,291,0.5945,50343,8.58,RGB
Logam,R_2844.jpg,.jpg,225,225,1.0,50625,6.05,RGB
Logam,R_2845.jpg,.jpg,284,177,1.6045,50268,9.81,RGB
Logam,R_2846.jpg,.jpg,225,225,1.0,50625,6.56,RGB
Logam,R_2847.jpg,.jpg,242,208,1.1635,50336,8.96,RGB
Logam,R_4927.jpg,.jpg,225,225,1.0,50625,2.33,RGB
Logam,R_4928.jpg,.jpg,273,185,1.4757,50505,6.05,RGB
Logam,R_4929.jpg,.jpg,225,225,1.0,50625,4.08,RGB
Logam,R_4930.jpg,.jpg,250,200,1.25,50000,6.88,RGB
Logam,R_4931.jpg,.jpg,275,183,1.5027,50325,5.28,RGB
Logam,R_4932.jpg,.jpg,225,225,1.0,50625,4.96,RGB
Logam,R_4933.jpg,.jpg,201,251,0.8008,50451,2.78,RGB
Logam,R_4934.jpg,.jpg,259,195,1.3282,50505,6.4,RGB
Logam,R_4935.jpg,.jpg,251,201,1.2488,50451,6.4,RGB
Logam,R_4936.jpg,.jpg,225,225,1.0,50625,5.47,RGB
Logam,R_4937.jpg,.jpg,240,180,1.3333,43200,5.02,RGB
Logam,R_4938.jpg,.jpg,308,163,1.8896,50204,6.94,RGB
Logam,R_4939.jpg,.jpg,225,225,1.0,50625,3.28,RGB
Logam,R_4940.jpg,.jpg,274,184,1.4891,50416,4.36,RGB
Logam,R_4941.jpg,.jpg,225,225,1.0,50625,2.91,RGB
Logam,R_4942.jpg,.jpg,185,273,0.6777,50505,8.7,RGB
Logam,R_4943.jpg,.jpg,219,223,0.9821,48837,4.24,RGB
Logam,R_4944.jpg,.jpg,294,172,1.7093,50568,6.96,RGB
Logam,R_4945.jpg,.jpg,259,194,1.3351,50246,6.46,RGB
Logam,R_4946.jpg,.jpg,225,225,1.0,50625,5.04,RGB
Logam,R_4947.jpg,.jpg,270,187,1.4439,50490,4.21,RGB
Logam,R_4948.jpg,.jpg,275,183,1.5027,50325,4.56,RGB
Logam,R_4949.jpg,.jpg,200,200,1.0,40000,4.38,RGB
Logam,R_4950.jpg,.jpg,283,178,1.5899,50374,4.54,RGB
Logam,R_4951.jpg,.jpg,240,180,1.3333,43200,4.63,RGB
Logam,R_4952.jpg,.jpg,226,191,1.1832,43166,4.25,RGB
Logam,R_4953.jpg,.jpg,225,225,1.0,50625,3.15,RGB
Logam,R_4954.jpg,.jpg,201,251,0.8008,50451,3.02,RGB
Logam,R_4955.jpg,.jpg,247,204,1.2108,50388,7.36,RGB
Logam,R_4956.jpg,.jpg,275,183,1.5027,50325,10.58,RGB
Logam,R_4957.jpg,.jpg,301,167,1.8024,50267,4.98,RGB
Logam,R_4958.jpg,.jpg,225,225,1.0,50625,5.81,RGB
Logam,R_4959.jpg,.jpg,225,225,1.0,50625,4.02,RGB
Logam,R_4960.jpg,.jpg,225,225,1.0,50625,4.54,RGB
Logam,R_4961.jpg,.jpg,200,200,1.0,40000,4.39,RGB
Logam,R_4962.jpg,.jpg,194,260,0.7462,50440,3.62,RGB
Logam,R_4963.jpg,.jpg,206,245,0.8408,50470,3.1,RGB
Logam,R_4964.jpg,.jpg,183,275,0.6655,50325,2.95,RGB
Logam,R_4965.jpg,.jpg,225,225,1.0,50625,5.05,RGB
Logam,R_4966.jpg,.jpg,225,225,1.0,50625,3.25,RGB
Logam,R_4967.jpg,.jpg,355,142,2.5,50410,7.81,RGB
Logam,R_4968.jpg,.jpg,308,163,1.8896,50204,6.65,RGB
Logam,R_4969.jpg,.jpg,283,178,1.5899,50374,5.88,RGB
Logam,R_4970.jpg,.jpg,225,225,1.0,50625,6.19,RGB
Logam,R_4971.jpg,.jpg,200,200,1.0,40000,5.55,RGB
Logam,R_4972.jpg,.jpg,225,225,1.0,50625,3.54,RGB
Logam,R_4973.jpg,.jpg,178,283,0.629,50374,7.81,RGB
Logam,R_4974.jpg,.jpg,225,225,1.0,50625,4.09,RGB
Logam,R_4975.jpg,.jpg,200,135,1.4815,27000,3.23,RGB
Logam,R_4976.jpg,.jpg,245,205,1.1951,50225,5.87,RGB
Logam,R_4977.jpg,.jpg,225,225,1.0,50625,3.98,RGB
Logam,R_4978.jpg,.jpg,301,168,1.7917,50568,4.7,RGB
Logam,R_4979.jpg,.jpg,225,225,1.0,50625,12.25,RGB
Logam,R_4980.jpg,.jpg,248,203,1.2217,50344,5.36,RGB
Logam,R_4981.jpg,.jpg,232,217,1.0691,50344,3.95,RGB
Logam,R_4982.jpg,.jpg,225,225,1.0,50625,2.98,RGB
Logam,R_4983.jpg,.jpg,293,172,1.7035,50396,6.37,RGB
Logam,R_4984.jpg,.jpg,246,205,1.2,50430,4.71,RGB
Logam,R_4985.jpg,.jpg,200,200,1.0,40000,5.39,RGB
Logam,R_4986.jpg,.jpg,234,215,1.0884,50310,5.14,RGB
Logam,R_4987.jpg,.jpg,225,225,1.0,50625,3.67,RGB
Logam,R_4988.jpg,.jpg,310,162,1.9136,50220,2.65,RGB
Logam,R_4989.jpg,.jpg,259,194,1.3351,50246,8.99,RGB
Logam,R_4990.jpg,.jpg,178,283,0.629,50374,11.7,RGB
Logam,R_4991.jpg,.jpg,278,181,1.5359,50318,4.76,RGB
Logam,R_4992.jpg,.jpg,299,168,1.7798,50232,7.08,RGB
Logam,R_4993.jpg,.jpg,280,150,1.8667,42000,6.08,RGB
Logam,R_4994.jpg,.jpg,265,190,1.3947,50350,6.23,RGB
Logam,R_4995.jpg,.jpg,201,251,0.8008,50451,4.13,RGB
Logam,R_4996.jpg,.jpg,248,203,1.2217,50344,5.0,RGB
Logam,R_4997.jpg,.jpg,259,194,1.3351,50246,6.9,RGB
Logam,R_4998.jpg,.jpg,299,168,1.7798,50232,4.54,RGB
Logam,R_4999.jpg,.jpg,278,181,1.5359,50318,5.2,RGB
Logam,R_5000.jpg,.jpg,309,163,1.8957,50367,5.36,RGB
Logam,R_5001.jpg,.jpg,309,163,1.8957,50367,7.2,RGB
Logam,R_5002.jpg,.jpg,295,171,1.7251,50445,5.6,RGB
Logam,R_5003.jpg,.jpg,225,174,1.2931,39150,3.07,RGB
Logam,R_5004.jpg,.jpg,334,151,2.2119,50434,3.97,RGB
Logam,R_5005.jpg,.jpg,270,186,1.4516,50220,9.01,RGB
Logam,R_5006.jpg,.jpg,216,233,0.927,50328,8.73,RGB
Logam,R_5007.jpg,.jpg,225,225,1.0,50625,4.77,RGB
Logam,R_5008.jpg,.jpg,279,181,1.5414,50499,5.09,RGB
Logam,R_5009.jpg,.jpg,168,299,0.5619,50232,5.94,RGB
Logam,R_5010.jpg,.jpg,255,198,1.2879,50490,6.78,RGB
Logam,R_5011.jpg,.jpg,275,183,1.5027,50325,7.1,RGB
Logam,R_5012.jpg,.jpg,276,182,1.5165,50232,6.35,RGB
Logam,R_5013.jpg,.jpg,259,194,1.3351,50246,6.03,RGB
Logam,R_5014.jpg,.jpg,200,200,1.0,40000,6.13,RGB
Logam,R_5015.jpg,.jpg,254,199,1.2764,50546,9.65,RGB
Logam,R_5016.jpg,.jpg,259,194,1.3351,50246,10.21,RGB
Logam,R_5017.jpg,.jpg,275,183,1.5027,50325,10.97,RGB
Logam,R_5018.jpg,.jpg,257,196,1.3112,50372,5.03,RGB
Logam,R_5019.jpg,.jpg,225,225,1.0,50625,8.24,RGB
Logam,R_5020.jpg,.jpg,225,225,1.0,50625,5.67,RGB
Logam,R_5021.jpg,.jpg,225,225,1.0,50625,4.0,RGB
Logam,R_5022.jpg,.jpg,276,183,1.5082,50508,5.22,RGB
Logam,R_5023.jpg,.jpg,225,225,1.0,50625,4.4,RGB
Logam,R_5024.jpg,.jpg,241,209,1.1531,50369,4.9,RGB
Logam,R_5025.jpg,.jpg,266,190,1.4,50540,4.46,RGB
Logam,R_5027.jpg,.jpg,275,183,1.5027,50325,4.33,RGB
Logam,R_5028.jpg,.jpg,259,195,1.3282,50505,4.63,RGB
Logam,R_5029.jpg,.jpg,257,196,1.3112,50372,2.89,RGB
Logam,R_5030.jpg,.jpg,203,248,0.8185,50344,5.76,RGB
Logam,R_5031.jpg,.jpg,264,191,1.3822,50424,5.1,RGB
Logam,R_5032.jpg,.jpg,275,183,1.5027,50325,3.91,RGB
Logam,R_5033.jpg,.jpg,259,194,1.3351,50246,7.9,RGB
Logam,R_5034.jpg,.jpg,200,200,1.0,40000,5.92,RGB
Logam,R_5035.jpg,.jpg,252,193,1.3057,48636,4.29,RGB
Logam,R_5036.jpg,.jpg,275,183,1.5027,50325,6.32,RGB
Logam,R_5037.jpg,.jpg,288,175,1.6457,50400,8.76,RGB
Logam,R_5038.jpg,.jpg,300,168,1.7857,50400,8.82,RGB
Logam,R_5039.jpg,.jpg,322,157,2.051,50554,8.86,RGB
Logam,R_5040.jpg,.jpg,275,183,1.5027,50325,3.58,RGB
Logam,R_5041.jpg,.jpg,280,150,1.8667,42000,8.03,RGB
Logam,R_5042.jpg,.jpg,201,251,0.8008,50451,2.5,RGB
Logam,R_5043.jpg,.jpg,259,194,1.3351,50246,10.09,RGB
Logam,R_5044.jpg,.jpg,246,205,1.2,50430,9.01,RGB
Logam,R_5045.jpg,.jpg,259,195,1.3282,50505,4.51,RGB
Logam,R_5046.jpg,.jpg,277,182,1.522,50414,8.09,RGB
Logam,R_5047.jpg,.jpg,271,186,1.457,50406,3.53,RGB
Logam,R_5048.jpg,.jpg,283,178,1.5899,50374,3.01,RGB
Logam,R_5049.jpg,.jpg,293,172,1.7035,50396,4.64,RGB
Logam,R_5050.jpg,.jpg,300,168,1.7857,50400,6.38,RGB
Logam,R_5051.jpg,.jpg,252,200,1.26,50400,9.67,RGB
Logam,R_5052.jpg,.jpg,259,194,1.3351,50246,7.0,RGB
Logam,R_5053.jpg,.jpg,260,194,1.3402,50440,3.36,RGB
Logam,R_8418.jpg,.jpg,225,225,1.0,50625,2.2,RGB
Logam,R_8419.jpg,.jpg,225,225,1.0,50625,1.6,RGB
Logam,R_8420.jpg,.jpg,225,225,1.0,50625,2.38,RGB
Logam,R_8421.jpg,.jpg,225,225,1.0,50625,2.15,RGB
Logam,R_8422.jpg,.jpg,209,242,0.8636,50578,1.78,RGB
Logam,R_8423.jpg,.jpg,275,183,1.5027,50325,2.52,RGB
Logam,R_8424.jpg,.jpg,279,180,1.55,50220,2.52,RGB
Logam,R_8425.jpg,.jpg,225,225,1.0,50625,3.5,RGB
Logam,R_8426.jpg,.jpg,225,225,1.0,50625,2.84,RGB
Logam,R_8427.jpg,.jpg,225,225,1.0,50625,2.3,RGB
Logam,R_8428.jpg,.jpg,229,220,1.0409,50380,5.19,RGB
Logam,R_8429.jpg,.jpg,225,225,1.0,50625,3.5,RGB
Logam,R_8430.jpg,.jpg,209,242,0.8636,50578,1.83,RGB
Logam,R_8431.jpg,.jpg,276,183,1.5082,50508,2.88,RGB
Logam,R_8432.jpg,.jpg,225,225,1.0,50625,3.69,RGB
Logam,R_8433.jpg,.jpg,225,225,1.0,50625,1.96,RGB
Logam,R_8434.jpg,.jpg,259,194,1.3351,50246,1.91,RGB
Logam,R_8435.jpg,.jpg,225,225,1.0,50625,3.57,RGB
Logam,R_8436.jpg,.jpg,183,275,0.6655,50325,2.22,RGB
Logam,R_8437.jpg,.jpg,279,180,1.55,50220,2.47,RGB
Logam,R_8438.jpg,.jpg,225,225,1.0,50625,2.5,P
Logam,R_8439.jpg,.jpg,250,156,1.6026,39000,1.89,RGB
Logam,R_8440.jpg,.jpg,225,225,1.0,50625,1.37,RGB
Logam,R_8441.jpg,.jpg,225,225,1.0,50625,2.07,RGB
Logam,R_8444.jpg,.jpg,225,225,1.0,50625,1.7,RGB
Logam,R_8445.jpg,.jpg,225,225,1.0,50625,3.26,P
Logam,R_8446.jpg,.jpg,258,195,1.3231,50310,2.8,RGB
Logam,R_8447.jpg,.jpg,251,200,1.255,50200,2.44,RGB
Logam,R_8449.jpg,.jpg,224,224,1.0,50176,2.05,RGB
Logam,R_8450.jpg,.jpg,294,171,1.7193,50274,3.72,RGB
Logam,R_8451.jpg,.jpg,259,194,1.3351,50246,2.16,RGB
Logam,R_8452.jpg,.jpg,225,225,1.0,50625,3.51,RGB
Logam,R_8453.jpg,.jpg,225,225,1.0,50625,3.19,RGB
Logam,R_8454.jpg,.jpg,225,225,1.0,50625,2.57,RGB
Logam,R_8455.jpg,.jpg,276,183,1.5082,50508,2.94,RGB
Logam,R_8456.jpg,.jpg,225,225,1.0,50625,4.13,P
Logam,R_8457.jpg,.jpg,238,211,1.128,50218,7.84,RGB
Logam,R_8458.jpg,.jpg,225,225,1.0,50625,2.32,RGB
Logam,R_8459.jpg,.jpg,225,225,1.0,50625,2.65,RGB
Logam,R_8460.jpg,.jpg,355,142,2.5,50410,2.75,RGB
Logam,R_8461.jpg,.jpg,225,225,1.0,50625,2.73,RGB
Logam,R_8462.jpg,.jpg,275,183,1.5027,50325,4.12,RGB
Logam,R_8463.jpg,.jpg,306,165,1.8545,50490,3.15,RGB
Logam,R_8465.jpg,.jpg,177,285,0.6211,50445,2.06,RGB
Logam,R_8469.jpg,.jpg,225,225,1.0,50625,1.61,RGB
Logam,R_8470.jpg,.jpg,225,225,1.0,50625,1.76,RGB
Logam,R_8471.jpg,.jpg,300,168,1.7857,50400,5.48,RGB
Logam,R_8472.jpg,.jpg,275,184,1.4946,50600,2.82,RGB
Logam,R_8473.jpg,.jpg,246,205,1.2,50430,10.93,RGB
Logam,R_8474.jpg,.jpg,259,194,1.3351,50246,3.12,RGB
Logam,R_8475.jpg,.jpg,225,225,1.0,50625,1.4,RGB
Logam,R_8476.jpg,.jpg,256,197,1.2995,50432,5.06,RGB
Logam,R_8477.jpg,.jpg,225,225,1.0,50625,4.51,RGB
Logam,R_8478.jpg,.jpg,225,225,1.0,50625,2.97,RGB
Logam,R_8479.jpg,.jpg,224,225,0.9956,50400,1.74,RGB
Logam,R_8480.jpg,.jpg,201,251,0.8008,50451,2.72,RGB
Logam,R_8482.jpg,.jpg,225,225,1.0,50625,4.59,RGB
Logam,R_8483.jpg,.jpg,225,225,1.0,50625,1.79,RGB
Logam,R_8484.jpg,.jpg,275,184,1.4946,50600,3.2,RGB
Logam,R_8485.jpg,.jpg,225,225,1.0,50625,2.08,RGB
Logam,R_8486.jpg,.jpg,225,225,1.0,50625,2.19,RGB
Logam,R_8487.jpg,.jpg,225,225,1.0,50625,3.29,RGB
Logam,R_8488.jpg,.jpg,207,243,0.8519,50301,4.52,RGB
Logam,R_8489.jpg,.jpg,225,225,1.0,50625,4.4,RGB
Logam,R_8490.jpg,.jpg,275,183,1.5027,50325,2.4,RGB
Logam,R_8491.jpg,.jpg,225,225,1.0,50625,4.14,RGB
Logam,R_8493.jpg,.jpg,214,236,0.9068,50504,2.75,RGB
Logam,R_8494.jpg,.jpg,225,225,1.0,50625,2.21,RGB
Logam,R_8495.jpg,.jpg,209,242,0.8636,50578,1.83,RGB
Logam,R_8497.jpg,.jpg,225,225,1.0,50625,3.1,RGB
Logam,R_8498.jpg,.jpg,225,225,1.0,50625,3.8,RGB
Logam,R_8499.jpg,.jpg,225,225,1.0,50625,3.41,RGB
Logam,R_8500.jpg,.jpg,224,224,1.0,50176,1.43,RGB
Logam,R_8503.jpg,.jpg,225,225,1.0,50625,3.29,RGB
Logam,R_8504.jpg,.jpg,220,147,1.4966,32340,1.78,RGB
Logam,R_8505.jpg,.jpg,239,211,1.1327,50429,3.63,RGB
Logam,R_8507.jpg,.jpg,225,225,1.0,50625,1.59,RGB
Logam,R_8509.jpg,.jpg,229,220,1.0409,50380,4.09,P
Logam,R_8510.jpg,.jpg,183,275,0.6655,50325,2.43,RGB
Logam,R_8511.jpg,.jpg,369,136,2.7132,50184,4.42,RGB
Logam,R_8512.jpg,.jpg,275,183,1.5027,50325,4.16,RGB
Logam,R_8513.jpg,.jpg,267,189,1.4127,50463,3.23,RGB
Logam,R_8516.jpg,.jpg,220,229,0.9607,50380,8.12,RGB
Logam,R_8517.jpg,.jpg,276,183,1.5082,50508,3.45,RGB
Logam,R_8518.jpg,.jpg,275,183,1.5027,50325,3.92,P
Logam,R_8521.jpg,.jpg,225,225,1.0,50625,2.61,RGB
Logam,R_8522.jpg,.jpg,300,168,1.7857,50400,3.33,RGB
Logam,R_8523.jpg,.jpg,225,225,1.0,50625,2.48,RGB
Logam,R_8526.jpg,.jpg,225,225,1.0,50625,1.64,RGB
Logam,R_8527.jpg,.jpg,318,159,2.0,50562,3.56,RGB
Logam,R_8528.jpg,.jpg,299,168,1.7798,50232,2.7,RGB
Logam,R_8529.jpg,.jpg,225,225,1.0,50625,1.81,RGB
Logam,R_8530.jpg,.jpg,225,225,1.0,50625,1.57,RGB
Logam,R_8531.jpg,.jpg,300,168,1.7857,50400,3.62,RGB
Logam,R_8532.jpg,.jpg,225,225,1.0,50625,3.73,RGB
Logam,R_8533.jpg,.jpg,235,215,1.093,50525,2.04,RGB
Logam,R_8534.jpg,.jpg,275,183,1.5027,50325,4.53,RGB
Logam,R_8535.jpg,.jpg,234,215,1.0884,50310,2.11,RGB
Logam,R_8536.jpg,.jpg,170,297,0.5724,50490,3.5,RGB
Logam,R_8537.jpg,.jpg,180,279,0.6452,50220,5.5,RGB
Logam,R_8538.jpg,.jpg,183,275,0.6655,50325,3.82,RGB
Logam,R_8539.jpg,.jpg,205,246,0.8333,50430,2.7,RGB
Logam,R_8540.jpg,.jpg,276,182,1.5165,50232,3.82,RGB
Logam,R_8541.jpg,.jpg,225,225,1.0,50625,2.57,RGB
Logam,R_8542.jpg,.jpg,225,225,1.0,50625,1.67,RGB
Logam,R_8543.jpg,.jpg,235,215,1.093,50525,8.0,RGB
Logam,R_8544.jpg,.jpg,275,183,1.5027,50325,2.43,RGB
Logam,R_8546.jpg,.jpg,225,225,1.0,50625,3.56,RGB
Logam,R_8547.jpg,.jpg,275,184,1.4946,50600,2.66,RGB
Logam,R_8548.jpg,.jpg,225,225,1.0,50625,3.31,RGB
Logam,R_8549.jpg,.jpg,276,183,1.5082,50508,2.8,RGB
Logam,R_8550.jpg,.jpg,225,225,1.0,50625,2.49,RGB
Logam,R_8551.jpg,.jpg,293,172,1.7035,50396,2.86,RGB
Logam,R_8552.jpg,.jpg,169,298,0.5671,50362,3.41,RGB
Logam,R_8553.jpg,.jpg,275,183,1.5027,50325,2.77,RGB
Logam,R_8554.jpg,.jpg,260,194,1.3402,50440,2.31,P
Logam,R_8555.jpg,.jpg,175,288,0.6076,50400,3.18,RGB
Logam,R_8559.jpg,.jpg,261,193,1.3523,50373,3.7,RGB
Logam,R_8562.jpg,.jpg,225,225,1.0,50625,2.34,RGB
Logam,R_8563.jpg,.jpg,300,168,1.7857,50400,6.54,RGB
Logam,R_8564.jpg,.jpg,318,159,2.0,50562,4.03,RGB
Logam,R_8565.jpg,.jpg,281,179,1.5698,50299,3.84,RGB
Logam,R_8567.jpg,.jpg,225,225,1.0,50625,4.32,RGB
Logam,R_8569.jpg,.jpg,225,225,1.0,50625,2.87,RGB
Logam,R_8570.jpg,.jpg,268,188,1.4255,50384,5.09,RGB
Logam,R_8571.jpg,.jpg,183,275,0.6655,50325,3.73,RGB
Logam,R_8572.jpg,.jpg,225,225,1.0,50625,4.71,RGB
Logam,R_8573.jpg,.jpg,261,193,1.3523,50373,5.16,RGB
Logam,R_8574.jpg,.jpg,241,209,1.1531,50369,1.83,RGB
Logam,R_8577.jpg,.jpg,225,225,1.0,50625,4.8,RGB
Logam,R_8578.jpg,.jpg,224,224,1.0,50176,4.44,RGB
Logam,R_8579.jpg,.jpg,225,225,1.0,50625,3.65,RGB
Logam,R_8580.jpg,.jpg,259,194,1.3351,50246,5.98,RGB
Logam,R_8581.jpg,.jpg,84,233,0.3605,19572,1.48,P
Logam,R_8583.jpg,.jpg,368,137,2.6861,50416,3.57,RGB
Logam,R_8591.jpg,.jpg,300,168,1.7857,50400,5.8,RGB
Logam,R_8592.jpg,.jpg,183,275,0.6655,50325,2.4,RGB
Logam,R_8593.jpg,.jpg,225,225,1.0,50625,3.23,RGB
Logam,R_8594.jpg,.jpg,225,225,1.0,50625,3.82,RGB
Logam,R_8595.jpg,.jpg,299,168,1.7798,50232,6.85,RGB
Logam,R_8596.jpg,.jpg,251,201,1.2488,50451,4.96,RGB
Logam,R_8599.jpg,.jpg,241,209,1.1531,50369,1.81,RGB
Logam,R_8600.jpg,.jpg,225,225,1.0,50625,1.81,RGB
Logam,R_8602.jpg,.jpg,225,225,1.0,50625,1.94,RGB
Logam,R_8605.jpg,.jpg,225,225,1.0,50625,2.12,P
Logam,R_8607.jpg,.jpg,225,225,1.0,50625,1.81,RGB
Logam,R_8610.jpg,.jpg,238,212,1.1226,50456,3.86,RGB
Logam,R_8611.jpg,.jpg,225,225,1.0,50625,2.72,RGB
Logam,R_8613.jpg,.jpg,201,251,0.8008,50451,4.0,RGB
Logam,R_8614.jpg,.jpg,225,225,1.0,50625,1.33,RGB
Logam,R_8621.jpg,.jpg,266,189,1.4074,50274,4.8,RGB
Logam,R_8633.jpg,.jpg,225,225,1.0,50625,2.69,RGB
Logam,R_8640.jpg,.jpg,183,275,0.6655,50325,2.13,RGB
Logam,R_8643.jpg,.jpg,225,225,1.0,50625,2.11,RGB
Logam,R_8645.jpg,.jpg,225,225,1.0,50625,3.42,RGB
Logam,R_8650.jpg,.jpg,270,187,1.4439,50490,3.51,RGB
Logam,R_8652.jpg,.jpg,238,212,1.1226,50456,2.01,RGB
Logam,R_8653.jpg,.jpg,225,225,1.0,50625,1.93,RGB
Logam,R_8654.jpg,.jpg,225,225,1.0,50625,1.7,RGB
Logam,R_8657.jpg,.jpg,219,230,0.9522,50370,1.84,RGB
Logam,R_8666.jpg,.jpg,212,238,0.8908,50456,2.43,RGB
Logam,R_8667.jpg,.jpg,94,206,0.4563,19364,1.92,RGB
Logam,R_8668.jpg,.jpg,93,210,0.4429,19530,2.34,RGB
Logam,R_8669.jpg,.jpg,197,256,0.7695,50432,3.39,RGB
Logam,R_8671.jpg,.jpg,225,225,1.0,50625,2.29,RGB
Logam,R_8672.jpg,.jpg,259,194,1.3351,50246,2.54,RGB
Logam,R_8674.jpg,.jpg,318,159,2.0,50562,3.12,RGB
Logam,R_8681.jpg,.jpg,215,235,0.9149,50525,3.56,RGB
Logam,R_8682.jpg,.jpg,225,225,1.0,50625,1.81,RGB
Logam,R_8683.jpg,.jpg,195,259,0.7529,50505,2.4,RGB
Logam,R_8684.jpg,.jpg,186,271,0.6863,50406,3.49,RGB
Logam,R_8687.jpg,.jpg,184,274,0.6715,50416,3.97,RGB
Logam,R_8688.jpg,.jpg,253,199,1.2714,50347,3.98,RGB
Logam,R_8693.jpg,.jpg,225,225,1.0,50625,2.51,RGB
Logam,R_8694.jpg,.jpg,266,189,1.4074,50274,4.64,RGB
Logam,R_8700.jpg,.jpg,183,275,0.6655,50325,1.9,RGB
Logam,R_8706.jpg,.jpg,229,220,1.0409,50380,2.43,RGB
Logam,R_8708.jpg,.jpg,203,248,0.8185,50344,4.53,RGB
Logam,R_8713.jpg,.jpg,202,249,0.8112,50298,6.05,RGB
Logam,R_8714.jpg,.jpg,179,281,0.637,50299,4.08,RGB
Logam,R_8715.jpg,.jpg,225,225,1.0,50625,2.81,RGB
Logam,R_8731.jpg,.jpg,183,275,0.6655,50325,3.67,RGB
Logam,R_8736.jpg,.jpg,225,225,1.0,50625,4.29,RGB
Logam,R_8739.jpg,.jpg,194,259,0.749,50246,8.0,RGB
Logam,R_8741.jpg,.jpg,275,183,1.5027,50325,3.87,RGB
Logam,R_8746.jpg,.jpg,254,198,1.2828,50292,2.87,RGB
Logam,R_8752.jpg,.jpg,290,174,1.6667,50460,7.19,RGB
Logam,R_8753.jpg,.jpg,284,177,1.6045,50268,5.91,RGB
Logam,R_8767.jpg,.jpg,259,194,1.3351,50246,6.8,RGB
Logam,R_8771.jpg,.jpg,300,168,1.7857,50400,5.96,RGB
Logam,R_8773.jpg,.jpg,282,178,1.5843,50196,5.35,RGB
Logam,R_8779.jpg,.jpg,279,180,1.55,50220,1.54,RGB
Logam,R_8786.jpg,.jpg,275,183,1.5027,50325,5.36,RGB
Logam,R_8795.jpg,.jpg,214,235,0.9106,50290,4.71,RGB
Logam,R_8797.jpg,.jpg,225,225,1.0,50625,2.31,RGB
Logam,R_8804.jpg,.jpg,183,276,0.663,50508,4.9,RGB
Logam,R_8807.jpg,.jpg,200,252,0.7937,50400,7.2,RGB
Logam,R_8808.jpg,.jpg,225,225,1.0,50625,1.95,P
Plastik,Image_1.jpg,.jpg,640,640,1.0,409600,39.76,RGB
Plastik,Image_11.jpg,.jpg,600,400,1.5,240000,53.92,RGB
Plastik,Image_14.jpg,.jpg,320,320,1.0,102400,33.55,RGB
Plastik,Image_16.jpg,.jpg,768,768,1.0,589824,64.62,RGB
Plastik,Image_18.jpg,.jpg,929,1378,0.6742,1280162,154.48,RGB
Plastik,Image_2.jpg,.jpg,640,640,1.0,409600,31.27,RGB
Plastik,Image_20.jpg,.jpg,491,500,0.982,245500,28.18,RGB
Plastik,Image_24.jpg,.jpg,320,320,1.0,102400,14.25,RGB
Plastik,Image_27.jpg,.jpg,320,320,1.0,102400,25.83,RGB
Plastik,Image_28.jpg,.jpg,1030,773,1.3325,796190,290.52,RGB
Plastik,Image_30.jpg,.jpg,324,243,1.3333,78732,33.93,RGB
Plastik,Image_31.jpg,.jpg,1030,773,1.3325,796190,282.22,RGB
Plastik,Image_34.jpg,.jpg,1030,773,1.3325,796190,280.88,RGB
Plastik,Image_36.jpg,.jpg,800,800,1.0,640000,72.12,RGB
Plastik,Image_37.jpg,.jpg,1030,773,1.3325,796190,299.89,RGB
Plastik,Image_39.jpg,.jpg,1030,773,1.3325,796190,281.24,RGB
Plastik,Image_4.jpg,.jpg,700,933,0.7503,653100,89.13,RGB
Plastik,Image_40.jpg,.jpg,200,200,1.0,40000,12.58,RGB
Plastik,Image_43.jpg,.jpg,1030,772,1.3342,795160,283.16,RGB
Plastik,Image_47.JPG,.jpg,442,248,1.7823,109616,76.65,RGB
Plastik,Image_49.jpg,.jpg,1200,1600,0.75,1920000,167.39,RGB
Plastik,Image_5.jpg,.jpg,1200,1600,0.75,1920000,427.53,RGB
Plastik,Image_50.jpg,.jpg,200,200,1.0,40000,22.94,RGB
Plastik,Image_53.jpg,.jpg,1600,1600,1.0,2560000,182.24,RGB
Plastik,Image_56.jpg,.jpg,320,320,1.0,102400,24.29,RGB
Plastik,Image_58.jpg,.jpg,380,380,1.0,144400,4.57,RGB
Plastik,Image_59.jpg,.jpg,1200,630,1.9048,756000,76.18,RGB
Plastik,Image_6.jpg,.jpg,2987,3278,0.9112,9791386,1687.04,RGB
Plastik,Image_63.jpg,.jpg,600,658,0.9119,394800,26.04,RGB
Plastik,Image_7.jpg,.jpg,750,500,1.5,375000,64.17,RGB
Plastik,Image_72.jpg,.jpg,700,700,1.0,490000,37.72,RGB
Plastik,Image_76.jpg,.jpg,675,507,1.3314,342225,78.97,RGB
Plastik,Image_8.jpg,.jpg,600,461,1.3015,276600,57.44,RGB
Plastik,Image_84.jpg,.jpg,540,960,0.5625,518400,80.39,RGB
Plastik,Image_9.jpg,.jpg,676,676,1.0,456976,47.78,RGB
Plastik,Image_94.jpg,.jpg,291,320,0.9094,93120,28.02,RGB
Plastik,Image_97.jpg,.jpg,469,600,0.7817,281400,46.93,RGB
Plastik,plastik_1.jpg,.jpg,1000,1633,0.6124,1633000,171.74,RGB
Plastik,plastik_2.jpg,.jpg,700,700,1.0,490000,120.01,RGB
Plastik,plastik_3.jpg,.jpg,577,491,1.1752,283307,25.13,RGB
Plastik,plastik_4.jpg,.jpg,1000,1000,1.0,1000000,109.32,RGB
Plastik,plastik_5.jpg,.jpg,500,500,1.0,250000,71.99,RGB
Plastik,R_1.jpg,.jpg,314,160,1.9625,50240,5.18,RGB
Plastik,R_10.jpg,.jpg,300,150,2.0,45000,6.01,RGB
Plastik,R_100.jpg,.jpg,269,178,1.5112,47882,22.39,RGB
Plastik,R_1000.jpg,.jpg,300,168,1.7857,50400,12.87,RGB
Plastik,R_1001.jpg,.jpg,315,160,1.9688,50400,9.5,RGB
Plastik,R_1002.jpg,.jpg,290,174,1.6667,50460,14.11,RGB
Plastik,R_1003.jpg,.jpg,248,203,1.2217,50344,5.57,RGB
Plastik,R_1004.jpg,.jpg,275,183,1.5027,50325,3.65,RGB
Plastik,R_1005.jpg,.jpg,241,209,1.1531,50369,7.83,RGB
Plastik,R_1006.jpg,.jpg,300,168,1.7857,50400,14.04,RGB
Plastik,R_1007.jpg,.jpg,300,168,1.7857,50400,10.82,RGB
Plastik,R_1008.jpg,.jpg,315,160,1.9688,50400,4.6,RGB
Plastik,R_1009.jpg,.jpg,300,168,1.7857,50400,9.45,RGB
Plastik,R_101.jpg,.jpg,225,225,1.0,50625,5.45,RGB
Plastik,R_1010.jpg,.jpg,197,255,0.7725,50235,5.2,RGB
Plastik,R_1011.jpg,.jpg,299,168,1.7798,50232,8.95,RGB
Plastik,R_1012.jpg,.jpg,299,168,1.7798,50232,13.83,RGB
Plastik,R_1013.jpg,.jpg,225,225,1.0,50625,3.62,RGB
Plastik,R_1014.jpg,.jpg,259,194,1.3351,50246,6.58,RGB
Plastik,R_1015.jpg,.jpg,410,123,3.3333,50430,8.79,RGB
Plastik,R_1016.jpg,.jpg,400,126,3.1746,50400,9.67,RGB
Plastik,R_1017.jpg,.jpg,299,168,1.7798,50232,17.18,RGB
Plastik,R_1018.jpg,.jpg,204,247,0.8259,50388,8.13,RGB
Plastik,R_1019.jpg,.jpg,275,183,1.5027,50325,10.6,RGB
Plastik,R_102.jpg,.jpg,183,248,0.7379,45384,13.19,RGB
Plastik,R_1020.jpg,.jpg,275,183,1.5027,50325,14.12,RGB
Plastik,R_1021.jpg,.jpg,251,200,1.255,50200,14.14,RGB
Plastik,R_1022.jpg,.jpg,275,183,1.5027,50325,14.88,RGB
Plastik,R_1023.jpg,.jpg,225,225,1.0,50625,5.55,RGB
Plastik,R_1024.jpg,.jpg,367,137,2.6788,50279,9.85,RGB
Plastik,R_1025.jpg,.jpg,259,194,1.3351,50246,10.77,RGB
Plastik,R_1026.jpg,.jpg,225,225,1.0,50625,7.82,RGB
Plastik,R_1027.jpg,.jpg,224,224,1.0,50176,8.83,RGB
Plastik,R_1028.jpg,.jpg,300,168,1.7857,50400,14.27,RGB
Plastik,R_1029.jpg,.jpg,251,201,1.2488,50451,11.45,RGB
Plastik,R_103.jpg,.jpg,179,267,0.6704,47793,8.12,RGB
Plastik,R_1030.jpg,.jpg,259,194,1.3351,50246,10.57,RGB
Plastik,R_1031.jpg,.jpg,259,194,1.3351,50246,12.98,RGB
Plastik,R_1032.jpg,.jpg,300,134,2.2388,40200,6.8,RGB
Plastik,R_1033.jpg,.jpg,225,225,1.0,50625,3.33,RGB
Plastik,R_1034.jpg,.jpg,297,169,1.7574,50193,8.65,RGB
Plastik,R_1035.jpg,.jpg,225,225,1.0,50625,8.61,RGB
Plastik,R_1036.jpg,.jpg,241,209,1.1531,50369,7.65,RGB
Plastik,R_1037.jpg,.jpg,225,225,1.0,50625,4.81,RGB
Plastik,R_1038.jpg,.jpg,274,184,1.4891,50416,8.25,RGB
Plastik,R_10384.jpg,.jpg,275,183,1.5027,50325,7.93,RGB
Plastik,R_10385.jpg,.jpg,225,225,1.0,50625,4.85,RGB
Plastik,R_10386.jpg,.jpg,268,188,1.4255,50384,13.39,RGB
Plastik,R_10387.jpg,.jpg,300,168,1.7857,50400,14.42,RGB
Plastik,R_10388.jpg,.jpg,275,183,1.5027,50325,15.6,RGB
Plastik,R_10389.jpg,.jpg,225,225,1.0,50625,10.78,RGB
Plastik,R_1039.jpg,.jpg,299,169,1.7692,50531,14.37,RGB
Plastik,R_10390.jpg,.jpg,215,235,0.9149,50525,13.53,RGB
Plastik,R_10391.jpg,.jpg,318,159,2.0,50562,6.54,RGB
Plastik,R_10392.jpg,.jpg,300,168,1.7857,50400,15.94,RGB
Plastik,R_10393.jpg,.jpg,183,275,0.6655,50325,10.19,RGB
Plastik,R_10394.jpg,.jpg,225,225,1.0,50625,2.7,RGB
Plastik,R_10395.jpg,.jpg,381,132,2.8864,50292,13.25,RGB
Plastik,R_10396.jpg,.jpg,225,225,1.0,50625,1.93,RGB
Plastik,R_10397.jpg,.jpg,266,189,1.4074,50274,10.44,RGB
Plastik,R_10398.jpg,.jpg,225,225,1.0,50625,11.85,RGB
Plastik,R_10399.jpg,.jpg,225,225,1.0,50625,7.85,RGB
Plastik,R_104.jpg,.jpg,267,176,1.517,46992,4.38,RGB
Plastik,R_1040.jpg,.jpg,217,233,0.9313,50561,5.79,RGB
Plastik,R_10400.jpg,.jpg,225,225,1.0,50625,19.05,RGB
Plastik,R_10401.jpg,.jpg,275,183,1.5027,50325,3.59,RGB
Plastik,R_10402.jpg,.jpg,225,225,1.0,50625,1.37,RGB
Plastik,R_10403.jpg,.jpg,224,224,1.0,50176,16.89,RGB
Plastik,R_10404.jpg,.jpg,300,168,1.7857,50400,14.3,RGB
Plastik,R_10405.jpg,.jpg,259,194,1.3351,50246,10.79,RGB
Plastik,R_10406.jpg,.jpg,300,168,1.7857,50400,16.4,RGB
Plastik,R_10407.jpg,.jpg,300,168,1.7857,50400,10.88,RGB
Plastik,R_10408.jpg,.jpg,291,173,1.6821,50343,12.73,RGB
Plastik,R_10409.jpg,.jpg,275,183,1.5027,50325,11.62,RGB
Plastik,R_1041.jpg,.jpg,258,195,1.3231,50310,7.31,RGB
Plastik,R_10410.jpg,.jpg,259,195,1.3282,50505,8.82,RGB
Plastik,R_10412.jpg,.jpg,275,183,1.5027,50325,16.96,RGB
Plastik,R_10413.jpg,.jpg,159,318,0.5,50562,3.82,RGB
Plastik,R_10414.jpg,.jpg,275,183,1.5027,50325,5.24,RGB
Plastik,R_10415.jpg,.jpg,224,224,1.0,50176,11.51,RGB
Plastik,R_10416.jpg,.jpg,225,225,1.0,50625,10.47,RGB
Plastik,R_10417.jpg,.jpg,259,194,1.3351,50246,14.69,RGB
Plastik,R_10418.jpg,.jpg,275,183,1.5027,50325,13.2,RGB
Plastik,R_10419.jpg,.jpg,284,177,1.6045,50268,14.32,RGB
Plastik,R_1042.jpg,.jpg,300,168,1.7857,50400,10.83,RGB
Plastik,R_10420.jpg,.jpg,219,230,0.9522,50370,3.38,RGB
Plastik,R_10421.jpg,.jpg,225,225,1.0,50625,7.16,RGB
Plastik,R_10422.jpg,.jpg,293,172,1.7035,50396,14.85,RGB
Plastik,R_10423.jpg,.jpg,225,225,1.0,50625,2.45,RGB
Plastik,R_10424.jpg,.jpg,225,225,1.0,50625,9.0,RGB
Plastik,R_10425.jpg,.jpg,225,225,1.0,50625,3.48,RGB
Plastik,R_10426.jpg,.jpg,225,225,1.0,50625,11.06,RGB
Plastik,R_10427.jpg,.jpg,225,225,1.0,50625,7.19,P
Plastik,R_10428.jpg,.jpg,293,172,1.7035,50396,11.6,RGB
Plastik,R_1043.jpg,.jpg,276,183,1.5082,50508,13.56,RGB
Plastik,R_10431.jpg,.jpg,275,183,1.5027,50325,11.91,RGB
Plastik,R_10432.jpg,.jpg,306,165,1.8545,50490,11.94,RGB
Plastik,R_10433.jpg,.jpg,290,174,1.6667,50460,7.63,RGB
Plastik,R_10434.jpg,.jpg,278,182,1.5275,50596,15.58,RGB
Plastik,R_10435.jpg,.jpg,275,183,1.5027,50325,13.13,RGB
Plastik,R_10436.jpg,.jpg,237,213,1.1127,50481,5.57,RGB
Plastik,R_10437.jpg,.jpg,225,225,1.0,50625,10.61,RGB
Plastik,R_10438.jpg,.jpg,184,274,0.6715,50416,8.34,RGB
Plastik,R_10439.jpg,.jpg,275,183,1.5027,50325,7.72,RGB
Plastik,R_1044.jpg,.jpg,259,194,1.3351,50246,5.51,RGB
Plastik,R_10440.jpg,.jpg,225,225,1.0,50625,11.57,RGB
Plastik,R_10441.jpg,.jpg,300,168,1.7857,50400,10.87,RGB
Plastik,R_10442.jpg,.jpg,225,225,1.0,50625,12.29,RGB
Plastik,R_10443.jpg,.jpg,276,183,1.5082,50508,8.69,RGB
Plastik,R_10444.jpg,.jpg,300,168,1.7857,50400,13.26,RGB
Plastik,R_10445.jpg,.jpg,225,225,1.0,50625,6.11,RGB
Plastik,R_10446.jpg,.jpg,246,205,1.2,50430,2.92,RGB
Plastik,R_10447.jpg,.jpg,299,169,1.7692,50531,13.56,RGB
Plastik,R_10448.jpg,.jpg,225,225,1.0,50625,6.58,RGB
Plastik,R_10449.jpg,.jpg,300,168,1.7857,50400,9.4,RGB
Plastik,R_1045.jpg,.jpg,297,169,1.7574,50193,8.86,RGB
Plastik,R_10450.jpg,.jpg,225,225,1.0,50625,8.35,RGB
Plastik,R_10451.jpg,.jpg,275,183,1.5027,50325,13.55,RGB
Plastik,R_10452.jpg,.jpg,225,225,1.0,50625,1.01,RGB
Plastik,R_10453.jpg,.jpg,225,225,1.0,50625,7.81,RGB
Plastik,R_10454.jpg,.jpg,290,174,1.6667,50460,6.32,RGB
Plastik,R_10457.jpg,.jpg,231,218,1.0596,50358,16.11,RGB
Plastik,R_10458.jpg,.jpg,190,265,0.717,50350,10.33,RGB
Plastik,R_10459.jpg,.jpg,320,158,2.0253,50560,12.12,P
Plastik,R_1046.jpg,.jpg,225,225,1.0,50625,5.47,RGB
Plastik,R_10460.jpg,.jpg,259,194,1.3351,50246,12.05,RGB
Plastik,R_10461.jpg,.jpg,225,225,1.0,50625,8.1,RGB
Plastik,R_10462.jpg,.jpg,275,183,1.5027,50325,8.99,RGB
Plastik,R_10463.jpg,.jpg,159,318,0.5,50562,4.47,P
Plastik,R_10464.jpg,.jpg,458,110,4.1636,50380,3.79,P
Plastik,R_10465.jpg,.jpg,266,190,1.4,50540,10.81,RGB
Plastik,R_10466.jpg,.jpg,246,205,1.2,50430,16.76,RGB
Plastik,R_10467.jpg,.jpg,300,168,1.7857,50400,10.17,RGB
Plastik,R_10469.jpg,.jpg,275,183,1.5027,50325,12.13,RGB
Plastik,R_1047.jpg,.jpg,298,169,1.7633,50362,4.28,RGB
Plastik,R_10471.jpg,.jpg,300,168,1.7857,50400,11.52,RGB
Plastik,R_10472.jpg,.jpg,225,225,1.0,50625,14.25,RGB
Plastik,R_10473.jpg,.jpg,225,225,1.0,50625,10.96,RGB
Plastik,R_10474.jpg,.jpg,232,217,1.0691,50344,6.96,RGB
Plastik,R_10475.jpg,.jpg,194,259,0.749,50246,11.2,RGB
Plastik,R_10476.jpg,.jpg,275,183,1.5027,50325,11.26,RGB
Plastik,R_10477.jpg,.jpg,275,183,1.5027,50325,17.42,RGB
Plastik,R_10478.jpg,.jpg,259,194,1.3351,50246,9.57,RGB
Plastik,R_10479.jpg,.jpg,183,275,0.6655,50325,3.38,RGB
Plastik,R_1048.jpg,.jpg,225,225,1.0,50625,4.27,RGB
Plastik,R_10480.jpg,.jpg,283,178,1.5899,50374,22.98,RGB
Plastik,R_10481.jpg,.jpg,275,183,1.5027,50325,18.38,RGB
Plastik,R_10482.jpg,.jpg,225,225,1.0,50625,5.87,RGB
Plastik,R_10483.jpg,.jpg,225,225,1.0,50625,1.56,RGB
Plastik,R_10484.jpg,.jpg,299,169,1.7692,50531,16.18,RGB
Plastik,R_10485.jpg,.jpg,276,183,1.5082,50508,3.62,P
Plastik,R_10487.jpg,.jpg,311,162,1.9198,50382,9.7,RGB
Plastik,R_10489.jpg,.jpg,252,200,1.26,50400,13.5,RGB
Plastik,R_1049.jpg,.jpg,318,159,2.0,50562,10.89,RGB
Plastik,R_10490.jpg,.jpg,225,225,1.0,50625,12.79,RGB
Plastik,R_10491.jpg,.jpg,277,182,1.522,50414,16.3,RGB
Plastik,R_10492.jpg,.jpg,259,194,1.3351,50246,16.11,RGB
Plastik,R_10493.jpg,.jpg,300,168,1.7857,50400,11.19,RGB
Plastik,R_10494.jpg,.jpg,275,183,1.5027,50325,19.76,RGB
Plastik,R_10495.jpg,.jpg,315,160,1.9688,50400,6.66,RGB
Plastik,R_10496.jpg,.jpg,225,225,1.0,50625,4.87,RGB
Plastik,R_10497.jpg,.jpg,275,183,1.5027,50325,6.71,RGB
Plastik,R_10498.jpg,.jpg,265,190,1.3947,50350,12.39,RGB
Plastik,R_10499.jpg,.jpg,200,200,1.0,40000,2.12,RGB
Plastik,R_105.jpg,.jpg,274,184,1.4891,50416,2.05,RGB
Plastik,R_1050.jpg,.jpg,275,183,1.5027,50325,13.74,RGB
Plastik,R_10500.jpg,.jpg,225,225,1.0,50625,12.98,RGB
Plastik,R_10502.jpg,.jpg,225,225,1.0,50625,13.18,RGB
Plastik,R_10503.jpg,.jpg,225,225,1.0,50625,5.88,RGB
Plastik,R_10504.jpg,.jpg,259,194,1.3351,50246,17.67,RGB
Plastik,R_10505.jpg,.jpg,225,225,1.0,50625,4.65,RGB
Plastik,R_10506.jpg,.jpg,320,158,2.0253,50560,7.26,RGB
Plastik,R_10507.jpg,.jpg,225,225,1.0,50625,9.65,RGB
Plastik,R_10508.jpg,.jpg,284,177,1.6045,50268,8.31,RGB
Plastik,R_10509.jpg,.jpg,268,188,1.4255,50384,13.29,RGB
Plastik,R_1051.jpg,.jpg,289,174,1.6609,50286,7.53,RGB
Plastik,R_10510.jpg,.jpg,217,232,0.9353,50344,9.26,RGB
Plastik,R_10511.jpg,.jpg,348,145,2.4,50460,8.61,RGB
Plastik,R_10512.jpg,.jpg,300,168,1.7857,50400,9.43,RGB
Plastik,R_10515.jpg,.jpg,258,195,1.3231,50310,4.0,RGB
Plastik,R_10517.jpg,.jpg,235,214,1.0981,50290,8.63,RGB
Plastik,R_10518.jpg,.jpg,225,225,1.0,50625,10.18,RGB
Plastik,R_10519.jpg,.jpg,224,224,1.0,50176,4.36,RGB
Plastik,R_1052.jpg,.jpg,300,168,1.7857,50400,15.58,RGB
Plastik,R_10521.jpg,.jpg,275,183,1.5027,50325,21.89,RGB
Plastik,R_10522.jpg,.jpg,308,164,1.878,50512,9.1,RGB
Plastik,R_10523.jpg,.jpg,299,168,1.7798,50232,12.03,RGB
Plastik,R_10524.jpg,.jpg,225,225,1.0,50625,9.09,RGB
Plastik,R_10527.jpg,.jpg,300,168,1.7857,50400,8.02,RGB
Plastik,R_10528.jpg,.jpg,225,225,1.0,50625,7.2,RGB
Plastik,R_10529.jpg,.jpg,285,177,1.6102,50445,17.64,RGB
Plastik,R_1053.jpg,.jpg,300,168,1.7857,50400,7.03,RGB
Plastik,R_10530.jpg,.jpg,180,195,0.9231,35100,6.44,RGB
Plastik,R_10531.jpg,.jpg,225,225,1.0,50625,13.55,RGB
Plastik,R_10532.jpg,.jpg,380,132,2.8788,50160,6.78,RGB
Plastik,R_10533.jpg,.jpg,254,199,1.2764,50546,6.4,RGB
Plastik,R_10534.jpg,.jpg,275,183,1.5027,50325,7.49,RGB
Plastik,R_10535.jpg,.jpg,310,163,1.9018,50530,7.96,RGB
Plastik,R_10536.jpg,.jpg,225,225,1.0,50625,6.85,RGB
Plastik,R_10537.jpg,.jpg,194,259,0.749,50246,9.61,RGB
Plastik,R_10538.jpg,.jpg,337,150,2.2467,50550,20.03,RGB
Plastik,R_10539.jpg,.jpg,225,225,1.0,50625,3.58,RGB
Plastik,R_1054.jpg,.jpg,300,168,1.7857,50400,12.87,RGB
Plastik,R_10540.jpg,.jpg,283,178,1.5899,50374,17.39,RGB
Plastik,R_10541.jpg,.jpg,220,229,0.9607,50380,3.86,P
Plastik,R_10542.jpg,.jpg,331,152,2.1776,50312,8.03,RGB
Plastik,R_10543.jpg,.jpg,275,183,1.5027,50325,14.36,RGB
Plastik,R_10544.jpg,.jpg,259,194,1.3351,50246,5.27,RGB
Plastik,R_10545.jpg,.jpg,225,225,1.0,50625,5.86,RGB
Plastik,R_10546.jpg,.jpg,187,270,0.6926,50490,19.89,RGB
Plastik,R_10547.jpg,.jpg,236,213,1.108,50268,2.16,RGB
Plastik,R_10548.jpg,.jpg,180,180,1.0,32400,7.29,RGB
Plastik,R_1055.jpg,.jpg,300,168,1.7857,50400,17.39,RGB
Plastik,R_10550.jpg,.jpg,300,168,1.7857,50400,10.89,RGB
Plastik,R_10551.jpg,.jpg,259,194,1.3351,50246,6.96,RGB
Plastik,R_10552.jpg,.jpg,263,191,1.377,50233,14.53,RGB
Plastik,R_10553.jpg,.jpg,275,183,1.5027,50325,3.76,RGB
Plastik,R_10554.jpg,.jpg,306,165,1.8545,50490,17.23,RGB
Plastik,R_10555.jpg,.jpg,275,183,1.5027,50325,12.61,RGB
Plastik,R_10556.jpg,.jpg,224,225,0.9956,50400,8.65,RGB
Plastik,R_10557.jpg,.jpg,240,210,1.1429,50400,19.23,RGB
Plastik,R_10558.jpg,.jpg,225,225,1.0,50625,16.14,RGB
Plastik,R_10559.jpg,.jpg,276,183,1.5082,50508,8.48,RGB
Plastik,R_1056.jpg,.jpg,225,225,1.0,50625,7.23,RGB
Plastik,R_10560.jpg,.jpg,268,188,1.4255,50384,13.98,RGB
Plastik,R_10561.jpg,.jpg,300,168,1.7857,50400,12.96,RGB
Plastik,R_10562.jpg,.jpg,220,147,1.4966,32340,4.11,RGB
Plastik,R_10563.jpg,.jpg,225,225,1.0,50625,7.2,RGB
Plastik,R_10564.jpg,.jpg,171,294,0.5816,50274,4.01,RGB
Plastik,R_10565.jpg,.jpg,259,194,1.3351,50246,5.16,RGB
Plastik,R_10566.jpg,.jpg,258,195,1.3231,50310,7.47,RGB
Plastik,R_10567.jpg,.jpg,389,129,3.0155,50181,9.35,RGB
Plastik,R_10568.jpg,.jpg,225,225,1.0,50625,14.15,RGB
Plastik,R_10569.jpg,.jpg,299,169,1.7692,50531,10.41,RGB
Plastik,R_1057.jpg,.jpg,326,155,2.1032,50530,4.88,RGB
Plastik,R_10570.jpg,.jpg,179,281,0.637,50299,8.89,RGB
Plastik,R_10571.jpg,.jpg,275,184,1.4946,50600,6.06,RGB
Plastik,R_10572.jpg,.jpg,227,223,1.0179,50621,6.97,RGB
Plastik,R_10573.jpg,.jpg,225,225,1.0,50625,5.38,RGB
Plastik,R_10574.jpg,.jpg,312,162,1.9259,50544,10.08,RGB
Plastik,R_10575.jpg,.jpg,275,183,1.5027,50325,11.66,RGB
Plastik,R_10576.jpg,.jpg,335,151,2.2185,50585,10.56,RGB
Plastik,R_10577.jpg,.jpg,328,153,2.1438,50184,12.7,RGB
Plastik,R_10578.jpg,.jpg,280,180,1.5556,50400,11.59,RGB
Plastik,R_1058.jpg,.jpg,275,183,1.5027,50325,10.95,RGB
Plastik,R_10580.jpg,.jpg,225,225,1.0,50625,8.65,RGB
Plastik,R_10581.jpg,.jpg,225,225,1.0,50625,2.58,RGB
Plastik,R_10582.jpg,.jpg,225,225,1.0,50625,2.96,RGB
Plastik,R_10583.jpg,.jpg,194,259,0.749,50246,2.23,RGB
Plastik,R_10584.jpg,.jpg,275,183,1.5027,50325,19.14,RGB
Plastik,R_10585.jpg,.jpg,286,176,1.625,50336,11.81,RGB
Plastik,R_10586.jpg,.jpg,275,183,1.5027,50325,5.4,RGB
Plastik,R_10587.jpg,.jpg,351,143,2.4545,50193,9.12,RGB
Plastik,R_10588.jpg,.jpg,299,169,1.7692,50531,9.09,RGB
Plastik,R_10589.jpg,.jpg,189,267,0.7079,50463,12.73,RGB
Plastik,R_1059.jpg,.jpg,318,159,2.0,50562,9.03,RGB
Plastik,R_10590.jpg,.jpg,220,229,0.9607,50380,10.44,RGB
Plastik,R_10592.jpg,.jpg,319,158,2.019,50402,13.49,RGB
Plastik,R_10593.jpg,.jpg,300,168,1.7857,50400,6.91,RGB
Plastik,R_10594.jpg,.jpg,225,225,1.0,50625,6.96,RGB
Plastik,R_10595.jpg,.jpg,225,225,1.0,50625,7.91,RGB
Plastik,R_10596.jpg,.jpg,299,168,1.7798,50232,15.48,RGB
Plastik,R_10597.jpg,.jpg,224,224,1.0,50176,7.65,RGB
Plastik,R_10599.jpg,.jpg,276,183,1.5082,50508,9.1,RGB
Plastik,R_106.jpg,.jpg,225,225,1.0,50625,4.33,RGB
Plastik,R_1060.jpg,.jpg,274,184,1.4891,50416,8.87,RGB
Plastik,R_10600.jpg,.jpg,225,225,1.0,50625,10.14,RGB
Plastik,R_10601.jpg,.jpg,300,168,1.7857,50400,11.43,RGB
Plastik,R_10602.jpg,.jpg,275,183,1.5027,50325,4.58,RGB
Plastik,R_10603.jpg,.jpg,225,225,1.0,50625,7.66,RGB
Plastik,R_10604.jpg,.jpg,276,183,1.5082,50508,0.99,RGB
Plastik,R_10605.jpg,.jpg,292,173,1.6879,50516,10.98,RGB
Plastik,R_10606.jpg,.jpg,303,166,1.8253,50298,10.7,RGB
Plastik,R_10607.jpg,.jpg,183,275,0.6655,50325,2.42,RGB
Plastik,R_10608.jpg,.jpg,224,224,1.0,50176,6.71,RGB
Plastik,R_10609.jpg,.jpg,225,225,1.0,50625,12.52,RGB
Plastik,R_1061.jpg,.jpg,275,183,1.5027,50325,5.16,RGB
Plastik,R_10610.jpg,.jpg,275,183,1.5027,50325,7.47,RGB
Plastik,R_10611.jpg,.jpg,300,168,1.7857,50400,10.65,RGB
Plastik,R_10613.jpg,.jpg,225,225,1.0,50625,14.22,RGB
Plastik,R_10615.jpg,.jpg,259,194,1.3351,50246,7.48,RGB
Plastik,R_10616.jpg,.jpg,275,183,1.5027,50325,8.5,RGB
Plastik,R_10617.jpg,.jpg,194,259,0.749,50246,5.36,RGB
Plastik,R_10618.jpg,.jpg,225,225,1.0,50625,3.64,RGB
Plastik,R_10619.jpg,.jpg,225,225,1.0,50625,10.05,RGB
Plastik,R_1062.jpg,.jpg,300,168,1.7857,50400,2.79,RGB
Plastik,R_10621.jpg,.jpg,325,155,2.0968,50375,10.65,RGB
Plastik,R_10622.jpg,.jpg,311,162,1.9198,50382,8.04,RGB
Plastik,R_10623.jpg,.jpg,300,168,1.7857,50400,7.73,RGB
Plastik,R_10624.jpg,.jpg,276,183,1.5082,50508,16.02,RGB
Plastik,R_10625.jpg,.jpg,302,167,1.8084,50434,8.76,RGB
Plastik,R_10626.jpg,.jpg,225,201,1.1194,45225,7.54,RGB
Plastik,R_10627.jpg,.jpg,181,278,0.6511,50318,5.74,RGB
Plastik,R_10628.jpg,.jpg,290,174,1.6667,50460,10.96,RGB
Plastik,R_10629.jpg,.jpg,288,175,1.6457,50400,14.77,RGB
Plastik,R_1063.jpg,.jpg,246,205,1.2,50430,14.17,RGB
Plastik,R_10630.jpg,.jpg,298,169,1.7633,50362,15.41,RGB
Plastik,R_10631.jpg,.jpg,225,225,1.0,50625,2.26,P
Plastik,R_10632.jpg,.jpg,252,200,1.26,50400,8.78,RGB
Plastik,R_10633.jpg,.jpg,275,183,1.5027,50325,19.66,RGB
Plastik,R_10634.jpg,.jpg,300,168,1.7857,50400,14.19,RGB
Plastik,R_10636.jpg,.jpg,220,229,0.9607,50380,5.46,P
Plastik,R_10637.jpg,.jpg,200,148,1.3514,29600,4.89,RGB
Plastik,R_10639.jpg,.jpg,299,168,1.7798,50232,9.14,RGB
Plastik,R_1064.jpg,.jpg,290,174,1.6667,50460,12.68,RGB
Plastik,R_10640.jpg,.jpg,252,200,1.26,50400,8.82,RGB
Plastik,R_10642.jpg,.jpg,259,194,1.3351,50246,7.33,RGB
Plastik,R_10643.jpg,.jpg,246,205,1.2,50430,5.5,RGB
Plastik,R_10644.jpg,.jpg,275,183,1.5027,50325,17.14,RGB
Plastik,R_10645.jpg,.jpg,271,186,1.457,50406,5.28,RGB
Plastik,R_10646.jpg,.jpg,225,225,1.0,50625,2.88,RGB
Plastik,R_10647.jpg,.jpg,293,172,1.7035,50396,8.79,RGB
Plastik,R_10648.jpg,.jpg,285,177,1.6102,50445,10.89,RGB
Plastik,R_10649.jpg,.jpg,308,163,1.8896,50204,5.77,RGB
Plastik,R_1065.jpg,.jpg,275,183,1.5027,50325,14.76,RGB
Plastik,R_10650.jpg,.jpg,299,168,1.7798,50232,10.18,RGB
Plastik,R_10651.jpg,.jpg,225,225,1.0,50625,4.95,RGB
Plastik,R_10652.jpg,.jpg,183,275,0.6655,50325,11.23,RGB
Plastik,R_10653.jpg,.jpg,275,183,1.5027,50325,5.42,RGB
Plastik,R_10654.jpg,.jpg,225,225,1.0,50625,3.04,P
Plastik,R_10655.jpg,.jpg,276,182,1.5165,50232,11.21,RGB
Plastik,R_10656.jpg,.jpg,225,225,1.0,50625,5.47,RGB
Plastik,R_10658.jpg,.jpg,303,166,1.8253,50298,8.46,RGB
Plastik,R_1066.jpg,.jpg,261,193,1.3523,50373,12.28,RGB
Plastik,R_10661.jpg,.jpg,259,194,1.3351,50246,8.17,RGB
Plastik,R_10664.jpg,.jpg,286,176,1.625,50336,13.71,RGB
Plastik,R_10665.jpg,.jpg,284,177,1.6045,50268,1.98,RGB
Plastik,R_10666.jpg,.jpg,194,259,0.749,50246,5.21,RGB
Plastik,R_10668.jpg,.jpg,206,245,0.8408,50470,9.26,RGB
Plastik,R_10669.jpg,.jpg,247,204,1.2108,50388,8.76,RGB
Plastik,R_1067.jpg,.jpg,263,192,1.3698,50496,9.16,RGB
Plastik,R_10670.jpg,.jpg,225,225,1.0,50625,19.2,RGB
Plastik,R_10671.jpg,.jpg,225,225,1.0,50625,3.76,RGB
Plastik,R_10672.jpg,.jpg,183,275,0.6655,50325,11.06,RGB
Plastik,R_10673.jpg,.jpg,284,177,1.6045,50268,4.54,RGB
Plastik,R_10674.jpg,.jpg,225,225,1.0,50625,2.27,RGB
Plastik,R_10675.jpg,.jpg,266,189,1.4074,50274,16.89,RGB
Plastik,R_10676.jpg,.jpg,165,306,0.5392,50490,1.77,RGB
Plastik,R_10677.jpg,.jpg,259,194,1.3351,50246,6.98,RGB
Plastik,R_10678.jpg,.jpg,274,184,1.4891,50416,9.71,RGB
Plastik,R_10679.jpg,.jpg,263,192,1.3698,50496,7.35,RGB
Plastik,R_1068.jpg,.jpg,275,183,1.5027,50325,4.04,RGB
Plastik,R_10680.jpg,.jpg,276,182,1.5165,50232,9.32,RGB
Plastik,R_10681.jpg,.jpg,248,203,1.2217,50344,13.47,RGB
Plastik,R_10682.jpg,.jpg,260,194,1.3402,50440,8.07,RGB
Plastik,R_10683.jpg,.jpg,225,225,1.0,50625,5.04,RGB
Plastik,R_10684.jpg,.jpg,225,225,1.0,50625,8.25,RGB
Plastik,R_10685.jpg,.jpg,204,247,0.8259,50388,12.11,RGB
Plastik,R_10686.jpg,.jpg,225,225,1.0,50625,9.45,RGB
Plastik,R_10687.jpg,.jpg,300,168,1.7857,50400,8.07,RGB
Plastik,R_10688.jpg,.jpg,225,225,1.0,50625,14.29,RGB
Plastik,R_10689.jpg,.jpg,225,225,1.0,50625,15.72,RGB
Plastik,R_1069.jpg,.jpg,225,225,1.0,50625,3.82,RGB
Plastik,R_10690.jpg,.jpg,275,183,1.5027,50325,5.25,RGB
Plastik,R_10691.jpg,.jpg,183,275,0.6655,50325,3.49,RGB
Plastik,R_10692.jpg,.jpg,225,225,1.0,50625,10.08,RGB
Plastik,R_10693.jpg,.jpg,225,225,1.0,50625,5.21,RGB
Plastik,R_10694.jpg,.jpg,273,185,1.4757,50505,14.18,RGB
Plastik,R_10695.jpg,.jpg,200,200,1.0,40000,8.58,RGB
Plastik,R_10696.jpg,.jpg,289,174,1.6609,50286,9.79,RGB
Plastik,R_10697.jpg,.jpg,280,180,1.5556,50400,25.8,RGB
Plastik,R_10698.jpg,.jpg,259,194,1.3351,50246,7.28,RGB
Plastik,R_10699.jpg,.jpg,244,207,1.1787,50508,10.79,RGB
Plastik,R_107.jpg,.jpg,275,183,1.5027,50325,3.43,RGB
Plastik,R_1070.jpg,.jpg,280,180,1.5556,50400,5.65,RGB
Plastik,R_10700.jpg,.jpg,224,224,1.0,50176,10.34,RGB
Plastik,R_10701.jpg,.jpg,199,253,0.7866,50347,3.96,RGB
Plastik,R_10702.jpg,.jpg,299,169,1.7692,50531,5.21,RGB
Plastik,R_10703.jpg,.jpg,300,168,1.7857,50400,6.67,RGB
Plastik,R_10704.jpg,.jpg,537,94,5.7128,50478,14.91,RGB
Plastik,R_10705.jpg,.jpg,211,239,0.8828,50429,4.54,RGB
Plastik,R_10706.jpg,.jpg,225,225,1.0,50625,1.55,RGB
Plastik,R_10707.jpg,.jpg,348,145,2.4,50460,5.62,RGB
Plastik,R_10708.jpg,.jpg,293,172,1.7035,50396,14.05,RGB
Plastik,R_10709.jpg,.jpg,300,168,1.7857,50400,6.17,RGB
Plastik,R_1071.jpg,.jpg,399,126,3.1667,50274,8.37,RGB
Plastik,R_10710.jpg,.jpg,205,246,0.8333,50430,10.93,RGB
Plastik,R_10711.jpg,.jpg,160,160,1.0,25600,3.53,RGB
Plastik,R_10713.jpg,.jpg,267,189,1.4127,50463,10.55,RGB
Plastik,R_10719.jpg,.jpg,225,225,1.0,50625,9.55,RGB
Plastik,R_1072.jpg,.jpg,225,225,1.0,50625,5.98,RGB
Plastik,R_10720.jpg,.jpg,275,183,1.5027,50325,5.41,RGB
Plastik,R_10721.jpg,.jpg,201,251,0.8008,50451,20.79,RGB
Plastik,R_10722.jpg,.jpg,275,183,1.5027,50325,9.05,RGB
Plastik,R_10723.jpg,.jpg,297,170,1.7471,50490,7.89,RGB
Plastik,R_10724.jpg,.jpg,225,225,1.0,50625,9.34,RGB
Plastik,R_10728.jpg,.jpg,190,265,0.717,50350,16.78,RGB
Plastik,R_10729.jpg,.jpg,300,168,1.7857,50400,13.92,RGB
Plastik,R_1073.jpg,.jpg,247,204,1.2108,50388,7.7,RGB
Plastik,R_10730.jpg,.jpg,341,148,2.3041,50468,13.11,RGB
Plastik,R_10731.jpg,.jpg,225,225,1.0,50625,12.24,RGB
Plastik,R_10732.jpg,.jpg,275,183,1.5027,50325,6.05,RGB
Plastik,R_1074.jpg,.jpg,318,159,2.0,50562,9.9,RGB
Plastik,R_1075.jpg,.jpg,315,160,1.9688,50400,9.75,RGB
Plastik,R_1076.jpg,.jpg,275,183,1.5027,50325,7.96,RGB
Plastik,R_1077.jpg,.jpg,294,172,1.7093,50568,4.09,RGB
Plastik,R_1078.jpg,.jpg,286,176,1.625,50336,9.52,RGB
Plastik,R_1079.jpg,.jpg,279,181,1.5414,50499,11.86,RGB
Plastik,R_108.jpg,.jpg,183,275,0.6655,50325,5.69,RGB
Plastik,R_1080.jpg,.jpg,225,225,1.0,50625,4.74,RGB
Plastik,R_1081.jpg,.jpg,275,183,1.5027,50325,9.78,RGB
Plastik,R_1082.jpg,.jpg,275,183,1.5027,50325,11.93,RGB
Plastik,R_1083.jpg,.jpg,225,225,1.0,50625,4.29,RGB
Plastik,R_1084.jpg,.jpg,225,225,1.0,50625,1.92,RGB
Plastik,R_1085.jpg,.jpg,190,265,0.717,50350,6.33,RGB
Plastik,R_1086.jpg,.jpg,246,205,1.2,50430,9.52,RGB
Plastik,R_1087.jpg,.jpg,225,225,1.0,50625,1.16,RGB
Plastik,R_1088.jpg,.jpg,244,206,1.1845,50264,2.33,RGB
Plastik,R_1089.jpg,.jpg,225,225,1.0,50625,5.96,RGB
Plastik,R_109.jpg,.jpg,188,268,0.7015,50384,7.25,RGB
Plastik,R_1090.jpg,.jpg,227,152,1.4934,34504,11.59,RGB
Plastik,R_1091.jpg,.jpg,225,225,1.0,50625,6.32,RGB
Plastik,R_1092.jpg,.jpg,224,224,1.0,50176,8.39,RGB
Plastik,R_1093.jpg,.jpg,274,184,1.4891,50416,8.43,RGB
Plastik,R_1094.jpg,.jpg,281,179,1.5698,50299,15.75,RGB
Plastik,R_1095.jpg,.jpg,290,174,1.6667,50460,9.26,RGB
Plastik,R_1096.jpg,.jpg,241,209,1.1531,50369,9.95,RGB
Plastik,R_1097.jpg,.jpg,234,216,1.0833,50544,6.34,RGB
Plastik,R_1098.jpg,.jpg,220,229,0.9607,50380,14.25,RGB
Plastik,R_1099.jpg,.jpg,275,183,1.5027,50325,7.17,RGB
Plastik,R_11.jpg,.jpg,275,183,1.5027,50325,4.88,RGB
Plastik,R_110.jpg,.jpg,180,179,1.0056,32220,11.52,RGB
Plastik,R_1100.jpg,.jpg,213,236,0.9025,50268,4.82,RGB
Plastik,R_1101.jpg,.jpg,395,127,3.1102,50165,5.96,RGB
Plastik,R_1102.jpg,.jpg,235,133,1.7669,31255,7.35,RGB
Plastik,R_1103.jpg,.jpg,282,140,2.0143,39480,11.77,RGB
Plastik,R_1104.jpg,.jpg,299,169,1.7692,50531,7.4,RGB
Plastik,R_1105.jpg,.jpg,225,225,1.0,50625,5.17,RGB
Plastik,R_1106.jpg,.jpg,225,225,1.0,50625,1.79,RGB
Plastik,R_1107.jpg,.jpg,225,225,1.0,50625,7.62,RGB
Plastik,R_1108.jpg,.jpg,300,168,1.7857,50400,15.48,RGB
Plastik,R_1109.jpg,.jpg,225,225,1.0,50625,2.5,RGB
Plastik,R_111.jpg,.jpg,169,298,0.5671,50362,4.42,RGB
Plastik,R_1110.jpg,.jpg,300,168,1.7857,50400,10.88,RGB
Plastik,R_1111.jpg,.jpg,248,129,1.9225,31992,6.86,RGB
Plastik,R_1112.jpg,.jpg,282,178,1.5843,50196,17.3,RGB
Plastik,R_1113.jpg,.jpg,225,225,1.0,50625,1.47,RGB
Plastik,R_1114.jpg,.jpg,225,225,1.0,50625,1.64,RGB
Plastik,R_1115.jpg,.jpg,299,168,1.7798,50232,2.33,RGB
Plastik,R_1116.jpg,.jpg,209,168,1.244,35112,10.53,RGB
Plastik,R_1117.jpg,.jpg,300,168,1.7857,50400,11.67,RGB
Plastik,R_1118.jpg,.jpg,290,174,1.6667,50460,6.3,RGB
Plastik,R_1119.jpg,.jpg,220,165,1.3333,36300,11.17,RGB
Plastik,R_112.jpg,.jpg,251,184,1.3641,46184,13.37,RGB
Plastik,R_1120.jpg,.jpg,300,168,1.7857,50400,4.98,RGB
Plastik,R_1121.jpg,.jpg,259,194,1.3351,50246,8.69,RGB
Plastik,R_1122.jpg,.jpg,225,225,1.0,50625,7.58,RGB
Plastik,R_1123.jpg,.jpg,297,170,1.7471,50490,4.17,RGB
Plastik,R_1124.jpg,.jpg,300,168,1.7857,50400,4.76,RGB
Plastik,R_1125.jpg,.jpg,305,165,1.8485,50325,8.63,RGB
Plastik,R_1126.jpg,.jpg,183,275,0.6655,50325,3.73,RGB
Plastik,R_1127.jpg,.jpg,275,183,1.5027,50325,14.44,RGB
Plastik,R_1128.jpg,.jpg,225,225,1.0,50625,3.96,RGB
Plastik,R_1129.jpg,.jpg,225,225,1.0,50625,5.72,RGB
Plastik,R_113.jpg,.jpg,263,174,1.5115,45762,5.78,RGB
Plastik,R_1130.jpg,.jpg,275,183,1.5027,50325,4.69,RGB
Plastik,R_1131.jpg,.jpg,225,225,1.0,50625,9.68,RGB
Plastik,R_1132.jpg,.jpg,290,174,1.6667,50460,13.46,RGB
Plastik,R_1133.jpg,.jpg,259,194,1.3351,50246,2.84,RGB
Plastik,R_1134.jpg,.jpg,275,183,1.5027,50325,12.7,RGB
Plastik,R_1135.jpg,.jpg,275,183,1.5027,50325,3.36,RGB
Plastik,R_1136.jpg,.jpg,213,237,0.8987,50481,5.79,RGB
Plastik,R_1137.jpg,.jpg,207,244,0.8484,50508,2.2,RGB
Plastik,R_1138.jpg,.jpg,287,175,1.64,50225,8.0,RGB
Plastik,R_1139.jpg,.jpg,299,169,1.7692,50531,10.5,RGB
Plastik,R_114.jpg,.jpg,130,167,0.7784,21710,9.29,RGB
Plastik,R_1140.jpg,.jpg,275,183,1.5027,50325,5.85,RGB
Plastik,R_1141.jpg,.jpg,360,140,2.5714,50400,9.93,RGB
Plastik,R_1142.jpg,.jpg,225,225,1.0,50625,14.87,RGB
Plastik,R_1143.jpg,.jpg,299,168,1.7798,50232,10.42,RGB
Plastik,R_1144.jpg,.jpg,359,140,2.5643,50260,9.04,RGB
Plastik,R_1145.jpg,.jpg,301,167,1.8024,50267,13.01,RGB
Plastik,R_1146.jpg,.jpg,225,225,1.0,50625,2.36,RGB
Plastik,R_1147.jpg,.jpg,300,168,1.7857,50400,6.27,RGB
Plastik,R_1148.jpg,.jpg,225,225,1.0,50625,8.21,RGB
Plastik,R_1149.jpg,.jpg,276,183,1.5082,50508,6.85,RGB
Plastik,R_115.jpg,.jpg,314,161,1.9503,50554,9.27,RGB
Plastik,R_1150.jpg,.jpg,310,162,1.9136,50220,7.81,RGB
Plastik,R_1151.jpg,.jpg,225,224,1.0045,50400,7.89,RGB
Plastik,R_1152.jpg,.jpg,285,177,1.6102,50445,10.92,RGB
Plastik,R_1153.jpg,.jpg,225,225,1.0,50625,4.58,RGB
Plastik,R_1154.jpg,.jpg,225,225,1.0,50625,13.7,RGB
Plastik,R_1155.jpg,.jpg,259,194,1.3351,50246,4.53,RGB
Plastik,R_1156.jpg,.jpg,225,225,1.0,50625,6.04,RGB
Plastik,R_1157.jpg,.jpg,316,160,1.975,50560,5.2,RGB
Plastik,R_1158.jpg,.jpg,202,250,0.808,50500,5.27,RGB
Plastik,R_1159.jpg,.jpg,276,183,1.5082,50508,4.55,RGB
Plastik,R_116.jpg,.jpg,275,183,1.5027,50325,6.09,RGB
Plastik,R_1160.jpg,.jpg,310,163,1.9018,50530,10.26,RGB
Plastik,R_1161.jpg,.jpg,225,225,1.0,50625,9.91,RGB
Plastik,R_1162.jpg,.jpg,300,168,1.7857,50400,5.08,RGB
Plastik,R_1163.jpg,.jpg,416,121,3.438,50336,7.25,RGB
Plastik,R_1164.jpg,.jpg,300,168,1.7857,50400,10.92,RGB
Plastik,R_1165.jpg,.jpg,222,227,0.978,50394,3.4,RGB
Plastik,R_1166.jpg,.jpg,233,216,1.0787,50328,5.45,RGB
Plastik,R_1167.jpg,.jpg,275,183,1.5027,50325,8.0,RGB
Plastik,R_1168.jpg,.jpg,225,225,1.0,50625,4.67,RGB
Plastik,R_1169.jpg,.jpg,225,225,1.0,50625,6.48,RGB
Plastik,R_117.jpg,.jpg,179,262,0.6832,46898,4.48,RGB
Plastik,R_1170.jpg,.jpg,318,159,2.0,50562,5.76,RGB
Plastik,R_1171.jpg,.jpg,300,168,1.7857,50400,11.49,RGB
Plastik,R_1172.jpg,.jpg,225,225,1.0,50625,3.54,RGB
Plastik,R_1173.jpg,.jpg,259,194,1.3351,50246,9.65,RGB
Plastik,R_1174.jpg,.jpg,318,159,2.0,50562,10.21,RGB
Plastik,R_1175.jpg,.jpg,379,133,2.8496,50407,9.87,RGB
Plastik,R_1176.jpg,.jpg,429,117,3.6667,50193,17.27,RGB
Plastik,R_1177.jpg,.jpg,265,190,1.3947,50350,10.78,RGB
Plastik,R_1178.jpg,.jpg,255,198,1.2879,50490,3.45,RGB
Plastik,R_1179.jpg,.jpg,284,177,1.6045,50268,8.62,RGB
Plastik,R_118.jpg,.jpg,259,194,1.3351,50246,12.4,RGB
Plastik,R_1180.jpg,.jpg,225,225,1.0,50625,9.59,RGB
Plastik,R_1181.jpg,.jpg,259,194,1.3351,50246,18.05,RGB
Plastik,R_1182.jpg,.jpg,271,186,1.457,50406,8.17,RGB
Plastik,R_1183.jpg,.jpg,220,200,1.1,44000,2.02,RGB
Plastik,R_1184.jpg,.jpg,384,131,2.9313,50304,5.3,RGB
Plastik,R_1185.jpg,.jpg,225,225,1.0,50625,8.07,RGB
Plastik,R_1186.jpg,.jpg,259,194,1.3351,50246,5.11,RGB
Plastik,R_1187.jpg,.jpg,225,225,1.0,50625,1.64,RGB
Plastik,R_1188.jpg,.jpg,351,144,2.4375,50544,6.6,RGB
Plastik,R_1189.jpg,.jpg,275,183,1.5027,50325,16.28,RGB
Plastik,R_119.jpg,.jpg,259,194,1.3351,50246,7.06,RGB
Plastik,R_1190.jpg,.jpg,225,225,1.0,50625,4.66,RGB
Plastik,R_1191.jpg,.jpg,288,175,1.6457,50400,7.16,RGB
Plastik,R_1192.jpg,.jpg,275,183,1.5027,50325,13.51,RGB
Plastik,R_1193.jpg,.jpg,340,148,2.2973,50320,7.19,RGB
Plastik,R_1194.jpg,.jpg,259,194,1.3351,50246,6.23,RGB
Plastik,R_1195.jpg,.jpg,200,200,1.0,40000,5.01,RGB
Plastik,R_1196.jpg,.jpg,235,215,1.093,50525,4.56,RGB
Plastik,R_1197.jpg,.jpg,259,194,1.3351,50246,8.33,RGB
Plastik,R_1198.jpg,.jpg,225,225,1.0,50625,5.55,RGB
Plastik,R_1199.jpg,.jpg,300,168,1.7857,50400,13.59,RGB
Plastik,R_12.jpg,.jpg,275,183,1.5027,50325,3.7,RGB
Plastik,R_120.jpg,.jpg,225,225,1.0,50625,5.32,RGB
Plastik,R_1200.jpg,.jpg,252,189,1.3333,47628,12.25,RGB
Plastik,R_1201.jpg,.jpg,297,169,1.7574,50193,7.57,RGB
Plastik,R_1202.jpg,.jpg,221,228,0.9693,50388,11.56,RGB
Plastik,R_1203.jpg,.jpg,225,225,1.0,50625,2.62,RGB
Plastik,R_1204.jpg,.jpg,225,225,1.0,50625,2.06,RGB
Plastik,R_1205.jpg,.jpg,249,203,1.2266,50547,12.3,RGB
Plastik,R_1206.jpg,.jpg,276,183,1.5082,50508,4.93,RGB
Plastik,R_1207.jpg,.jpg,160,315,0.5079,50400,3.17,RGB
Plastik,R_1208.jpg,.jpg,207,243,0.8519,50301,6.31,RGB
Plastik,R_1209.jpg,.jpg,259,194,1.3351,50246,4.88,RGB
Plastik,R_121.jpg,.jpg,296,170,1.7412,50320,5.51,RGB
Plastik,R_1210.jpg,.jpg,272,185,1.4703,50320,5.68,RGB
Plastik,R_1211.jpg,.jpg,225,225,1.0,50625,5.34,RGB
Plastik,R_1212.jpg,.jpg,183,275,0.6655,50325,2.86,RGB
Plastik,R_1213.jpg,.jpg,286,176,1.625,50336,8.17,RGB
Plastik,R_1214.jpg,.jpg,347,145,2.3931,50315,9.69,RGB
Plastik,R_1215.jpg,.jpg,299,168,1.7798,50232,13.47,RGB
Plastik,R_1216.jpg,.jpg,275,183,1.5027,50325,14.69,RGB
Plastik,R_1217.jpg,.jpg,275,183,1.5027,50325,9.67,RGB
Plastik,R_1218.jpg,.jpg,297,170,1.7471,50490,7.9,RGB
Plastik,R_1219.jpg,.jpg,280,180,1.5556,50400,5.06,RGB
Plastik,R_122.jpg,.jpg,256,197,1.2995,50432,9.44,RGB
Plastik,R_1220.jpg,.jpg,305,165,1.8485,50325,11.36,RGB
Plastik,R_1221.jpg,.jpg,275,184,1.4946,50600,10.41,RGB
Plastik,R_1222.jpg,.jpg,225,225,1.0,50625,7.52,RGB
Plastik,R_1223.jpg,.jpg,274,184,1.4891,50416,8.83,RGB
Plastik,R_1224.jpg,.jpg,225,225,1.0,50625,10.49,RGB
Plastik,R_1225.jpg,.jpg,259,194,1.3351,50246,17.65,RGB
Plastik,R_1226.jpg,.jpg,194,259,0.749,50246,15.94,RGB
Plastik,R_1227.jpg,.jpg,300,168,1.7857,50400,10.87,RGB
Plastik,R_1228.jpg,.jpg,250,187,1.3369,46750,3.77,RGB
Plastik,R_1229.jpg,.jpg,308,164,1.878,50512,6.35,RGB
Plastik,R_123.jpg,.jpg,299,168,1.7798,50232,16.23,RGB
Plastik,R_1230.jpg,.jpg,225,225,1.0,50625,2.06,RGB
Plastik,R_1231.jpg,.jpg,399,126,3.1667,50274,12.87,RGB
Plastik,R_1232.jpg,.jpg,275,183,1.5027,50325,12.04,RGB
Plastik,R_1233.jpg,.jpg,276,183,1.5082,50508,7.6,RGB
Plastik,R_1234.jpg,.jpg,299,168,1.7798,50232,12.02,RGB
Plastik,R_1235.jpg,.jpg,225,225,1.0,50625,2.12,RGB
Plastik,R_1236.jpg,.jpg,275,183,1.5027,50325,13.54,RGB
Plastik,R_1237.jpg,.jpg,215,212,1.0142,45580,15.1,RGB
Plastik,R_1238.jpg,.jpg,225,225,1.0,50625,5.69,RGB
Plastik,R_1239.jpg,.jpg,180,166,1.0843,29880,8.01,RGB
Plastik,R_124.jpg,.jpg,183,275,0.6655,50325,9.41,RGB
Plastik,R_1240.jpg,.jpg,225,225,1.0,50625,9.91,RGB
Plastik,R_1241.jpg,.jpg,290,174,1.6667,50460,12.93,RGB
Plastik,R_1242.jpg,.jpg,259,194,1.3351,50246,11.24,RGB
Plastik,R_1243.jpg,.jpg,225,225,1.0,50625,6.97,RGB
Plastik,R_1244.jpg,.jpg,275,183,1.5027,50325,9.31,RGB
Plastik,R_1245.jpg,.jpg,225,225,1.0,50625,5.69,RGB
Plastik,R_1246.jpg,.jpg,270,187,1.4439,50490,6.82,RGB
Plastik,R_1247.jpg,.jpg,389,129,3.0155,50181,7.25,RGB
Plastik,R_1248.jpg,.jpg,225,225,1.0,50625,7.06,RGB
Plastik,R_1249.jpg,.jpg,275,183,1.5027,50325,11.91,RGB
Plastik,R_125.jpg,.jpg,275,183,1.5027,50325,5.47,RGB
Plastik,R_1250.jpg,.jpg,318,159,2.0,50562,5.36,RGB
Plastik,R_1251.jpg,.jpg,245,205,1.1951,50225,5.48,RGB
Plastik,R_1252.jpg,.jpg,299,169,1.7692,50531,13.39,RGB
Plastik,R_1253.jpg,.jpg,280,180,1.5556,50400,17.03,RGB
Plastik,R_1254.jpg,.jpg,290,174,1.6667,50460,8.95,RGB
Plastik,R_1255.jpg,.jpg,183,275,0.6655,50325,5.91,RGB
Plastik,R_1256.jpg,.jpg,328,153,2.1438,50184,9.56,RGB
Plastik,R_1257.jpg,.jpg,354,142,2.493,50268,10.47,RGB
Plastik,R_1258.jpg,.jpg,282,179,1.5754,50478,7.84,RGB
Plastik,R_1259.jpg,.jpg,275,183,1.5027,50325,10.86,RGB
Plastik,R_126.jpg,.jpg,183,265,0.6906,48495,8.11,RGB
Plastik,R_1260.jpg,.jpg,329,153,2.1503,50337,8.66,RGB
Plastik,R_1261.jpg,.jpg,275,184,1.4946,50600,9.5,RGB
Plastik,R_1262.jpg,.jpg,299,169,1.7692,50531,5.87,RGB
Plastik,R_1263.jpg,.jpg,259,194,1.3351,50246,1.78,RGB
Plastik,R_1264.jpg,.jpg,358,141,2.539,50478,6.51,RGB
Plastik,R_1265.jpg,.jpg,245,206,1.1893,50470,6.07,RGB
Plastik,R_1266.jpg,.jpg,123,122,1.0082,15006,4.0,RGB
Plastik,R_1267.jpg,.jpg,225,159,1.4151,35775,9.69,RGB
Plastik,R_1268.jpg,.jpg,275,183,1.5027,50325,4.78,RGB
Plastik,R_1269.jpg,.jpg,183,275,0.6655,50325,1.58,RGB
Plastik,R_127.jpg,.jpg,192,245,0.7837,47040,3.45,RGB
Plastik,R_1270.jpg,.jpg,200,200,1.0,40000,4.74,RGB
Plastik,R_1271.jpg,.jpg,225,225,1.0,50625,5.09,RGB
Plastik,R_1272.jpg,.jpg,315,160,1.9688,50400,4.29,RGB
Plastik,R_1273.jpg,.jpg,225,225,1.0,50625,4.09,RGB
Plastik,R_1274.jpg,.jpg,300,168,1.7857,50400,5.5,RGB
Plastik,R_1275.jpg,.jpg,277,182,1.522,50414,8.4,RGB
Plastik,R_1276.jpg,.jpg,254,198,1.2828,50292,10.78,RGB
Plastik,R_1277.jpg,.jpg,205,246,0.8333,50430,9.51,RGB
Plastik,R_1278.jpg,.jpg,318,159,2.0,50562,15.08,RGB
Plastik,R_1279.jpg,.jpg,210,240,0.875,50400,1.97,RGB
Plastik,R_128.jpg,.jpg,225,225,1.0,50625,6.27,RGB
Plastik,R_1280.jpg,.jpg,272,185,1.4703,50320,4.97,RGB
Plastik,R_1281.jpg,.jpg,225,225,1.0,50625,1.48,RGB
Plastik,R_1282.jpg,.jpg,241,209,1.1531,50369,7.37,RGB
Plastik,R_1283.jpg,.jpg,259,194,1.3351,50246,12.71,RGB
Plastik,R_1284.jpg,.jpg,334,151,2.2119,50434,6.68,RGB
Plastik,R_1285.jpg,.jpg,315,160,1.9688,50400,6.33,RGB
Plastik,R_1286.jpg,.jpg,259,194,1.3351,50246,13.08,RGB
Plastik,R_1287.jpg,.jpg,199,254,0.7835,50546,5.83,RGB
Plastik,R_1288.jpg,.jpg,158,167,0.9461,26386,7.28,RGB
Plastik,R_1289.jpg,.jpg,228,221,1.0317,50388,8.18,RGB
Plastik,R_129.jpg,.jpg,275,183,1.5027,50325,9.3,RGB
Plastik,R_1290.jpg,.jpg,251,201,1.2488,50451,5.16,RGB
Plastik,R_1292.jpg,.jpg,275,183,1.5027,50325,6.26,RGB
Plastik,R_1293.jpg,.jpg,183,275,0.6655,50325,13.05,RGB
Plastik,R_1294.jpg,.jpg,199,253,0.7866,50347,8.67,RGB
Plastik,R_1295.jpg,.jpg,290,174,1.6667,50460,4.5,RGB
Plastik,R_1296.jpg,.jpg,225,225,1.0,50625,4.81,RGB
Plastik,R_1297.jpg,.jpg,225,225,1.0,50625,3.67,RGB
Plastik,R_1298.jpg,.jpg,194,259,0.749,50246,13.33,RGB
Plastik,R_1299.jpg,.jpg,245,124,1.9758,30380,5.08,RGB
Plastik,R_13.jpg,.jpg,275,183,1.5027,50325,6.72,RGB
Plastik,R_130.jpg,.jpg,240,180,1.3333,43200,16.17,RGB
Plastik,R_1300.jpg,.jpg,379,133,2.8496,50407,8.35,RGB
Plastik,R_1301.jpg,.jpg,225,225,1.0,50625,4.21,RGB
Plastik,R_1302.jpg,.jpg,225,225,1.0,50625,2.47,RGB
Plastik,R_1303.jpg,.jpg,275,183,1.5027,50325,10.4,RGB
Plastik,R_1304.jpg,.jpg,290,174,1.6667,50460,5.0,RGB
Plastik,R_1305.jpg,.jpg,259,194,1.3351,50246,8.3,RGB
Plastik,R_1306.jpg,.jpg,225,225,1.0,50625,1.95,RGB
Plastik,R_1307.jpg,.jpg,260,194,1.3402,50440,12.6,RGB
Plastik,R_1308.jpg,.jpg,275,183,1.5027,50325,12.94,RGB
Plastik,R_1309.jpg,.jpg,275,183,1.5027,50325,9.9,RGB
Plastik,R_1311.jpg,.jpg,203,248,0.8185,50344,3.24,RGB
Plastik,R_1312.jpg,.jpg,261,193,1.3523,50373,9.3,RGB
Plastik,R_1313.jpg,.jpg,188,268,0.7015,50384,5.81,RGB
Plastik,R_1314.jpg,.jpg,224,225,0.9956,50400,4.91,RGB
Plastik,R_1315.jpg,.jpg,224,225,0.9956,50400,9.62,RGB
Plastik,R_1316.jpg,.jpg,183,275,0.6655,50325,8.88,RGB
Plastik,R_1317.jpg,.jpg,303,166,1.8253,50298,8.7,RGB
Plastik,R_1318.jpg,.jpg,225,225,1.0,50625,1.46,RGB
Plastik,R_1319.jpg,.jpg,225,225,1.0,50625,8.27,RGB
Plastik,R_132.jpg,.jpg,225,225,1.0,50625,3.1,RGB
Plastik,R_1320.jpg,.jpg,401,126,3.1825,50526,8.05,RGB
Plastik,R_1321.jpg,.jpg,225,225,1.0,50625,2.41,RGB
Plastik,R_1322.jpg,.jpg,275,183,1.5027,50325,8.94,RGB
Plastik,R_1323.jpg,.jpg,201,251,0.8008,50451,3.67,RGB
Plastik,R_1324.jpg,.jpg,373,135,2.763,50355,7.2,RGB
Plastik,R_1326.jpg,.jpg,450,112,4.0179,50400,12.79,RGB
Plastik,R_1328.jpg,.jpg,260,194,1.3402,50440,3.1,RGB
Plastik,R_1329.jpg,.jpg,262,192,1.3646,50304,4.53,RGB
Plastik,R_133.jpg,.jpg,299,168,1.7798,50232,6.3,RGB
Plastik,R_1330.jpg,.jpg,300,168,1.7857,50400,8.37,RGB
Plastik,R_1331.jpg,.jpg,183,275,0.6655,50325,7.02,RGB
Plastik,R_1332.jpg,.jpg,225,225,1.0,50625,3.85,RGB
Plastik,R_1333.jpg,.jpg,291,173,1.6821,50343,6.49,RGB
Plastik,R_1334.jpg,.jpg,194,259,0.749,50246,4.8,RGB
Plastik,R_1335.jpg,.jpg,440,114,3.8596,50160,7.2,RGB
Plastik,R_1336.jpg,.jpg,279,181,1.5414,50499,6.12,RGB
Plastik,R_1337.jpg,.jpg,218,231,0.9437,50358,6.42,RGB
Plastik,R_1338.jpg,.jpg,233,114,2.0439,26562,8.32,RGB
Plastik,R_1339.jpg,.jpg,300,168,1.7857,50400,9.35,RGB
Plastik,R_134.jpg,.jpg,200,200,1.0,40000,12.73,RGB
Plastik,R_1341.jpg,.jpg,220,200,1.1,44000,2.26,RGB
Plastik,R_1342.jpg,.jpg,300,168,1.7857,50400,12.83,RGB
Plastik,R_1343.jpg,.jpg,225,225,1.0,50625,4.87,RGB
Plastik,R_1344.jpg,.jpg,225,225,1.0,50625,5.47,RGB
Plastik,R_1345.jpg,.jpg,225,225,1.0,50625,7.38,RGB
Plastik,R_1346.jpg,.jpg,318,159,2.0,50562,6.18,RGB
Plastik,R_1347.jpg,.jpg,225,225,1.0,50625,1.12,RGB
Plastik,R_1348.jpg,.jpg,254,199,1.2764,50546,5.56,RGB
Plastik,R_1349.jpg,.jpg,380,133,2.8571,50540,5.26,RGB
Plastik,R_135.jpg,.jpg,259,195,1.3282,50505,10.22,RGB
Plastik,R_1350.jpg,.jpg,225,225,1.0,50625,2.82,RGB
Plastik,R_1351.jpg,.jpg,275,183,1.5027,50325,15.36,RGB
Plastik,R_1352.jpg,.jpg,290,174,1.6667,50460,5.53,RGB
Plastik,R_1353.jpg,.jpg,275,183,1.5027,50325,9.02,RGB
Plastik,R_1354.jpg,.jpg,225,225,1.0,50625,2.01,RGB
Plastik,R_1355.jpg,.jpg,360,140,2.5714,50400,7.85,RGB
Plastik,R_1356.jpg,.jpg,242,208,1.1635,50336,3.92,RGB
Plastik,R_1357.jpg,.jpg,225,225,1.0,50625,10.87,RGB
Plastik,R_1358.jpg,.jpg,297,169,1.7574,50193,7.13,RGB
Plastik,R_1359.jpg,.jpg,241,209,1.1531,50369,4.79,RGB
Plastik,R_136.jpg,.jpg,300,168,1.7857,50400,13.94,RGB
Plastik,R_1360.jpg,.jpg,308,164,1.878,50512,15.5,RGB
Plastik,R_1361.jpg,.jpg,277,182,1.522,50414,9.85,RGB
Plastik,R_1362.jpg,.jpg,306,165,1.8545,50490,5.81,RGB
Plastik,R_1363.jpg,.jpg,259,194,1.3351,50246,6.52,RGB
Plastik,R_1364.jpg,.jpg,225,225,1.0,50625,4.08,RGB
Plastik,R_1365.jpg,.jpg,259,194,1.3351,50246,7.75,RGB
Plastik,R_1366.jpg,.jpg,225,225,1.0,50625,13.15,RGB
Plastik,R_1367.jpg,.jpg,201,251,0.8008,50451,1.92,RGB
Plastik,R_1368.jpg,.jpg,225,225,1.0,50625,13.84,RGB
Plastik,R_1369.jpg,.jpg,225,225,1.0,50625,3.74,RGB
Plastik,R_137.jpg,.jpg,275,183,1.5027,50325,20.77,RGB
Plastik,R_1370.jpg,.jpg,279,181,1.5414,50499,9.09,RGB
Plastik,R_1371.jpg,.jpg,290,174,1.6667,50460,15.97,RGB
Plastik,R_1372.jpg,.jpg,222,227,0.978,50394,5.85,RGB
Plastik,R_1373.jpg,.jpg,225,225,1.0,50625,6.41,RGB
Plastik,R_1374.jpg,.jpg,225,225,1.0,50625,5.8,RGB
Plastik,R_1375.jpg,.jpg,225,225,1.0,50625,6.27,RGB
Plastik,R_1376.jpg,.jpg,294,171,1.7193,50274,11.64,RGB
Plastik,R_1377.jpg,.jpg,306,165,1.8545,50490,5.2,RGB
Plastik,R_1378.jpg,.jpg,361,139,2.5971,50179,5.6,RGB
Plastik,R_1379.jpg,.jpg,259,194,1.3351,50246,10.98,RGB
Plastik,R_138.jpg,.jpg,225,225,1.0,50625,12.79,RGB
Plastik,R_1380.jpg,.jpg,275,183,1.5027,50325,7.52,RGB
Plastik,R_1381.jpg,.jpg,224,224,1.0,50176,1.78,RGB
Plastik,R_1382.jpg,.jpg,225,225,1.0,50625,2.24,RGB
Plastik,R_1383.jpg,.jpg,210,240,0.875,50400,5.41,RGB
Plastik,R_1384.jpg,.jpg,259,194,1.3351,50246,11.35,RGB
Plastik,R_1385.jpg,.jpg,569,88,6.4659,50072,8.12,RGB
Plastik,R_1386.jpg,.jpg,259,178,1.4551,46102,8.18,RGB
Plastik,R_1387.jpg,.jpg,377,134,2.8134,50518,7.36,RGB
Plastik,R_1388.jpg,.jpg,232,218,1.0642,50576,7.46,RGB
Plastik,R_1389.jpg,.jpg,194,259,0.749,50246,4.44,RGB
Plastik,R_139.jpg,.jpg,276,183,1.5082,50508,3.3,RGB
Plastik,R_1390.jpg,.jpg,176,286,0.6154,50336,5.97,RGB
Plastik,R_1391.jpg,.jpg,275,183,1.5027,50325,13.35,RGB
Plastik,R_1393.jpg,.jpg,289,174,1.6609,50286,2.47,RGB
Plastik,R_1394.jpg,.jpg,384,131,2.9313,50304,7.17,RGB
Plastik,R_1395.jpg,.jpg,300,168,1.7857,50400,3.28,RGB
Plastik,R_1396.jpg,.jpg,170,296,0.5743,50320,6.45,RGB
Plastik,R_1397.jpg,.jpg,275,183,1.5027,50325,13.16,RGB
Plastik,R_1398.jpg,.jpg,262,192,1.3646,50304,5.19,RGB
Plastik,R_1399.jpg,.jpg,178,284,0.6268,50552,8.85,RGB
Plastik,R_14.jpg,.jpg,225,225,1.0,50625,2.47,RGB
Plastik,R_140.jpg,.jpg,299,168,1.7798,50232,17.11,RGB
Plastik,R_1400.jpg,.jpg,270,187,1.4439,50490,7.96,RGB
Plastik,R_1401.jpg,.jpg,300,168,1.7857,50400,12.37,RGB
Plastik,R_1402.jpg,.jpg,225,225,1.0,50625,2.31,RGB
Plastik,R_1403.jpg,.jpg,225,225,1.0,50625,1.67,RGB
Plastik,R_1404.jpg,.jpg,239,211,1.1327,50429,10.86,RGB
Plastik,R_1405.jpg,.jpg,275,183,1.5027,50325,6.6,RGB
Plastik,R_1406.jpg,.jpg,240,210,1.1429,50400,5.44,RGB
Plastik,R_1407.jpg,.jpg,275,183,1.5027,50325,4.26,RGB
Plastik,R_1408.jpg,.jpg,300,168,1.7857,50400,14.2,RGB
Plastik,R_1409.jpg,.jpg,225,225,1.0,50625,2.22,RGB
Plastik,R_141.jpg,.jpg,225,225,1.0,50625,4.01,RGB
Plastik,R_1410.jpg,.jpg,259,194,1.3351,50246,9.7,RGB
Plastik,R_1411.jpg,.jpg,274,184,1.4891,50416,12.57,RGB
Plastik,R_1412.jpg,.jpg,276,183,1.5082,50508,7.9,RGB
Plastik,R_1413.jpg,.jpg,198,254,0.7795,50292,6.41,RGB
Plastik,R_1414.jpg,.jpg,281,179,1.5698,50299,6.64,RGB
Plastik,R_1415.jpg,.jpg,277,182,1.522,50414,8.55,RGB
Plastik,R_1416.jpg,.jpg,276,183,1.5082,50508,16.72,RGB
Plastik,R_1417.jpg,.jpg,275,183,1.5027,50325,5.75,RGB
Plastik,R_1418.jpg,.jpg,261,193,1.3523,50373,6.96,RGB
Plastik,R_142.jpg,.jpg,310,163,1.9018,50530,3.38,RGB
Plastik,R_1420.jpg,.jpg,275,183,1.5027,50325,9.74,RGB
Plastik,R_1421.jpg,.jpg,303,166,1.8253,50298,14.0,RGB
Plastik,R_1422.jpg,.jpg,298,169,1.7633,50362,11.34,RGB
Plastik,R_1423.jpg,.jpg,225,225,1.0,50625,1.39,RGB
Plastik,R_1424.jpg,.jpg,259,194,1.3351,50246,7.23,RGB
Plastik,R_1425.jpg,.jpg,317,159,1.9937,50403,4.55,RGB
Plastik,R_1426.jpg,.jpg,159,142,1.1197,22578,5.18,RGB
Plastik,R_1427.jpg,.jpg,194,259,0.749,50246,7.58,RGB
Plastik,R_1428.jpg,.jpg,318,159,2.0,50562,3.23,RGB
Plastik,R_1429.jpg,.jpg,224,224,1.0,50176,2.56,RGB
Plastik,R_143.jpg,.jpg,270,186,1.4516,50220,3.73,RGB
Plastik,R_1430.jpg,.jpg,275,183,1.5027,50325,8.73,RGB
Plastik,R_1431.jpg,.jpg,275,183,1.5027,50325,10.69,RGB
Plastik,R_1432.jpg,.jpg,225,225,1.0,50625,7.78,RGB
Plastik,R_1433.jpg,.jpg,225,225,1.0,50625,4.96,RGB
Plastik,R_1434.jpg,.jpg,300,168,1.7857,50400,6.82,RGB
Plastik,R_1435.jpg,.jpg,259,194,1.3351,50246,17.76,RGB
Plastik,R_1436.jpg,.jpg,276,183,1.5082,50508,9.17,RGB
Plastik,R_1437.jpg,.jpg,225,225,1.0,50625,3.87,RGB
Plastik,R_1438.jpg,.jpg,225,225,1.0,50625,7.87,RGB
Plastik,R_1439.jpg,.jpg,171,168,1.0179,28728,7.29,RGB
Plastik,R_144.jpg,.jpg,239,160,1.4937,38240,5.91,RGB
Plastik,R_1440.jpg,.jpg,225,225,1.0,50625,2.53,RGB
Plastik,R_1441.jpg,.jpg,225,225,1.0,50625,2.85,RGB
Plastik,R_1442.jpg,.jpg,225,225,1.0,50625,3.95,RGB
Plastik,R_1443.jpg,.jpg,225,225,1.0,50625,5.92,RGB
Plastik,R_1444.jpg,.jpg,283,178,1.5899,50374,5.54,RGB
Plastik,R_1445.jpg,.jpg,299,169,1.7692,50531,4.71,RGB
Plastik,R_1446.jpg,.jpg,251,201,1.2488,50451,6.84,RGB
Plastik,R_1447.jpg,.jpg,225,225,1.0,50625,2.85,RGB
Plastik,R_1448.jpg,.jpg,225,225,1.0,50625,6.05,RGB
Plastik,R_1449.jpg,.jpg,250,197,1.269,49250,2.61,RGB
Plastik,R_145.jpg,.jpg,225,161,1.3975,36225,8.85,RGB
Plastik,R_1450.jpg,.jpg,259,194,1.3351,50246,1.46,RGB
Plastik,R_1451.jpg,.jpg,347,145,2.3931,50315,9.84,RGB
Plastik,R_1452.jpg,.jpg,225,225,1.0,50625,8.97,RGB
Plastik,R_1453.jpg,.jpg,290,174,1.6667,50460,11.26,RGB
Plastik,R_1454.jpg,.jpg,267,189,1.4127,50463,8.84,RGB
Plastik,R_1455.jpg,.jpg,203,249,0.8153,50547,7.04,RGB
Plastik,R_1456.jpg,.jpg,259,194,1.3351,50246,11.04,RGB
Plastik,R_1457.jpg,.jpg,230,219,1.0502,50370,8.57,RGB
Plastik,R_1458.jpg,.jpg,200,200,1.0,40000,3.45,RGB
Plastik,R_1459.jpg,.jpg,258,196,1.3163,50568,14.82,RGB
Plastik,R_146.jpg,.jpg,259,194,1.3351,50246,16.31,RGB
Plastik,R_1460.jpg,.jpg,275,183,1.5027,50325,10.04,RGB
Plastik,R_1461.jpg,.jpg,275,183,1.5027,50325,7.93,RGB
Plastik,R_1462.jpg,.jpg,259,194,1.3351,50246,7.47,RGB
Plastik,R_1463.jpg,.jpg,220,200,1.1,44000,2.96,RGB
Plastik,R_1464.jpg,.jpg,217,233,0.9313,50561,4.07,RGB
Plastik,R_1465.jpg,.jpg,250,202,1.2376,50500,5.93,RGB
Plastik,R_1466.jpg,.jpg,235,215,1.093,50525,9.56,RGB
Plastik,R_1467.jpg,.jpg,245,205,1.1951,50225,7.66,RGB
Plastik,R_1468.jpg,.jpg,236,183,1.2896,43188,6.15,RGB
Plastik,R_1469.jpg,.jpg,225,225,1.0,50625,4.81,RGB
Plastik,R_147.jpg,.jpg,262,175,1.4971,45850,7.29,RGB
Plastik,R_1470.jpg,.jpg,189,267,0.7079,50463,8.12,RGB
Plastik,R_1471.jpg,.jpg,275,183,1.5027,50325,7.18,RGB
Plastik,R_1472.jpg,.jpg,225,225,1.0,50625,4.83,RGB
Plastik,R_1473.jpg,.jpg,273,184,1.4837,50232,6.68,RGB
Plastik,R_1474.jpg,.jpg,287,176,1.6307,50512,4.74,RGB
Plastik,R_1475.jpg,.jpg,342,147,2.3265,50274,12.63,RGB
Plastik,R_1476.jpg,.jpg,225,225,1.0,50625,2.59,RGB
Plastik,R_1477.jpg,.jpg,241,209,1.1531,50369,7.77,RGB
Plastik,R_1478.jpg,.jpg,225,225,1.0,50625,3.8,RGB
Plastik,R_1479.jpg,.jpg,447,113,3.9558,50511,7.25,RGB
Plastik,R_148.jpg,.jpg,275,183,1.5027,50325,6.08,RGB
Plastik,R_1480.jpg,.jpg,266,189,1.4074,50274,7.71,RGB
Plastik,R_1481.jpg,.jpg,225,225,1.0,50625,3.89,RGB
Plastik,R_1482.jpg,.jpg,275,183,1.5027,50325,11.37,RGB
Plastik,R_1483.jpg,.jpg,275,183,1.5027,50325,12.67,RGB
Plastik,R_1484.jpg,.jpg,225,224,1.0045,50400,5.5,RGB
Plastik,R_1485.jpg,.jpg,201,251,0.8008,50451,10.21,RGB
Plastik,R_1486.jpg,.jpg,272,185,1.4703,50320,8.65,RGB
Plastik,R_1487.jpg,.jpg,225,144,1.5625,32400,8.47,RGB
Plastik,R_1488.jpg,.jpg,259,194,1.3351,50246,14.99,RGB
Plastik,R_1489.jpg,.jpg,224,224,1.0,50176,10.37,RGB
Plastik,R_149.jpg,.jpg,275,183,1.5027,50325,11.1,RGB
Plastik,R_1490.jpg,.jpg,225,225,1.0,50625,2.01,RGB
Plastik,R_1491.jpg,.jpg,194,259,0.749,50246,9.41,RGB
Plastik,R_1492.jpg,.jpg,300,168,1.7857,50400,15.22,RGB
Plastik,R_1493.jpg,.jpg,300,168,1.7857,50400,19.77,RGB
Plastik,R_1494.jpg,.jpg,251,201,1.2488,50451,2.24,RGB
Plastik,R_1495.jpg,.jpg,259,194,1.3351,50246,14.38,RGB
Plastik,R_1496.jpg,.jpg,245,188,1.3032,46060,26.54,RGB
Plastik,R_1498.jpg,.jpg,275,183,1.5027,50325,9.44,RGB
Plastik,R_1499.jpg,.jpg,259,194,1.3351,50246,11.07,RGB
Plastik,R_15.jpg,.jpg,212,238,0.8908,50456,1.96,RGB
Plastik,R_150.jpg,.jpg,275,183,1.5027,50325,10.8,RGB
Plastik,R_1500.jpg,.jpg,270,186,1.4516,50220,7.69,RGB
Plastik,R_1501.jpg,.jpg,354,142,2.493,50268,3.89,RGB
Plastik,R_1502.jpg,.jpg,259,194,1.3351,50246,7.49,RGB
Plastik,R_1503.jpg,.jpg,225,225,1.0,50625,3.81,RGB
Plastik,R_1505.jpg,.jpg,282,179,1.5754,50478,8.14,RGB
Plastik,R_1506.jpg,.jpg,225,225,1.0,50625,3.74,RGB
Plastik,R_1507.jpg,.jpg,225,225,1.0,50625,7.66,RGB
Plastik,R_1508.jpg,.jpg,225,225,1.0,50625,7.54,RGB
Plastik,R_1509.jpg,.jpg,545,92,5.9239,50140,8.71,RGB
Plastik,R_151.jpg,.jpg,265,173,1.5318,45845,7.34,RGB
Plastik,R_1510.jpg,.jpg,278,181,1.5359,50318,6.58,RGB
Plastik,R_1511.jpg,.jpg,275,183,1.5027,50325,8.88,RGB
Plastik,R_1512.jpg,.jpg,259,194,1.3351,50246,4.73,RGB
Plastik,R_1513.jpg,.jpg,225,225,1.0,50625,5.68,RGB
Plastik,R_1514.jpg,.jpg,259,194,1.3351,50246,11.28,RGB
Plastik,R_1515.jpg,.jpg,225,225,1.0,50625,5.78,RGB
Plastik,R_1516.jpg,.jpg,200,200,1.0,40000,4.01,RGB
Plastik,R_1517.jpg,.jpg,301,167,1.8024,50267,11.59,RGB
Plastik,R_1518.jpg,.jpg,275,183,1.5027,50325,5.96,RGB
Plastik,R_152.jpg,.jpg,174,100,1.74,17400,2.58,RGB
Plastik,R_1521.jpg,.jpg,225,225,1.0,50625,7.14,RGB
Plastik,R_1522.jpg,.jpg,266,190,1.4,50540,21.93,RGB
Plastik,R_1524.jpg,.jpg,225,225,1.0,50625,4.54,RGB
Plastik,R_1525.jpg,.jpg,225,225,1.0,50625,3.55,RGB
Plastik,R_1526.jpg,.jpg,254,198,1.2828,50292,4.68,RGB
Plastik,R_1527.jpg,.jpg,362,139,2.6043,50318,18.72,RGB
Plastik,R_1528.jpg,.jpg,225,225,1.0,50625,6.43,RGB
Plastik,R_1529.jpg,.jpg,183,276,0.663,50508,8.17,RGB
Plastik,R_1530.jpg,.jpg,275,183,1.5027,50325,6.48,RGB
Plastik,R_1531.jpg,.jpg,225,225,1.0,50625,5.3,RGB
Plastik,R_1532.jpg,.jpg,275,183,1.5027,50325,15.97,RGB
Plastik,R_1533.jpg,.jpg,183,275,0.6655,50325,8.06,RGB
Plastik,R_1534.jpg,.jpg,290,174,1.6667,50460,7.01,RGB
Plastik,R_1535.jpg,.jpg,168,300,0.56,50400,2.59,RGB
Plastik,R_1536.jpg,.jpg,225,225,1.0,50625,4.96,RGB
Plastik,R_1537.jpg,.jpg,318,159,2.0,50562,12.83,RGB
Plastik,R_1538.jpg,.jpg,299,169,1.7692,50531,11.18,RGB
Plastik,R_154.jpg,.jpg,225,225,1.0,50625,3.23,RGB
Plastik,R_1540.jpg,.jpg,259,194,1.3351,50246,5.82,RGB
Plastik,R_1542.jpg,.jpg,299,168,1.7798,50232,3.58,RGB
Plastik,R_1543.jpg,.jpg,163,308,0.5292,50204,12.86,RGB
Plastik,R_1545.jpg,.jpg,225,225,1.0,50625,1.66,RGB
Plastik,R_1546.jpg,.jpg,414,122,3.3934,50508,7.75,RGB
Plastik,R_1549.jpg,.jpg,275,183,1.5027,50325,6.13,RGB
Plastik,R_1550.jpg,.jpg,259,194,1.3351,50246,1.37,RGB
Plastik,R_1551.jpg,.jpg,229,220,1.0409,50380,8.23,RGB
Plastik,R_1553.jpg,.jpg,225,225,1.0,50625,2.25,RGB
Plastik,R_1554.jpg,.jpg,214,236,0.9068,50504,12.51,RGB
Plastik,R_1555.jpg,.jpg,282,179,1.5754,50478,9.18,RGB
Plastik,R_1556.jpg,.jpg,162,311,0.5209,50382,3.53,RGB
Plastik,R_1557.jpg,.jpg,263,192,1.3698,50496,11.22,RGB
Plastik,R_1558.jpg,.jpg,224,224,1.0,50176,1.72,RGB
Plastik,R_1559.jpg,.jpg,225,225,1.0,50625,6.67,RGB
Plastik,R_156.jpg,.jpg,202,250,0.808,50500,5.23,RGB
Plastik,R_1561.jpg,.jpg,225,225,1.0,50625,5.56,RGB
Plastik,R_1563.jpg,.jpg,275,183,1.5027,50325,6.17,RGB
Plastik,R_1564.jpg,.jpg,265,190,1.3947,50350,5.11,RGB
Plastik,R_1565.jpg,.jpg,294,171,1.7193,50274,13.27,RGB
Plastik,R_1566.jpg,.jpg,225,225,1.0,50625,2.7,RGB
Plastik,R_1567.jpg,.jpg,225,225,1.0,50625,5.32,RGB
Plastik,R_1568.jpg,.jpg,301,167,1.8024,50267,2.89,RGB
Plastik,R_1569.jpg,.jpg,200,207,0.9662,41400,9.77,RGB
Plastik,R_157.jpg,.jpg,200,200,1.0,40000,3.3,RGB
Plastik,R_1570.jpg,.jpg,259,194,1.3351,50246,6.81,RGB
Plastik,R_1571.jpg,.jpg,228,221,1.0317,50388,9.94,RGB
Plastik,R_1572.jpg,.jpg,225,225,1.0,50625,2.06,RGB
Plastik,R_1573.jpg,.jpg,257,196,1.3112,50372,11.43,RGB
Plastik,R_1574.jpg,.jpg,225,225,1.0,50625,6.01,RGB
Plastik,R_1575.jpg,.jpg,220,200,1.1,44000,3.33,RGB
Plastik,R_1576.jpg,.jpg,187,269,0.6952,50303,3.97,RGB
Plastik,R_1577.jpg,.jpg,245,206,1.1893,50470,9.94,RGB
Plastik,R_1578.jpg,.jpg,260,194,1.3402,50440,11.74,RGB
Plastik,R_1579.jpg,.jpg,225,225,1.0,50625,2.42,RGB
Plastik,R_158.jpg,.jpg,269,172,1.564,46268,6.49,RGB
Plastik,R_1580.jpg,.jpg,194,259,0.749,50246,3.38,RGB
Plastik,R_1581.jpg,.jpg,266,189,1.4074,50274,12.39,RGB
Plastik,R_1582.jpg,.jpg,225,225,1.0,50625,1.92,RGB
Plastik,R_1583.jpg,.jpg,275,183,1.5027,50325,10.86,RGB
Plastik,R_1584.jpg,.jpg,225,225,1.0,50625,4.67,RGB
Plastik,R_1585.jpg,.jpg,290,174,1.6667,50460,11.85,RGB
Plastik,R_1586.jpg,.jpg,200,200,1.0,40000,1.79,RGB
Plastik,R_1588.jpg,.jpg,260,194,1.3402,50440,4.82,RGB
Plastik,R_1589.jpg,.jpg,180,281,0.6406,50580,11.17,RGB
Plastik,R_159.jpg,.jpg,183,275,0.6655,50325,2.81,RGB
Plastik,R_1590.jpg,.jpg,225,225,1.0,50625,7.68,RGB
Plastik,R_1591.jpg,.jpg,225,225,1.0,50625,4.23,RGB
Plastik,R_1592.jpg,.jpg,259,194,1.3351,50246,5.58,RGB
Plastik,R_1593.jpg,.jpg,241,209,1.1531,50369,10.54,RGB
Plastik,R_1594.jpg,.jpg,225,225,1.0,50625,2.21,RGB
Plastik,R_1595.jpg,.jpg,245,206,1.1893,50470,8.26,RGB
Plastik,R_1597.jpg,.jpg,414,122,3.3934,50508,7.13,RGB
Plastik,R_1598.jpg,.jpg,225,225,1.0,50625,3.51,RGB
Plastik,R_1599.jpg,.jpg,259,194,1.3351,50246,4.68,RGB
Plastik,R_16.jpg,.jpg,275,183,1.5027,50325,6.74,RGB
Plastik,R_160.jpg,.jpg,225,225,1.0,50625,5.46,RGB
Plastik,R_1602.jpg,.jpg,183,275,0.6655,50325,6.95,RGB
Plastik,R_1603.jpg,.jpg,263,191,1.377,50233,7.92,RGB
Plastik,R_1604.jpg,.jpg,188,268,0.7015,50384,1.94,RGB
Plastik,R_1605.jpg,.jpg,194,259,0.749,50246,6.65,RGB
Plastik,R_1606.jpg,.jpg,266,189,1.4074,50274,7.41,RGB
Plastik,R_1607.jpg,.jpg,270,187,1.4439,50490,5.09,RGB
Plastik,R_1608.jpg,.jpg,235,214,1.0981,50290,6.37,RGB
Plastik,R_1609.jpg,.jpg,214,236,0.9068,50504,9.82,RGB
Plastik,R_161.jpg,.jpg,245,206,1.1893,50470,4.34,RGB
Plastik,R_1610.jpg,.jpg,225,225,1.0,50625,3.93,RGB
Plastik,R_1611.jpg,.jpg,259,194,1.3351,50246,5.33,RGB
Plastik,R_1612.jpg,.jpg,196,257,0.7626,50372,7.33,RGB
Plastik,R_1613.jpg,.jpg,406,124,3.2742,50344,6.14,RGB
Plastik,R_1614.jpg,.jpg,255,198,1.2879,50490,6.85,RGB
Plastik,R_1615.jpg,.jpg,300,168,1.7857,50400,3.14,RGB
Plastik,R_1617.jpg,.jpg,275,183,1.5027,50325,5.5,RGB
Plastik,R_1618.jpg,.jpg,255,197,1.2944,50235,9.38,RGB
Plastik,R_1619.jpg,.jpg,83,235,0.3532,19505,5.35,RGB
Plastik,R_162.jpg,.jpg,179,261,0.6858,46719,8.81,RGB
Plastik,R_1620.jpg,.jpg,225,225,1.0,50625,4.75,RGB
Plastik,R_1621.jpg,.jpg,259,194,1.3351,50246,11.18,RGB
Plastik,R_1622.jpg,.jpg,273,185,1.4757,50505,11.28,RGB
Plastik,R_164.jpg,.jpg,250,183,1.3661,45750,4.22,RGB
Plastik,R_165.jpg,.jpg,275,183,1.5027,50325,2.14,RGB
Plastik,R_166.jpg,.jpg,181,278,0.6511,50318,2.89,RGB
Plastik,R_167.jpg,.jpg,300,168,1.7857,50400,12.0,RGB
Plastik,R_168.jpg,.jpg,284,164,1.7317,46576,7.64,RGB
Plastik,R_169.jpg,.jpg,275,183,1.5027,50325,4.27,RGB
Plastik,R_17.jpg,.jpg,275,183,1.5027,50325,5.79,RGB
Plastik,R_170.jpg,.jpg,224,224,1.0,50176,5.8,RGB
Plastik,R_171.jpg,.jpg,262,193,1.3575,50566,10.89,RGB
Plastik,R_172.jpg,.jpg,225,225,1.0,50625,6.81,RGB
Plastik,R_174.jpg,.jpg,196,257,0.7626,50372,3.64,RGB
Plastik,R_175.jpg,.jpg,241,160,1.5063,38560,3.55,RGB
Plastik,R_176.jpg,.jpg,300,168,1.7857,50400,16.97,RGB
Plastik,R_177.jpg,.jpg,183,275,0.6655,50325,2.76,RGB
Plastik,R_178.jpg,.jpg,225,225,1.0,50625,2.84,RGB
Plastik,R_179.jpg,.jpg,266,175,1.52,46550,4.57,RGB
Plastik,R_18.jpg,.jpg,183,275,0.6655,50325,1.65,RGB
Plastik,R_180.jpg,.jpg,275,183,1.5027,50325,9.29,RGB
Plastik,R_181.jpg,.jpg,266,176,1.5114,46816,7.04,RGB
Plastik,R_182.jpg,.jpg,275,183,1.5027,50325,4.99,RGB
Plastik,R_183.jpg,.jpg,195,259,0.7529,50505,17.98,RGB
Plastik,R_184.jpg,.jpg,183,276,0.663,50508,7.31,RGB
Plastik,R_185.jpg,.jpg,201,251,0.8008,50451,4.1,RGB
Plastik,R_186.jpg,.jpg,184,274,0.6715,50416,2.11,RGB
Plastik,R_187.jpg,.jpg,183,275,0.6655,50325,2.58,RGB
Plastik,R_188.jpg,.jpg,300,168,1.7857,50400,6.19,RGB
Plastik,R_189.jpg,.jpg,242,208,1.1635,50336,3.91,RGB
Plastik,R_19.jpg,.jpg,279,180,1.55,50220,7.0,RGB
Plastik,R_190.jpg,.jpg,299,168,1.7798,50232,13.11,RGB
Plastik,R_191.jpg,.jpg,275,183,1.5027,50325,10.25,RGB
Plastik,R_192.jpg,.jpg,264,174,1.5172,45936,22.3,RGB
Plastik,R_193.jpg,.jpg,183,275,0.6655,50325,17.06,RGB
Plastik,R_195.jpg,.jpg,267,175,1.5257,46725,27.89,RGB
Plastik,R_196.jpg,.jpg,198,236,0.839,46728,9.23,RGB
Plastik,R_197.jpg,.jpg,306,165,1.8545,50490,7.91,RGB
Plastik,R_199.jpg,.jpg,225,225,1.0,50625,5.83,RGB
Plastik,R_2.jpg,.jpg,183,275,0.6655,50325,2.37,RGB
Plastik,R_20.jpg,.jpg,248,203,1.2217,50344,5.27,RGB
Plastik,R_200.jpg,.jpg,266,174,1.5287,46284,8.01,RGB
Plastik,R_201.jpg,.jpg,275,183,1.5027,50325,4.77,RGB
Plastik,R_202.jpg,.jpg,275,183,1.5027,50325,7.93,RGB
Plastik,R_203.jpg,.jpg,259,194,1.3351,50246,11.58,RGB
Plastik,R_204.jpg,.jpg,191,264,0.7235,50424,5.18,RGB
Plastik,R_205.jpg,.jpg,275,183,1.5027,50325,3.8,RGB
Plastik,R_206.jpg,.jpg,301,167,1.8024,50267,5.73,RGB
Plastik,R_207.jpg,.jpg,275,183,1.5027,50325,4.25,RGB
Plastik,R_208.jpg,.jpg,257,196,1.3112,50372,3.72,RGB
Plastik,R_209.jpg,.jpg,275,183,1.5027,50325,5.69,RGB
Plastik,R_21.jpg,.jpg,306,165,1.8545,50490,7.13,RGB
Plastik,R_210.jpg,.jpg,180,251,0.7171,45180,7.15,RGB
Plastik,R_211.jpg,.jpg,275,183,1.5027,50325,13.74,RGB
Plastik,R_212.jpg,.jpg,142,199,0.7136,28258,8.05,RGB
Plastik,R_213.jpg,.jpg,179,268,0.6679,47972,5.46,RGB
Plastik,R_214.jpg,.jpg,93,210,0.4429,19530,2.91,RGB
Plastik,R_215.jpg,.jpg,264,177,1.4915,46728,6.94,RGB
Plastik,R_216.jpg,.jpg,183,275,0.6655,50325,3.13,RGB
Plastik,R_217.jpg,.jpg,190,266,0.7143,50540,1.98,RGB
Plastik,R_218.jpg,.jpg,154,183,0.8415,28182,14.15,RGB
Plastik,R_219.jpg,.jpg,285,160,1.7812,45600,9.27,RGB
Plastik,R_22.jpg,.jpg,248,180,1.3778,44640,7.58,RGB
Plastik,R_220.jpg,.jpg,207,244,0.8484,50508,8.52,RGB
Plastik,R_221.jpg,.jpg,294,172,1.7093,50568,7.9,RGB
Plastik,R_222.jpg,.jpg,197,255,0.7725,50235,18.88,RGB
Plastik,R_223.jpg,.jpg,262,170,1.5412,44540,3.79,RGB
Plastik,R_224.jpg,.jpg,301,167,1.8024,50267,11.35,RGB
Plastik,R_226.jpg,.jpg,259,194,1.3351,50246,17.24,RGB
Plastik,R_227.jpg,.jpg,275,183,1.5027,50325,6.37,RGB
Plastik,R_228.jpg,.jpg,225,225,1.0,50625,4.32,RGB
Plastik,R_229.jpg,.jpg,274,184,1.4891,50416,3.24,RGB
Plastik,R_23.jpg,.jpg,275,183,1.5027,50325,4.77,RGB
Plastik,R_230.jpg,.jpg,289,160,1.8062,46240,6.43,RGB
Plastik,R_232.jpg,.jpg,300,168,1.7857,50400,13.36,RGB
Plastik,R_233.jpg,.jpg,194,194,1.0,37636,7.58,RGB
Plastik,R_234.jpg,.jpg,275,183,1.5027,50325,19.49,RGB
Plastik,R_235.jpg,.jpg,262,172,1.5233,45064,5.2,RGB
Plastik,R_236.jpg,.jpg,183,275,0.6655,50325,2.94,RGB
Plastik,R_237.jpg,.jpg,183,275,0.6655,50325,8.89,RGB
Plastik,R_238.jpg,.jpg,259,194,1.3351,50246,16.57,RGB
Plastik,R_239.jpg,.jpg,290,174,1.6667,50460,14.8,RGB
Plastik,R_24.jpg,.jpg,273,185,1.4757,50505,5.08,RGB
Plastik,R_240.jpg,.jpg,225,225,1.0,50625,12.02,RGB
Plastik,R_241.jpg,.jpg,166,304,0.5461,50464,5.45,RGB
Plastik,R_242.jpg,.jpg,194,259,0.749,50246,5.62,RGB
Plastik,R_243.jpg,.jpg,269,188,1.4309,50572,11.58,RGB
Plastik,R_244.jpg,.jpg,266,176,1.5114,46816,8.07,RGB
Plastik,R_245.jpg,.jpg,194,259,0.749,50246,5.13,RGB
Plastik,R_246.jpg,.jpg,252,185,1.3622,46620,18.8,RGB
Plastik,R_248.jpg,.jpg,300,168,1.7857,50400,2.0,RGB
Plastik,R_249.jpg,.jpg,253,185,1.3676,46805,5.75,RGB
Plastik,R_25.jpg,.jpg,225,225,1.0,50625,2.72,RGB
Plastik,R_250.jpg,.jpg,264,172,1.5349,45408,22.78,RGB
Plastik,R_252.jpg,.jpg,122,165,0.7394,20130,9.38,RGB
Plastik,R_255.jpg,.jpg,275,183,1.5027,50325,16.87,RGB
Plastik,R_256.jpg,.jpg,225,225,1.0,50625,6.21,RGB
Plastik,R_259.jpg,.jpg,266,173,1.5376,46018,8.71,RGB
Plastik,R_26.jpg,.jpg,179,282,0.6348,50478,3.99,RGB
Plastik,R_260.jpg,.jpg,225,225,1.0,50625,2.49,RGB
Plastik,R_261.jpg,.jpg,183,275,0.6655,50325,4.55,RGB
Plastik,R_262.jpg,.jpg,296,170,1.7412,50320,8.35,RGB
Plastik,R_263.jpg,.jpg,225,225,1.0,50625,4.7,RGB
Plastik,R_264.jpg,.jpg,225,225,1.0,50625,2.84,RGB
Plastik,R_265.jpg,.jpg,225,225,1.0,50625,3.88,RGB
Plastik,R_266.jpg,.jpg,81,241,0.3361,19521,4.65,RGB
Plastik,R_267.jpg,.jpg,267,189,1.4127,50463,10.71,RGB
Plastik,R_268.jpg,.jpg,275,183,1.5027,50325,4.19,RGB
Plastik,R_269.jpg,.jpg,323,156,2.0705,50388,11.91,RGB
Plastik,R_27.jpg,.jpg,183,275,0.6655,50325,4.21,RGB
Plastik,R_270.jpg,.jpg,178,266,0.6692,47348,12.28,RGB
Plastik,R_271.jpg,.jpg,275,183,1.5027,50325,4.89,RGB
Plastik,R_272.jpg,.jpg,264,171,1.5439,45144,10.22,RGB
Plastik,R_273.jpg,.jpg,262,170,1.5412,44540,7.75,RGB
Plastik,R_28.jpg,.jpg,181,248,0.7298,44888,9.19,RGB
Plastik,R_29.jpg,.jpg,276,183,1.5082,50508,3.92,RGB
Plastik,R_3.jpg,.jpg,259,194,1.3351,50246,2.9,RGB
Plastik,R_30.jpg,.jpg,245,205,1.1951,50225,2.55,RGB
Plastik,R_31.jpg,.jpg,224,224,1.0,50176,4.1,RGB
Plastik,R_32.jpg,.jpg,183,275,0.6655,50325,5.73,RGB
Plastik,R_33.jpg,.jpg,179,267,0.6704,47793,6.29,RGB
Plastik,R_34.jpg,.jpg,290,174,1.6667,50460,6.8,RGB
Plastik,R_35.jpg,.jpg,225,225,1.0,50625,2.54,RGB
Plastik,R_36.jpg,.jpg,275,183,1.5027,50325,8.13,RGB
Plastik,R_37.jpg,.jpg,259,194,1.3351,50246,14.44,RGB
Plastik,R_38.jpg,.jpg,205,246,0.8333,50430,9.51,RGB
Plastik,R_39.jpg,.jpg,179,248,0.7218,44392,6.08,RGB
Plastik,R_4.jpg,.jpg,274,184,1.4891,50416,4.9,RGB
Plastik,R_40.jpg,.jpg,262,172,1.5233,45064,6.14,RGB
Plastik,R_41.jpg,.jpg,224,224,1.0,50176,3.35,RGB
Plastik,R_42.jpg,.jpg,275,183,1.5027,50325,3.11,RGB
Plastik,R_43.jpg,.jpg,262,173,1.5145,45326,25.82,RGB
Plastik,R_44.jpg,.jpg,275,183,1.5027,50325,3.07,RGB
Plastik,R_45.jpg,.jpg,258,195,1.3231,50310,3.39,RGB
Plastik,R_46.jpg,.jpg,266,173,1.5376,46018,7.77,RGB
Plastik,R_47.jpg,.jpg,244,207,1.1787,50508,6.32,RGB
Plastik,R_48.jpg,.jpg,183,275,0.6655,50325,4.0,RGB
Plastik,R_49.jpg,.jpg,183,275,0.6655,50325,2.34,RGB
Plastik,R_5.jpg,.jpg,275,183,1.5027,50325,3.33,RGB
Plastik,R_50.jpg,.jpg,276,183,1.5082,50508,3.26,RGB
Plastik,R_51.jpg,.jpg,220,212,1.0377,46640,10.62,RGB
Plastik,R_52.jpg,.jpg,300,168,1.7857,50400,5.34,RGB
Plastik,R_53.jpg,.jpg,422,119,3.5462,50218,8.81,RGB
Plastik,R_54.jpg,.jpg,177,262,0.6756,46374,4.82,RGB
Plastik,R_55.jpg,.jpg,225,225,1.0,50625,5.62,RGB
Plastik,R_56.jpg,.jpg,183,275,0.6655,50325,4.61,RGB
Plastik,R_57.jpg,.jpg,183,275,0.6655,50325,4.55,RGB
Plastik,R_58.jpg,.jpg,274,162,1.6914,44388,10.23,RGB
Plastik,R_59.jpg,.jpg,181,248,0.7298,44888,5.63,RGB
Plastik,R_6.jpg,.jpg,225,225,1.0,50625,3.61,RGB
Plastik,R_60.jpg,.jpg,262,166,1.5783,43492,6.11,RGB
Plastik,R_61.jpg,.jpg,328,154,2.1299,50512,3.86,RGB
Plastik,R_62.jpg,.jpg,275,183,1.5027,50325,10.59,RGB
Plastik,R_63.jpg,.jpg,179,261,0.6858,46719,12.74,RGB
Plastik,R_64.jpg,.jpg,313,145,2.1586,45385,6.96,RGB
Plastik,R_65.jpg,.jpg,225,225,1.0,50625,2.84,RGB
Plastik,R_66.jpg,.jpg,262,170,1.5412,44540,6.45,RGB
Plastik,R_67.jpg,.jpg,225,225,1.0,50625,2.61,RGB
Plastik,R_68.jpg,.jpg,275,183,1.5027,50325,2.32,RGB
Plastik,R_69.jpg,.jpg,272,186,1.4624,50592,6.58,RGB
Plastik,R_7.jpg,.jpg,294,171,1.7193,50274,6.75,RGB
Plastik,R_70.jpg,.jpg,276,183,1.5082,50508,4.02,RGB
Plastik,R_71.jpg,.jpg,194,259,0.749,50246,4.12,RGB
Plastik,R_72.jpg,.jpg,212,238,0.8908,50456,1.93,RGB
Plastik,R_73.jpg,.jpg,266,178,1.4944,47348,10.61,RGB
Plastik,R_74.jpg,.jpg,194,259,0.749,50246,6.07,RGB
Plastik,R_75.jpg,.jpg,194,259,0.749,50246,6.16,RGB
Plastik,R_76.jpg,.jpg,275,183,1.5027,50325,2.29,RGB
Plastik,R_77.jpg,.jpg,180,261,0.6897,46980,7.82,RGB
Plastik,R_78.jpg,.jpg,225,225,1.0,50625,3.71,RGB
Plastik,R_79.jpg,.jpg,183,275,0.6655,50325,3.99,RGB
Plastik,R_8.jpg,.jpg,183,276,0.663,50508,5.43,RGB
Plastik,R_80.jpg,.jpg,194,259,0.749,50246,4.14,RGB
Plastik,R_81.jpg,.jpg,275,183,1.5027,50325,6.24,RGB
Plastik,R_82.jpg,.jpg,213,221,0.9638,47073,9.23,RGB
Plastik,R_83.jpg,.jpg,225,225,1.0,50625,2.58,RGB
Plastik,R_84.jpg,.jpg,300,168,1.7857,50400,3.04,RGB
Plastik,R_85.jpg,.jpg,195,259,0.7529,50505,5.2,RGB
Plastik,R_86.jpg,.jpg,219,230,0.9522,50370,2.31,RGB
Plastik,R_87.jpg,.jpg,275,183,1.5027,50325,6.19,RGB
Plastik,R_88.jpg,.jpg,186,260,0.7154,48360,5.15,RGB
Plastik,R_89.jpg,.jpg,352,143,2.4615,50336,3.9,RGB
Plastik,R_9.jpg,.jpg,183,275,0.6655,50325,4.8,RGB
Plastik,R_90.jpg,.jpg,183,275,0.6655,50325,2.89,RGB
Plastik,R_91.jpg,.jpg,225,225,1.0,50625,9.99,RGB
Plastik,R_92.jpg,.jpg,259,194,1.3351,50246,7.87,RGB
Plastik,R_93.jpg,.jpg,283,164,1.7256,46412,11.41,RGB
Plastik,R_94.jpg,.jpg,183,275,0.6655,50325,2.27,RGB
Plastik,R_949.jpg,.jpg,290,174,1.6667,50460,9.8,RGB
Plastik,R_95.jpg,.jpg,183,275,0.6655,50325,3.25,RGB
Plastik,R_950.jpg,.jpg,275,183,1.5027,50325,6.95,RGB
Plastik,R_951.jpg,.jpg,299,168,1.7798,50232,13.46,RGB
Plastik,R_952.jpg,.jpg,276,182,1.5165,50232,6.72,RGB
Plastik,R_953.jpg,.jpg,308,164,1.878,50512,8.02,RGB
Plastik,R_954.jpg,.jpg,330,152,2.1711,50160,7.56,RGB
Plastik,R_955.jpg,.jpg,172,294,0.585,50568,5.28,RGB
Plastik,R_956.jpg,.jpg,272,185,1.4703,50320,9.94,RGB
Plastik,R_957.jpg,.jpg,225,225,1.0,50625,3.22,RGB
Plastik,R_958.jpg,.jpg,348,145,2.4,50460,22.59,RGB
Plastik,R_959.jpg,.jpg,335,151,2.2185,50585,9.72,RGB
Plastik,R_96.jpg,.jpg,166,183,0.9071,30378,9.61,RGB
Plastik,R_960.jpg,.jpg,275,183,1.5027,50325,3.0,RGB
Plastik,R_961.jpg,.jpg,279,181,1.5414,50499,9.59,RGB
Plastik,R_962.jpg,.jpg,195,258,0.7558,50310,5.22,RGB
Plastik,R_963.jpg,.jpg,225,225,1.0,50625,1.85,RGB
Plastik,R_964.jpg,.jpg,259,194,1.3351,50246,14.1,RGB
Plastik,R_965.jpg,.jpg,239,211,1.1327,50429,10.07,RGB
Plastik,R_966.jpg,.jpg,274,184,1.4891,50416,12.36,RGB
Plastik,R_967.jpg,.jpg,306,165,1.8545,50490,7.12,RGB
Plastik,R_968.jpg,.jpg,275,183,1.5027,50325,14.64,RGB
Plastik,R_969.jpg,.jpg,300,168,1.7857,50400,8.0,RGB
Plastik,R_97.jpg,.jpg,194,259,0.749,50246,4.91,RGB
Plastik,R_970.jpg,.jpg,275,183,1.5027,50325,12.3,RGB
Plastik,R_971.jpg,.jpg,290,174,1.6667,50460,10.35,RGB
Plastik,R_972.jpg,.jpg,300,168,1.7857,50400,9.54,RGB
Plastik,R_973.jpg,.jpg,259,194,1.3351,50246,13.03,RGB
Plastik,R_974.jpg,.jpg,308,164,1.878,50512,8.52,RGB
Plastik,R_975.jpg,.jpg,380,133,2.8571,50540,9.92,RGB
Plastik,R_976.jpg,.jpg,300,168,1.7857,50400,14.71,RGB
Plastik,R_977.jpg,.jpg,313,161,1.9441,50393,9.9,RGB
Plastik,R_978.jpg,.jpg,225,225,1.0,50625,2.38,RGB
Plastik,R_979.jpg,.jpg,275,183,1.5027,50325,4.56,RGB
Plastik,R_98.jpg,.jpg,275,183,1.5027,50325,7.2,RGB
Plastik,R_980.jpg,.jpg,259,194,1.3351,50246,13.83,RGB
Plastik,R_981.jpg,.jpg,290,174,1.6667,50460,7.47,RGB
Plastik,R_982.jpg,.jpg,312,162,1.9259,50544,17.91,RGB
Plastik,R_983.jpg,.jpg,287,175,1.64,50225,12.0,RGB
Plastik,R_984.jpg,.jpg,305,165,1.8485,50325,7.33,RGB
Plastik,R_985.jpg,.jpg,275,183,1.5027,50325,15.26,RGB
Plastik,R_986.jpg,.jpg,300,168,1.7857,50400,11.34,RGB
Plastik,R_987.jpg,.jpg,190,265,0.717,50350,3.97,RGB
Plastik,R_988.jpg,.jpg,318,159,2.0,50562,13.6,RGB
Plastik,R_989.jpg,.jpg,275,184,1.4946,50600,13.52,RGB
Plastik,R_99.jpg,.jpg,264,173,1.526,45672,6.46,RGB
Plastik,R_990.jpg,.jpg,297,169,1.7574,50193,9.87,RGB
Plastik,R_991.jpg,.jpg,198,254,0.7795,50292,5.93,RGB
Plastik,R_992.jpg,.jpg,259,194,1.3351,50246,7.51,RGB
Plastik,R_993.jpg,.jpg,316,159,1.9874,50244,7.0,RGB
Plastik,R_994.jpg,.jpg,275,183,1.5027,50325,12.04,RGB
Plastik,R_995.jpg,.jpg,189,266,0.7105,50274,2.27,RGB
Plastik,R_996.jpg,.jpg,225,225,1.0,50625,2.52,RGB
Plastik,R_997.jpg,.jpg,241,187,1.2888,45067,10.3,RGB
Plastik,R_998.jpg,.jpg,248,184,1.3478,45632,23.09,RGB
Plastik,R_999.jpg,.jpg,274,184,1.4891,50416,10.5,RGB
Residu,-dengan-Sidoarjo-banyak-ditemukan-sampah-popok-dan-plastik-foto-Petrus-Riski.jpg,.jpg,1024,659,1.5539,674816,255.0,RGB
Residu,-ks--bep.jpg,.jpg,1200,676,1.7751,811200,153.37,RGB
Residu,-ks--popok-bekas.jpg,.jpg,830,468,1.7735,388440,50.13,RGB
Residu,-Memakai-Pembalut-yang-Mengandung-Klorin-By-La-corneja-artesana-shutterstock.jpg,.jpg,1000,667,1.4993,667000,137.52,RGB
Residu,-pengumpulan-sampah-daur-ulang-crop-e4d5f01179896b8f603bdcdf60ceafa0_600x400.jpg,.jpg,600,400,1.5,240000,51.99,RGB
Residu,01_clodispo.jpg,.jpg,400,300,1.3333,120000,37.38,RGB
Residu,027588700_1499681855-TopYaps.jpg,.jpg,640,360,1.7778,230400,24.23,RGB
Residu,042217_781488_pembalut_d.jpg,.jpg,1200,800,1.5,960000,118.8,RGB
Residu,0YvaixsHHrSFSQGpDb6Rer2LTCfRAmoZhHGAkciQ.jpg,.jpg,600,400,1.5,240000,62.12,RGB
Residu,1.jpg,.jpg,1005,1280,0.7852,1286400,90.37,RGB
Residu,101257294_7debccb8-cd52-4780-8206-83bbb6b2fc18_674_674.jpg,.jpg,500,500,1.0,250000,47.03,RGB
Residu,1187421600.jpg,.jpg,700,465,1.5054,325500,125.13,RGB
Residu,1579162417.jpg,.jpg,910,580,1.569,527800,184.99,RGB
Residu,1584457142950-popok-bekas-banyuwangi3.jpg,.jpg,1024,768,1.3333,786432,209.12,RGB
Residu,17-07-2017-popok-jadi.jpg,.jpg,450,337,1.3353,151650,54.36,RGB
Residu,172057-rekomendasi-pembalut-kain-terbaik-webp-large.jpg,.jpg,728,460,1.5826,334880,55.01,RGB
Residu,20191129121214-58e2f.jpg,.jpg,800,533,1.5009,426400,62.17,RGB
Residu,20200104172423picsart01-04-051831.jpg,.jpg,2888,1814,1.5921,5238832,857.51,RGB
Residu,20210224113911img20210223130307.jpg,.jpg,3264,2448,1.3333,7990272,2134.54,RGB
Residu,2115746344.jpg,.jpg,1920,1280,1.5,2457600,175.6,RGB
Residu,2449017228.jpg,.jpg,750,500,1.5,375000,122.76,RGB
Residu,261436245197.jpg,.jpg,910,580,1.569,527800,149.39,RGB
Residu,2628986452.jpg,.jpg,700,467,1.4989,326900,97.0,RGB
Residu,2656123227.jpg,.jpg,768,512,1.5,393216,96.32,RGB
Residu,2657639953.jpg,.jpg,700,465,1.5054,325500,48.66,RGB
Residu,277da6a41ccc91c3624f735d7cce66d7.jpg,.jpg,1800,1200,1.5,2160000,113.49,RGB
Residu,3075349_cb828446-860c-4d8a-a213-8b50a1a31b74_800_800.jpg,.jpg,500,500,1.0,250000,41.23,RGB
Residu,3332033820.jpg,.jpg,768,512,1.5,393216,81.96,RGB
Residu,3982130445.jpg,.jpg,750,500,1.5,375000,65.12,RGB
Residu,5140049_fdcfabe0-587f-48cd-b4d1-358ebcafb2fb_700_459.jpg,.jpg,500,500,1.0,250000,58.9,RGB
Residu,58740091323-img_20200121_152520.jpg,.jpg,714,474,1.5063,338436,226.77,RGB
Residu,624f89d0cd1f9-flek-menstruasi-perdarahan-haid-pembalut_665_374.jpg,.jpg,665,374,1.7781,248710,182.37,RGB
Residu,680174717.jpg,.jpg,700,465,1.5054,325500,30.24,RGB
Residu,6bb06035a38a75056a85fa4fbb776b2a.jpg,.jpg,1000,1000,1.0,1000000,159.22,RGB
Residu,6_Fakta_Pembalut_Wanita.jpg,.jpg,1280,853,1.5006,1091840,179.5,RGB
Residu,71800-ilustrasi-popok-bayi.jpg,.jpg,653,366,1.7842,238998,22.33,RGB
Residu,730x480-img-73626-ilustrasi-pembalut-shutterstock.jpg,.jpg,730,480,1.5208,350400,25.88,RGB
Residu,92821-ilustrasi-popok-bayi-envato.jpg,.jpg,653,366,1.7842,238998,32.74,RGB
Residu,929888076.jpg,.jpg,945,630,1.5,595350,45.1,RGB
Residu,9620491_20170320121907.jpg,.jpg,540,359,1.5042,193860,21.57,RGB
Residu,absorbent-3509508_1920.jpg,.jpg,750,500,1.5,375000,23.24,RGB
Residu,antarafoto-daur-ulang-popok-bekas-pakai-160120-agr-3_1.jpg,.jpg,800,533,1.5009,426400,109.77,RGB
Residu,antarafoto-evakuasi-popok-bayi-dari-sungai-250917-pf-2_ratio-16x9.JPG.jpg,.jpg,1024,512,2.0,524288,122.86,RGB
Residu,Apa-itu-Alergi-Pembalut-Bagaimana-Mengatasinya-700x467.jpg,.jpg,700,467,1.4989,326900,20.18,RGB
Residu,astaga-pria-ini-cuci-pembalut-bekas-pacarnya-sangkin-bucinnya-banjir-kecaman-netizen44_700.jpg,.jpg,564,423,1.3333,238572,179.13,RGB
Residu,bantal_20170629_141656.jpg,.jpg,700,393,1.7812,275100,54.73,RGB
Residu,bekas-popok-sekali-pakai-yang-dibuang-di-sungai.jpg,.jpg,700,393,1.7812,275100,45.78,RGB
Residu,bocah-australia-disekap-ibunya-di-kamar-penuh-popok-bekas.jpg,.jpg,540,270,2.0,145800,24.37,RGB
Residu,body_a7d45a7fc0aa47789c6f6fedbcce453d.jpg,.jpg,640,427,1.4988,273280,66.13,RGB
Residu,bukan-untuk-mabuk-ini-11-manfaat-baik-pembalut-nomor-5-6-9-penting-banget-NfeZtQqIQ6.jpg,.jpg,800,500,1.6,400000,55.15,RGB
Residu,C-gd-BSVwAAYseb.jpg,.jpg,675,1200,0.5625,810000,57.39,RGB
Residu,C-gdaltUwAEo2P-.jpg,.jpg,675,1200,0.5625,810000,58.01,RGB
Residu,C-geAx0V0AASZ5h.jpg,.jpg,675,1200,0.5625,810000,76.14,RGB
Residu,C-geFfnV0AArEV6.jpg,.jpg,675,1200,0.5625,810000,61.0,RGB
Residu,c3be3e283cad39905a430ac7153c56a2.jpg,.jpg,640,480,1.3333,307200,97.75,RGB
Residu,cara-membersihkan-noda-darah-menstruasi-720x519.jpg,.jpg,720,519,1.3873,373680,28.94,RGB
Residu,Cara-membuang-popok-bekas-yang-kotor.jpg,.jpg,640,426,1.5023,272640,35.02,RGB
Residu,CSMyAeU1P_natracare-r7UjnJHJxmY-unsplash.jpg,.jpg,750,494,1.5182,370500,100.16,RGB
Residu,Daur-Ulang-Popok-Bekas-Pakai-160120-agr-6.jpg,.jpg,730,487,1.499,355510,54.84,RGB
Residu,daur-ulang-popok-bekas-pakai-ntue-dom.jpg,.jpg,700,466,1.5021,326200,80.87,RGB
Residu,daur-ulang-popok-bekas-pakai-ntuk-dom.jpg,.jpg,700,466,1.5021,326200,62.53,RGB
Residu,daur-ulang-popok-bekas-pakai-q46tnd-prv.jpg,.jpg,730,487,1.499,355510,66.93,RGB
Residu,DdfKUrgVwAAcAKw.jpg,.jpg,675,1200,0.5625,810000,119.04,RGB
Residu,diaper-bekas_20161028_163535.jpg,.jpg,700,393,1.7812,275100,35.4,RGB
Residu,DM-oF7NVQAATK7v.jpg,.jpg,675,1200,0.5625,810000,98.66,RGB
Residu,DpjFAYxUcAAt3Pj.jpg,.jpg,581,1032,0.563,599592,91.91,RGB
Residu,DpjFDgmUwAA3uH_.jpg,.jpg,581,1032,0.563,599592,63.3,RGB
Residu,DpjFFYHVAAACihB.jpg,.jpg,581,1032,0.563,599592,76.05,RGB
Residu,DpjFLdAV4AEgosR.jpg,.jpg,581,1032,0.563,599592,106.94,RGB
Residu,DpjFqfMVsAI_b8A.jpg,.jpg,581,1032,0.563,599592,77.53,RGB
Residu,DpjFsVFUwAAsgbk.jpg,.jpg,581,1032,0.563,599592,67.75,RGB
Residu,DYzQmVQUMAAY9py.jpg,.jpg,675,1200,0.5625,810000,129.22,RGB
Residu,Ecoton-Pemerintah-Diminta-Segera-Tangani-Sampah-Popok-Sekali-Pakai.jpg,.jpg,640,360,1.7778,230400,100.25,RGB
Residu,EzqwKg6VUAA-7AH.jpg,.jpg,960,1200,0.8,1152000,158.9,RGB
Residu,F-BOKS.jpg,.jpg,712,400,1.78,284800,44.3,RGB
Residu,f426f88215b4574902afb2fb080219bb.jpg,.jpg,960,1280,0.75,1228800,98.33,RGB
Residu,FI-Mabuk-karena-pembalut.jpg,.jpg,663,382,1.7356,253266,71.89,RGB
Residu,hipwee-absorbent-nappy-3509508-640x346.jpg,.jpg,640,346,1.8497,221440,22.95,RGB
Residu,hipwee-KAO-Indonesia-750x422.jpg,.jpg,750,422,1.7773,316500,59.08,RGB
Residu,hipwee-Sampah-Popok-yang-berhasil-dikumpul-oleh-tim-Ecoton-750x422.jpg,.jpg,750,422,1.7773,316500,52.48,RGB
Residu,hqdefault2.jpg,.jpg,480,360,1.3333,172800,23.94,RGB
Residu,hqdefault3.jpg,.jpg,480,360,1.3333,172800,34.9,RGB
Residu,Ide-Kreatif-IRT-di-Makassar-Sulap-Sampah-Popok-Bekas-Jadi-Pot-Bunga.jpg,.jpg,640,473,1.3531,302720,32.15,RGB
Residu,ihkan-aliran-Sungai-Brantas-dari-sampah-popok-Foto-KBR-Zainul-Arifin_810x450.jpg,.jpg,810,450,1.8,364500,71.75,RGB
Residu,Ilustrasi-net1d64bcd6b926aa9576da0a76826c6faa.md.jpg,.jpg,500,275,1.8182,137500,25.1,RGB
Residu,ilustrasi-pembalut-wanita--1-istockphoto-getty-images-istockphoto.jpg,.jpg,1024,683,1.4993,699392,111.17,RGB
Residu,Image_1.jpg,.jpg,2560,2560,1.0,6553600,463.76,RGB
Residu,Image_10.jpg,.jpg,640,360,1.7778,230400,73.18,RGB
Residu,Image_100.jpg,.jpg,640,360,1.7778,230400,25.36,RGB
Residu,Image_102.jpg,.jpg,700,466,1.5021,326200,199.6,RGB
Residu,Image_104.jpg,.jpg,620,413,1.5012,256060,234.48,RGB
Residu,Image_105.jpg,.jpg,1253,735,1.7048,920955,372.37,RGB
Residu,Image_106.jpg,.jpg,696,464,1.5,322944,120.45,RGB
Residu,Image_107.jpg,.jpg,590,391,1.509,230690,44.17,RGB
Residu,Image_108.jpg,.jpg,700,393,1.7812,275100,48.96,RGB
Residu,Image_109.jpg,.jpg,448,336,1.3333,150528,37.41,RGB
Residu,Image_11.jpg,.jpg,2048,2048,1.0,4194304,372.42,RGB
Residu,Image_110.jpg,.jpg,640,428,1.4953,273920,75.51,RGB
Residu,Image_112.jpg,.jpg,600,400,1.5,240000,70.7,RGB
Residu,Image_113.jpg,.jpg,320,240,1.3333,76800,10.97,RGB
Residu,Image_114.JPG,.jpg,750,500,1.5,375000,62.42,RGB
Residu,Image_115.jpg,.jpg,2592,1080,2.4,2799360,709.44,RGB
Residu,Image_116.jpg,.jpg,700,465,1.5054,325500,55.95,RGB
Residu,Image_117.jpg,.jpg,700,717,0.9763,501900,80.47,RGB
Residu,Image_118.jpg,.jpg,640,448,1.4286,286720,48.88,RGB
Residu,Image_119.jpg,.jpg,670,503,1.332,337010,43.64,RGB
Residu,Image_12.jpg,.jpg,720,500,1.44,360000,39.41,RGB
Residu,Image_120.jpg,.jpg,1280,720,1.7778,921600,105.0,RGB
Residu,Image_121.jpg,.jpg,600,400,1.5,240000,37.09,RGB
Residu,Image_122.jpg,.jpg,644,338,1.9053,217672,64.28,RGB
Residu,Image_124.jpg,.jpg,750,500,1.5,375000,56.76,RGB
Residu,Image_125.jpg,.jpg,300,200,1.5,60000,14.67,RGB
Residu,Image_126.jpg,.jpg,768,403,1.9057,309504,66.16,RGB
Residu,Image_127.jpg,.jpg,549,382,1.4372,209718,44.55,RGB
Residu,Image_128.jpg,.jpg,600,600,1.0,360000,38.45,RGB
Residu,Image_129.JPG,.jpg,600,337,1.7804,202200,35.16,RGB
Residu,Image_13.jpg,.jpg,665,374,1.7781,248710,158.48,RGB
Residu,Image_130.JPG,.jpg,472,628,0.7516,296416,47.85,RGB
Residu,Image_131.JPG,.jpg,1280,720,1.7778,921600,139.39,RGB
Residu,Image_132.jpg,.jpg,320,319,1.0031,102080,19.66,RGB
Residu,Image_133.jpg,.jpg,264,320,0.825,84480,31.57,RGB
Residu,Image_134.jpg,.jpg,700,466,1.5021,326200,62.22,RGB
Residu,Image_136.jpg,.jpg,800,533,1.5009,426400,133.35,RGB
Residu,Image_137.jpg,.jpg,320,274,1.1679,87680,34.64,RGB
Residu,Image_138.jpg,.jpg,436,300,1.4533,130800,30.36,RGB
Residu,Image_139.jpg,.jpg,1920,1080,1.7778,2073600,195.54,RGB
Residu,Image_14.jpg,.jpg,800,399,2.005,319200,57.05,RGB
Residu,Image_141.jpg,.jpg,1836,2615,0.7021,4801140,1268.89,RGB
Residu,Image_143.jpg,.jpg,500,375,1.3333,187500,33.33,RGB
Residu,Image_145.jpg,.jpg,250,250,1.0,62500,27.41,RGB
Residu,Image_146.jpg,.jpg,1134,500,2.268,567000,96.26,RGB
Residu,Image_148.jpg,.jpg,284,287,0.9895,81508,27.98,RGB
Residu,Image_15.jpg,.jpg,1536,1536,1.0,2359296,254.06,RGB
Residu,Image_16.jpg,.jpg,1280,720,1.7778,921600,46.87,RGB
Residu,Image_17.jpg,.jpg,700,393,1.7812,275100,40.37,RGB
Residu,Image_18.jpg,.jpg,768,414,1.8551,317952,75.36,RGB
Residu,Image_19.jpg,.jpg,700,525,1.3333,367500,84.45,RGB
Residu,Image_2.jpg,.jpg,220,230,0.9565,50600,6.52,RGB
Residu,Image_20.jpg,.jpg,600,350,1.7143,210000,28.69,RGB
Residu,Image_21.jpg,.jpg,512,384,1.3333,196608,31.98,RGB
Residu,Image_22.jpg,.jpg,970,970,1.0,940900,193.96,RGB
Residu,Image_23.jpg,.jpg,800,500,1.6,400000,51.35,RGB
Residu,Image_24.jpg,.jpg,225,225,1.0,50625,3.88,RGB
Residu,Image_25.jpg,.jpg,970,544,1.7831,527680,93.99,RGB
Residu,Image_26.jpg,.jpg,640,1137,0.5629,727680,134.25,RGB
Residu,Image_27.jpg,.jpg,1001,750,1.3347,750750,481.71,RGB
Residu,Image_3.jpg,.jpg,800,500,1.6,400000,370.13,RGB
Residu,Image_32.jpg,.jpg,480,360,1.3333,172800,55.33,RGB
Residu,Image_33.jpg,.jpg,695,464,1.4978,322480,37.79,RGB
Residu,Image_34.jpg,.jpg,960,720,1.3333,691200,29.68,RGB
Residu,Image_36.jpg,.jpg,900,589,1.528,530100,117.82,RGB
Residu,Image_37.jpg,.jpg,1600,800,2.0,1280000,49.28,RGB
Residu,Image_39.jpg,.jpg,750,500,1.5,375000,59.67,RGB
Residu,Image_42.jpg,.jpg,1200,799,1.5019,958800,293.99,RGB
Residu,Image_43.jpg,.jpg,900,600,1.5,540000,155.66,RGB
Residu,Image_45.jpg,.jpg,1366,911,1.4995,1244426,121.61,RGB
Residu,Image_47.jpg,.jpg,3000,2000,1.5,6000000,936.14,RGB
Residu,Image_48.jpg,.jpg,1536,1536,1.0,2359296,238.03,RGB
Residu,Image_49.jpg,.jpg,1000,580,1.7241,580000,113.37,RGB
Residu,Image_5.jpg,.jpg,750,375,2.0,281250,53.16,RGB
Residu,Image_50.jpg,.jpg,1023,535,1.9121,547305,102.52,RGB
Residu,Image_51.jpg,.jpg,970,544,1.7831,527680,82.45,RGB
Residu,Image_55.jpg,.jpg,512,284,1.8028,145408,21.93,RGB
Residu,Image_56.jpg,.jpg,750,500,1.5,375000,47.67,RGB
Residu,Image_57.jpg,.jpg,1995,1995,1.0,3980025,379.31,RGB
Residu,Image_58.jpg,.jpg,750,500,1.5,375000,60.01,RGB
Residu,Image_60.jpg,.jpg,1024,576,1.7778,589824,31.95,RGB
Residu,Image_61.jpg,.jpg,640,428,1.4953,273920,68.94,RGB
Residu,Image_63.jpg,.jpg,768,768,1.0,589824,81.45,RGB
Residu,Image_64.jpg,.jpg,1081,882,1.2256,953442,327.81,RGB
Residu,Image_67.jpg,.jpg,2048,2048,1.0,4194304,391.65,RGB
Residu,Image_7.jpg,.jpg,1024,1024,1.0,1048576,113.48,RGB
Residu,Image_70.jpg,.jpg,1024,683,1.4993,699392,200.7,RGB
Residu,Image_71.jpg,.jpg,336,336,1.0,112896,46.15,RGB
Residu,Image_72.jpg,.jpg,640,428,1.4953,273920,63.16,RGB
Residu,Image_73.jpg,.jpg,1021,550,1.8564,561550,263.57,RGB
Residu,Image_74.jpg,.jpg,830,556,1.4928,461480,527.1,RGB
Residu,Image_75.jpg,.jpg,1280,853,1.5006,1091840,92.38,RGB
Residu,image_750x_62ee5f8c9416b.jpg,.jpg,750,500,1.5,375000,43.69,RGB
Residu,Image_76.jpg,.jpg,730,420,1.7381,306600,59.4,RGB
Residu,Image_77.jpg,.jpg,800,487,1.6427,389600,29.66,RGB
Residu,Image_78.jpg,.jpg,3648,2736,1.3333,9980928,2009.54,RGB
Residu,Image_79.jpg,.jpg,560,995,0.5628,557200,184.76,RGB
Residu,Image_8.jpg,.jpg,700,393,1.7812,275100,43.4,RGB
Residu,Image_80.jpg,.jpg,1024,1820,0.5626,1863680,837.47,RGB
Residu,Image_81.jpg,.jpg,1140,500,2.28,570000,57.07,RGB
Residu,Image_82.jpg,.jpg,1001,750,1.3347,750750,481.71,RGB
Residu,Image_83.jpg,.jpg,598,339,1.764,202722,42.77,RGB
Residu,Image_84.jpg,.jpg,780,500,1.56,390000,53.03,RGB
Residu,Image_87.jpg,.jpg,800,491,1.6293,392800,101.67,RGB
Residu,Image_88.jpg,.jpg,300,168,1.7857,50400,14.69,RGB
Residu,Image_89.jpg,.jpg,768,421,1.8242,323328,51.71,RGB
Residu,Image_9.jpg,.jpg,800,450,1.7778,360000,120.36,RGB
Residu,Image_90.jpg,.jpg,1024,484,2.1157,495616,50.04,RGB
Residu,Image_91.jpg,.jpg,1280,720,1.7778,921600,108.14,RGB
Residu,Image_93.jpg,.jpg,830,556,1.4928,461480,232.04,RGB
Residu,Image_94.jpg,.jpg,700,465,1.5054,325500,54.38,RGB
Residu,Image_95.jpg,.jpg,700,393,1.7812,275100,39.23,RGB
Residu,Image_96.jpg,.jpg,361,271,1.3321,97831,23.8,RGB
Residu,Image_97.jpg,.jpg,670,500,1.34,335000,270.31,RGB
Residu,Image_98.jpg,.jpg,1280,720,1.7778,921600,92.02,RGB
Residu,Image_99.jpg,.jpg,280,210,1.3333,58800,16.19,RGB
Residu,img-1220-56132f64d57a6144078b4567.jpg,.jpg,800,533,1.5009,426400,144.88,RGB
Residu,img-1223-56132fe01cafbde0048b4569.jpg,.jpg,800,533,1.5009,426400,189.1,RGB
Residu,IMG-20220422-WA0003.jpg,.jpg,1600,1200,1.3333,1920000,253.69,RGB
Residu,img-20230211-wa0017-1.jpg,.jpg,400,220,1.8182,88000,32.76,RGB
Residu,IMG_20200915_165826.jpg,.jpg,1536,2048,0.75,3145728,395.62,RGB
Residu,IMG_20200915_170044.jpg,.jpg,1536,2048,0.75,3145728,252.85,RGB
Residu,IMG_20200915_172347.jpg,.jpg,1536,2048,0.75,3145728,572.33,RGB
Residu,IMG_20200915_172404.jpg,.jpg,1536,2048,0.75,3145728,510.62,RGB
Residu,Jangan-Abaikan-Girls--Lakukan-4-Hal-Ini-Sebelum-Membuang-Pembalut-Bekas-Pakai-master-139431748.jpg,.jpg,700,393,1.7812,275100,30.32,RGB
Residu,jangan-dibuang-popok-bayi-sekali-pakai-bisa-didaur-ulang-gimana-caranya48_700.jpg,.jpg,700,525,1.3333,367500,64.0,RGB
Residu,kemenkes-9-pembalut-dan-7-pantyliner-lolos-uji-keamanan-1P3-thumb.jpg,.jpg,620,413,1.5012,256060,38.07,RGB
Residu,Kerjasama-K-C-Softex-Indonesia-dan-Duitin-untuk-Pengumpulan-Popok-Bekas-yang-akan-didaur-ulang-1.jpg,.jpg,900,550,1.6364,495000,78.2,RGB
Residu,limbah-popok-bekas-menjadi-media-tanam.jpg,.jpg,700,393,1.7812,275100,75.86,RGB
Residu,limbah-popok-jadi-rumah.jpg,.jpg,800,396,2.0202,316800,33.56,RGB
Residu,limbah-popok-menumpuk-di-kali-surabaya-bep-tagih-janji-gubernur-xjz.jpg,.jpg,620,413,1.5012,256060,163.29,RGB
Residu,liputan-20200304-224438.jpg,.jpg,1024,576,1.7778,589824,99.37,RGB
Residu,lnvjzbyt8oggp16i7mpu.jpg,.jpg,640,427,1.4988,273280,96.42,RGB
Residu,Luncurkan_Program_Olah_Popok_Bayi_Bekas_Merrie.width-800.jpg,.jpg,800,438,1.8265,350400,73.82,RGB
Residu,lut.jpg,.jpg,650,433,1.5012,281450,55.53,RGB
Residu,maxresdefault.jpg,.jpg,1280,720,1.7778,921600,118.47,RGB
Residu,maxresdefault2.jpg,.jpg,1280,720,1.7778,921600,118.47,RGB
Residu,membuang-pembalut.jpg,.jpg,700,393,1.7812,275100,35.96,RGB
Residu,memilukan-6-anak-tinggal-di-rumah-yang-dipenuhi-dengan-kotoran-anjing-dan-popok-bekas84_700.jpg,.jpg,700,525,1.3333,367500,67.68,RGB
Residu,mencermati-keamanan-pembalut-wanita.jpg,.jpg,650,433,1.5012,281450,40.75,RGB
Residu,Mitos-Pembalut-yang-Masih-Dipercaya.jpg,.jpg,1000,665,1.5038,665000,63.85,RGB
Residu,mitos-tentang-popok-sekali-pakai.jpg,.jpg,6270,4071,1.5402,25525170,776.71,RGB
Residu,netizen-geram-tetangganya-buang-sembarangan-pembalut-bekas-di-sebuah-kondominium-mewah-mstar.jpg,.jpg,700,393,1.7812,275100,32.16,RGB
Residu,nyeri1_20170112_105111.jpg,.jpg,700,393,1.7812,275100,25.44,RGB
Residu,OhR0Bgy9Tk.jpg,.jpg,463,330,1.403,152790,35.98,RGB
Residu,pabrik-popok-daur-ulang_20170321_131737.jpg,.jpg,700,393,1.7812,275100,62.84,RGB
Residu,Pakai-Pembalut-Kain-Saat-Menstruasi-Apakah-Lebih-Sehat-1.jpg,.jpg,1000,687,1.4556,687000,79.88,RGB
Residu,pampers-1-300x240.jpg,.jpg,300,240,1.25,72000,21.65,RGB
Residu,pampers.jpg,.jpg,600,353,1.6997,211800,22.91,RGB
Residu,Pembalut-Bekas-Darah-Haid-Tidak-Boleh-Dibuang-Sembarangan-Simak-Penjelasannya.jpg,.jpg,750,375,2.0,281250,25.39,RGB
Residu,pembalut-bekas-pakai-di-dalam-ceret-dua-pelaku-wanita.jpg,.jpg,700,393,1.7812,275100,26.16,RGB
Residu,pembalut-kain.jpg,.jpg,1280,960,1.3333,1228800,55.74,RGB
Residu,pembalut-keputihan.jpg,.jpg,1200,600,2.0,720000,207.43,RGB
Residu,pembalut-malam-dipakai-di-siang-hari-haid-menstruasi-mojok.co_.jpg,.jpg,800,600,1.3333,480000,49.28,RGB
Residu,pembalut-sayap-vs-tanpa-sayap.jpg,.jpg,700,393,1.7812,275100,23.61,RGB
Residu,pembalut2.jpg,.jpg,649,653,0.9939,423797,48.46,RGB
Residu,pembalut2Bbekas.jpg,.jpg,1000,665,1.5038,665000,48.91,RGB
Residu,pembalut_20181108_155339.jpg,.jpg,700,393,1.7812,275100,20.85,RGB
Residu,Pemerintah-Diminta-Segera-Tangani-Sampah-Popok-Sekali-Pakai.jpg,.jpg,640,360,1.7778,230400,100.24,RGB
Residu,pemulung-koran-bekas-shalat-ied-ilustrasi-_110830122051-476.jpg,.jpg,805,375,2.1467,301875,70.75,RGB
Residu,Pengelolaan-Limbah-Pembalut.jpg,.jpg,640,359,1.7827,229760,88.0,RGB
Residu,pengendalian-sampah-popok-lemah_m_205109.jpg,.jpg,670,447,1.4989,299490,52.33,RGB
Residu,perusahaan-ini-kirim-popok-bekas-dan-kotoran-anjing-didenda-rp383-juta-OzepDMbHfD.jpg,.jpg,976,549,1.7778,535824,96.8,RGB
Residu,pexels-sora-shimazaki-5938423.jpg,.jpg,640,960,0.6667,614400,43.16,RGB
Residu,pillow3.jpg,.jpg,500,889,0.5624,444500,58.12,RGB
Residu,popok-2-45e7c7adacdedd969cb4ba0502eef4aa_800x420.jpg,.jpg,800,420,1.9048,336000,37.54,RGB
Residu,Popok-620x330.jpg,.jpg,620,330,1.8788,204600,51.83,RGB
Residu,Popok-bayi-bekas-dapat-didaur-ulang-menjadi-media-tanam.jpg,.jpg,750,496,1.5121,372000,76.05,RGB
Residu,popok-bayi-jadi-pot-bunga.JPG.jpg,.jpg,561,371,1.5121,208131,37.72,RGB
Residu,popok.jpg,.jpg,750,500,1.5,375000,84.74,RGB
Residu,popok2.jpg__780x439_q85_subsampling-2.jpg,.jpg,552,360,1.5333,198720,73.56,RGB
Residu,popokbayisekalipakai.jpg,.jpg,585,480,1.2188,280800,137.71,RGB
Residu,popok_1.jpg,.jpg,568,360,1.5778,204480,111.39,RGB
Residu,Pot-bunga-yang-terbuat-dari-popok-bekas.5c07fbeb2f2c9b59.md.jpg,.jpg,500,300,1.6667,150000,67.13,RGB
Residu,residu_1.jpg,.jpg,596,369,1.6152,219924,16.34,RGB
Residu,residu_10.jpg,.jpg,170,170,1.0,28900,3.25,RGB
Residu,residu_100.jpg,.jpg,768,768,1.0,589824,96.8,RGB
Residu,residu_101.jpg,.jpg,52,52,1.0,2704,1.36,RGB
Residu,residu_102.jpg,.jpg,210,210,1.0,44100,9.18,RGB
Residu,residu_103.jpg,.jpg,500,500,1.0,250000,8.01,RGB
Residu,residu_104.jpg,.jpg,42,42,1.0,1764,1.27,RGB
Residu,residu_105.jpg,.jpg,225,225,1.0,50625,2.88,RGB
Residu,residu_106.jpg,.jpg,1500,1117,1.3429,1675500,88.66,RGB
Residu,residu_107.jpg,.jpg,800,800,1.0,640000,33.76,RGB
Residu,residu_108.jpg,.jpg,217,232,0.9353,50344,5.76,RGB
Residu,residu_109.jpg,.jpg,52,52,1.0,2704,1.6,RGB
Residu,residu_11.jpg,.jpg,300,168,1.7857,50400,5.85,RGB
Residu,residu_110.jpg,.jpg,100,100,1.0,10000,2.56,RGB
Residu,residu_111.jpg,.jpg,1080,1080,1.0,1166400,109.38,RGB
Residu,residu_112.jpg,.jpg,42,42,1.0,1764,1.11,RGB
Residu,residu_113.jpg,.jpg,173,210,0.8238,36330,2.5,RGB
Residu,residu_114.jpg,.jpg,230,230,1.0,52900,3.5,RGB
Residu,residu_115.jpg,.jpg,278,181,1.5359,50318,6.93,RGB
Residu,residu_116.jpg,.jpg,52,52,1.0,2704,1.81,RGB
Residu,residu_117.jpg,.jpg,800,534,1.4981,427200,32.18,RGB
Residu,residu_118.jpg,.jpg,42,42,1.0,1764,1.12,RGB
Residu,residu_119.jpg,.jpg,275,183,1.5027,50325,3.05,RGB
Residu,residu_12.jpg,.jpg,800,800,1.0,640000,26.56,RGB
Residu,residu_120.jpg,.jpg,260,280,0.9286,72800,4.38,RGB
Residu,residu_121.jpg,.jpg,500,500,1.0,250000,16.72,RGB
Residu,residu_122.jpg,.jpg,225,225,1.0,50625,4.55,RGB
Residu,residu_123.jpg,.jpg,225,225,1.0,50625,2.86,RGB
Residu,residu_124.jpg,.jpg,1300,867,1.4994,1127100,141.79,RGB
Residu,residu_125.jpg,.jpg,183,275,0.6655,50325,3.29,RGB
Residu,residu_126.jpg,.jpg,2047,1794,1.141,3672318,575.27,RGB
Residu,residu_127.jpg,.jpg,225,225,1.0,50625,2.69,RGB
Residu,residu_128.jpg,.jpg,840,493,1.7039,414120,69.44,RGB
Residu,residu_129.jpg,.jpg,660,330,2.0,217800,21.56,RGB
Residu,residu_13.jpg,.jpg,210,206,1.0194,43260,3.84,RGB
Residu,residu_130.jpg,.jpg,980,980,1.0,960400,61.16,RGB
Residu,residu_131.jpg,.jpg,42,42,1.0,1764,1.23,RGB
Residu,residu_132.jpg,.jpg,263,191,1.377,50233,3.89,RGB
Residu,residu_133.jpg,.jpg,225,225,1.0,50625,8.23,RGB
Residu,residu_134.jpg,.jpg,630,472,1.3347,297360,38.77,RGB
Residu,residu_135.jpg,.jpg,262,193,1.3575,50566,8.55,RGB
Residu,residu_136.jpg,.jpg,840,840,1.0,705600,33.02,RGB
Residu,residu_137.jpg,.jpg,225,225,1.0,50625,6.96,RGB
Residu,residu_138.jpg,.jpg,1000,750,1.3333,750000,63.82,RGB
Residu,residu_139.jpg,.jpg,800,704,1.1364,563200,26.76,RGB
Residu,residu_14.jpg,.jpg,225,225,1.0,50625,3.86,RGB
Residu,residu_140.jpg,.jpg,284,178,1.5955,50552,12.49,RGB
Residu,residu_141.jpg,.jpg,1024,684,1.4971,700416,42.01,RGB
Residu,residu_142.jpg,.jpg,210,210,1.0,44100,4.21,RGB
Residu,residu_143.jpg,.jpg,214,235,0.9106,50290,3.23,RGB
Residu,residu_144.jpg,.jpg,1040,585,1.7778,608400,99.3,RGB
Residu,residu_145.jpg,.jpg,1080,608,1.7763,656640,35.12,RGB
Residu,residu_146.jpg,.jpg,259,194,1.3351,50246,4.83,RGB
Residu,residu_147.jpg,.jpg,275,183,1.5027,50325,5.03,RGB
Residu,residu_148.jpg,.jpg,920,545,1.6881,501400,32.36,RGB
Residu,residu_149.jpg,.jpg,1000,401,2.4938,401000,25.28,RGB
Residu,residu_15.jpg,.jpg,768,512,1.5,393216,50.45,RGB
Residu,residu_150.jpg,.jpg,1536,1024,1.5,1572864,161.46,RGB
Residu,residu_151.jpg,.jpg,500,500,1.0,250000,10.48,RGB
Residu,residu_152.jpg,.jpg,500,500,1.0,250000,7.72,RGB
Residu,residu_153.jpg,.jpg,225,225,1.0,50625,5.25,RGB
Residu,residu_154.jpg,.jpg,1920,1080,1.7778,2073600,79.83,RGB
Residu,residu_155.jpg,.jpg,225,225,1.0,50625,3.13,RGB
Residu,residu_156.jpg,.jpg,512,384,1.3333,196608,30.95,RGB
Residu,residu_157.jpg,.jpg,42,42,1.0,1764,1.0,RGB
Residu,residu_158.jpg,.jpg,1000,1000,1.0,1000000,69.82,RGB
Residu,residu_159.jpg,.jpg,42,42,1.0,1764,1.15,RGB
Residu,residu_16.jpg,.jpg,300,168,1.7857,50400,9.22,RGB
Residu,residu_160.jpg,.jpg,506,341,1.4839,172546,19.83,RGB
Residu,residu_161.jpg,.jpg,700,467,1.4989,326900,73.69,RGB
Residu,residu_162.jpg,.jpg,780,435,1.7931,339300,83.18,RGB
Residu,residu_163.jpg,.jpg,210,210,1.0,44100,3.94,RGB
Residu,residu_164.jpg,.jpg,281,179,1.5698,50299,9.47,RGB
Residu,residu_165.jpg,.jpg,1500,1500,1.0,2250000,57.52,RGB
Residu,residu_166.jpg,.jpg,800,533,1.5009,426400,68.73,RGB
Residu,residu_167.jpg,.jpg,225,225,1.0,50625,5.36,RGB
Residu,residu_168.jpg,.jpg,281,179,1.5698,50299,8.14,RGB
Residu,residu_169.jpg,.jpg,800,800,1.0,640000,24.91,RGB
Residu,residu_17.jpg,.jpg,74,64,1.1562,4736,1.11,RGB
Residu,residu_170.jpg,.jpg,640,426,1.5023,272640,36.04,RGB
Residu,residu_171.jpg,.jpg,860,860,1.0,739600,66.05,RGB
Residu,residu_172.jpg,.jpg,225,225,1.0,50625,3.18,RGB
Residu,residu_173.jpg,.jpg,52,52,1.0,2704,1.01,RGB
Residu,residu_174.jpg,.jpg,225,225,1.0,50625,3.12,RGB
Residu,residu_175.jpg,.jpg,800,800,1.0,640000,29.04,RGB
Residu,residu_176.jpg,.jpg,900,559,1.61,503100,74.72,RGB
Residu,residu_177.jpg,.jpg,4500,5625,0.8,25312500,1622.91,RGB
Residu,residu_178.jpg,.jpg,210,210,1.0,44100,3.94,RGB
Residu,residu_179.jpg,.jpg,800,800,1.0,640000,23.87,RGB
Residu,residu_18.jpg,.jpg,42,42,1.0,1764,1.11,RGB
Residu,residu_180.jpg,.jpg,210,210,1.0,44100,5.02,RGB
Residu,residu_181.jpg,.jpg,800,800,1.0,640000,18.11,RGB
Residu,residu_182.jpg,.jpg,52,52,1.0,2704,1.26,RGB
Residu,residu_183.jpg,.jpg,600,600,1.0,360000,61.36,RGB
Residu,residu_184.jpg,.jpg,376,338,1.1124,127088,15.38,RGB
Residu,residu_185.jpg,.jpg,650,365,1.7808,237250,72.43,RGB
Residu,residu_186.jpg,.jpg,2062,1373,1.5018,2831126,353.3,RGB
Residu,residu_187.jpg,.jpg,1500,1500,1.0,2250000,57.56,RGB
Residu,residu_188.jpg,.jpg,300,319,0.9404,95700,6.29,RGB
Residu,residu_189.jpg,.jpg,1500,1500,1.0,2250000,68.87,RGB
Residu,residu_19.jpg,.jpg,500,500,1.0,250000,19.98,RGB
Residu,residu_190.jpg,.jpg,780,440,1.7727,343200,81.77,RGB
Residu,residu_191.jpg,.jpg,300,247,1.2146,74100,9.76,RGB
Residu,residu_192.jpg,.jpg,300,332,0.9036,99600,6.55,RGB
Residu,residu_193.jpg,.jpg,400,400,1.0,160000,6.46,RGB
Residu,residu_194.jpg,.jpg,300,146,2.0548,43800,12.89,RGB
Residu,residu_195.jpg,.jpg,330,153,2.1569,50490,6.29,RGB
Residu,residu_196.jpg,.jpg,225,225,1.0,50625,10.25,RGB
Residu,residu_197.jpg,.jpg,560,560,1.0,313600,32.72,RGB
Residu,residu_198.jpg,.jpg,225,225,1.0,50625,10.25,RGB
Residu,residu_199.jpg,.jpg,640,360,1.7778,230400,50.07,RGB
Residu,residu_2.jpg,.jpg,1000,1000,1.0,1000000,37.42,RGB
Residu,residu_20.jpg,.jpg,210,210,1.0,44100,4.37,RGB
Residu,residu_200.jpg,.jpg,210,210,1.0,44100,6.28,RGB
Residu,residu_201.jpg,.jpg,160,200,0.8,32000,10.66,RGB
Residu,residu_202.jpg,.jpg,42,42,1.0,1764,0.98,RGB
Residu,residu_203.jpg,.jpg,476,354,1.3446,168504,14.22,RGB
Residu,residu_204.jpg,.jpg,500,333,1.5015,166500,15.54,RGB
Residu,residu_205.jpg,.jpg,225,225,1.0,50625,9.34,RGB
Residu,residu_206.jpg,.jpg,640,640,1.0,409600,17.84,RGB
Residu,residu_207.jpg,.jpg,974,1000,0.974,974000,21.78,RGB
Residu,residu_208.jpg,.jpg,261,392,0.6658,102312,13.36,RGB
Residu,residu_209.jpg,.jpg,210,210,1.0,44100,3.05,RGB
Residu,residu_21.jpg,.jpg,650,365,1.7808,237250,24.18,RGB
Residu,residu_210.jpg,.jpg,700,400,1.75,280000,17.9,RGB
Residu,residu_211.jpg,.jpg,1000,1000,1.0,1000000,40.06,RGB
Residu,residu_212.jpg,.jpg,1500,1500,1.0,2250000,98.0,RGB
Residu,residu_213.jpg,.jpg,1200,853,1.4068,1023600,115.53,RGB
Residu,residu_214.jpg,.jpg,210,210,1.0,44100,2.73,RGB
Residu,residu_215.jpg,.jpg,350,350,1.0,122500,4.18,RGB
Residu,residu_216.jpg,.jpg,275,183,1.5027,50325,6.1,RGB
Residu,residu_217.jpg,.jpg,300,168,1.7857,50400,3.17,RGB
Residu,residu_218.jpg,.jpg,64,64,1.0,4096,1.31,RGB
Residu,residu_219.jpg,.jpg,100,100,1.0,10000,1.31,RGB
Residu,residu_22.jpg,.jpg,610,864,0.706,527040,96.56,RGB
Residu,residu_220.jpg,.jpg,780,654,1.1927,510120,14.86,RGB
Residu,residu_221.jpg,.jpg,225,225,1.0,50625,11.52,RGB
Residu,residu_222.jpg,.jpg,210,210,1.0,44100,3.34,RGB
Residu,residu_223.jpg,.jpg,210,210,1.0,44100,5.34,RGB
Residu,residu_224.jpg,.jpg,275,183,1.5027,50325,9.7,RGB
Residu,residu_225.jpg,.jpg,225,225,1.0,50625,4.52,RGB
Residu,residu_226.jpg,.jpg,42,42,1.0,1764,1.32,RGB
Residu,residu_227.jpg,.jpg,800,800,1.0,640000,14.31,RGB
Residu,residu_228.jpg,.jpg,275,183,1.5027,50325,10.45,RGB
Residu,residu_229.jpg,.jpg,42,42,1.0,1764,1.07,RGB
Residu,residu_23.jpg,.jpg,1500,1500,1.0,2250000,72.78,RGB
Residu,residu_230.jpg,.jpg,275,183,1.5027,50325,13.54,RGB
Residu,residu_231.jpg,.jpg,42,42,1.0,1764,1.26,RGB
Residu,residu_232.jpg,.jpg,1294,1294,1.0,1674436,179.21,RGB
Residu,residu_233.jpg,.jpg,500,375,1.3333,187500,15.65,RGB
Residu,residu_234.jpg,.jpg,800,800,1.0,640000,16.82,RGB
Residu,residu_235.jpg,.jpg,1000,1000,1.0,1000000,59.39,RGB
Residu,residu_236.jpg,.jpg,52,52,1.0,2704,1.66,RGB
Residu,residu_237.jpg,.jpg,1000,1000,1.0,1000000,42.91,RGB
Residu,residu_238.jpg,.jpg,210,210,1.0,44100,4.37,RGB
Residu,residu_239.jpg,.jpg,279,180,1.55,50220,9.75,RGB
Residu,residu_24.jpg,.jpg,210,210,1.0,44100,6.08,RGB
Residu,residu_240.jpg,.jpg,210,210,1.0,44100,4.32,RGB
Residu,residu_241.jpg,.jpg,42,42,1.0,1764,1.23,RGB
Residu,residu_242.jpg,.jpg,210,210,1.0,44100,4.23,RGB
Residu,residu_243.jpg,.jpg,233,217,1.0737,50561,7.09,RGB
Residu,residu_244.jpg,.jpg,210,210,1.0,44100,5.12,RGB
Residu,residu_245.jpg,.jpg,640,480,1.3333,307200,26.38,RGB
Residu,residu_246.jpg,.jpg,210,210,1.0,44100,4.75,RGB
Residu,residu_247.jpg,.jpg,2000,2000,1.0,4000000,230.33,RGB
Residu,residu_248.jpg,.jpg,1280,960,1.3333,1228800,78.88,RGB
Residu,residu_249.jpg,.jpg,800,533,1.5009,426400,22.88,RGB
Residu,residu_25.jpg,.jpg,42,42,1.0,1764,1.27,RGB
Residu,residu_250.jpg,.jpg,183,275,0.6655,50325,7.37,RGB
Residu,residu_251.jpg,.jpg,170,112,1.5179,19040,3.28,RGB
Residu,residu_252.jpg,.jpg,42,42,1.0,1764,1.12,RGB
Residu,residu_253.jpg,.jpg,230,230,1.0,52900,4.83,RGB
Residu,residu_254.jpg,.jpg,700,400,1.75,280000,47.6,RGB
Residu,residu_255.jpg,.jpg,978,909,1.0759,889002,73.29,RGB
Residu,residu_256.jpg,.jpg,42,42,1.0,1764,1.22,RGB
Residu,residu_257.jpg,.jpg,1500,1448,1.0359,2172000,178.82,RGB
Residu,residu_258.jpg,.jpg,275,183,1.5027,50325,7.14,RGB
Residu,residu_259.jpg,.jpg,750,464,1.6164,348000,77.45,RGB
Residu,residu_26.jpg,.jpg,42,42,1.0,1764,0.89,RGB
Residu,residu_260.jpg,.jpg,768,1024,0.75,786432,67.14,RGB
Residu,residu_261.jpg,.jpg,42,42,1.0,1764,1.04,RGB
Residu,residu_262.jpg,.jpg,600,600,1.0,360000,28.68,RGB
Residu,residu_263.jpg,.jpg,42,42,1.0,1764,1.04,RGB
Residu,residu_264.jpg,.jpg,400,400,1.0,160000,7.09,RGB
Residu,residu_265.jpg,.jpg,225,225,1.0,50625,5.1,RGB
Residu,residu_266.jpg,.jpg,1800,1800,1.0,3240000,133.18,RGB
Residu,residu_267.jpg,.jpg,600,600,1.0,360000,32.71,RGB
Residu,residu_268.jpg,.jpg,1000,1000,1.0,1000000,54.62,RGB
Residu,residu_269.jpg,.jpg,52,52,1.0,2704,1.4,RGB
Residu,residu_27.jpg,.jpg,210,206,1.0194,43260,4.09,RGB
Residu,residu_270.jpg,.jpg,42,42,1.0,1764,1.08,RGB
Residu,residu_271.jpg,.jpg,1203,1020,1.1794,1227060,71.04,RGB
Residu,residu_272.jpg,.jpg,900,900,1.0,810000,27.32,RGB
Residu,residu_273.jpg,.jpg,1000,1000,1.0,1000000,39.36,RGB
Residu,residu_274.jpg,.jpg,270,405,0.6667,109350,17.84,RGB
Residu,residu_275.jpg,.jpg,1000,1000,1.0,1000000,45.44,RGB
Residu,residu_276.jpg,.jpg,1500,1500,1.0,2250000,80.37,RGB
Residu,residu_277.jpg,.jpg,2400,1600,1.5,3840000,140.17,RGB
Residu,residu_278.jpg,.jpg,183,275,0.6655,50325,5.43,RGB
Residu,residu_279.jpg,.jpg,52,52,1.0,2704,1.03,RGB
Residu,residu_28.jpg,.jpg,300,300,1.0,90000,4.6,RGB
Residu,residu_280.jpg,.jpg,225,225,1.0,50625,3.43,RGB
Residu,residu_281.jpg,.jpg,400,400,1.0,160000,17.68,RGB
Residu,residu_282.jpg,.jpg,1300,1300,1.0,1690000,52.03,RGB
Residu,residu_283.jpg,.jpg,1500,1500,1.0,2250000,318.81,RGB
Residu,residu_284.jpg,.jpg,100,100,1.0,10000,2.77,RGB
Residu,residu_285.jpg,.jpg,350,350,1.0,122500,4.19,RGB
Residu,residu_286.jpg,.jpg,52,52,1.0,2704,1.35,RGB
Residu,residu_287.jpg,.jpg,1000,1000,1.0,1000000,60.69,RGB
Residu,residu_288.jpg,.jpg,225,225,1.0,50625,4.36,RGB
Residu,residu_289.jpg,.jpg,830,556,1.4928,461480,73.66,RGB
Residu,residu_29.jpg,.jpg,1500,1500,1.0,2250000,85.79,RGB
Residu,residu_290.jpg,.jpg,225,225,1.0,50625,3.02,RGB
Residu,residu_291.jpg,.jpg,230,230,1.0,52900,4.44,RGB
Residu,residu_292.jpg,.jpg,190,190,1.0,36100,3.82,RGB
Residu,residu_293.jpg,.jpg,96,64,1.5,6144,1.13,RGB
Residu,residu_294.jpg,.jpg,52,52,1.0,2704,1.19,RGB
Residu,residu_295.jpg,.jpg,100,100,1.0,10000,2.52,RGB
Residu,residu_296.jpg,.jpg,210,210,1.0,44100,5.03,RGB
Residu,residu_297.jpg,.jpg,270,405,0.6667,109350,13.77,RGB
Residu,residu_298.jpg,.jpg,275,183,1.5027,50325,8.95,RGB
Residu,residu_299.jpg,.jpg,650,366,1.776,237900,20.99,RGB
Residu,residu_3.jpg,.jpg,1000,1000,1.0,1000000,94.57,RGB
Residu,residu_30.jpg,.jpg,300,300,1.0,90000,4.17,RGB
Residu,residu_300.jpg,.jpg,600,600,1.0,360000,25.82,RGB
Residu,residu_301.jpg,.jpg,342,342,1.0,116964,8.1,RGB
Residu,residu_302.jpg,.jpg,64,64,1.0,4096,0.99,RGB
Residu,residu_303.jpg,.jpg,750,500,1.5,375000,61.71,RGB
Residu,residu_304.jpg,.jpg,1024,513,1.9961,525312,23.77,RGB
Residu,residu_305.jpg,.jpg,85,64,1.3281,5440,2.25,RGB
Residu,residu_306.jpg,.jpg,736,736,1.0,541696,30.14,RGB
Residu,residu_307.jpg,.jpg,999,666,1.5,665334,24.58,RGB
Residu,residu_308.jpg,.jpg,225,225,1.0,50625,4.44,RGB
Residu,residu_309.jpg,.jpg,960,720,1.3333,691200,59.66,RGB
Residu,residu_31.jpg,.jpg,1080,630,1.7143,680400,37.73,RGB
Residu,residu_310.jpg,.jpg,800,800,1.0,640000,24.11,RGB
Residu,residu_311.jpg,.jpg,800,800,1.0,640000,22.11,RGB
Residu,residu_312.jpg,.jpg,1500,1500,1.0,2250000,86.29,RGB
Residu,residu_313.jpg,.jpg,700,700,1.0,490000,12.46,RGB
Residu,residu_314.jpg,.jpg,52,52,1.0,2704,1.22,RGB
Residu,residu_315.jpg,.jpg,750,750,1.0,562500,20.62,RGB
Residu,residu_316.jpg,.jpg,1024,576,1.7778,589824,19.41,RGB
Residu,residu_317.jpg,.jpg,940,530,1.7736,498200,27.39,RGB
Residu,residu_318.jpg,.jpg,1106,737,1.5007,815122,38.01,RGB
Residu,residu_319.jpg,.jpg,450,450,1.0,202500,14.74,RGB
Residu,residu_32.jpg,.jpg,466,339,1.3746,157974,8.4,RGB
Residu,residu_320.jpg,.jpg,240,240,1.0,57600,2.9,RGB
Residu,residu_321.jpg,.jpg,500,500,1.0,250000,11.03,RGB
Residu,residu_322.jpg,.jpg,800,800,1.0,640000,27.0,RGB
Residu,residu_33.jpg,.jpg,210,210,1.0,44100,2.82,RGB
Residu,residu_34.jpg,.jpg,1024,683,1.4993,699392,76.37,RGB
Residu,residu_35.jpg,.jpg,224,224,1.0,50176,7.69,RGB
Residu,residu_36.jpg,.jpg,1000,563,1.7762,563000,88.27,RGB
Residu,residu_37.jpg,.jpg,42,42,1.0,1764,0.91,RGB
Residu,residu_38.jpg,.jpg,500,500,1.0,250000,11.78,RGB
Residu,residu_39.jpg,.jpg,1000,1000,1.0,1000000,69.98,RGB
Residu,residu_4.jpg,.jpg,500,500,1.0,250000,8.0,RGB
Residu,residu_40.jpg,.jpg,42,42,1.0,1764,1.04,RGB
Residu,residu_41.jpg,.jpg,210,196,1.0714,41160,3.6,RGB
Residu,residu_42.jpg,.jpg,64,64,1.0,4096,1.79,RGB
Residu,residu_43.jpg,.jpg,500,500,1.0,250000,12.63,RGB
Residu,residu_44.jpg,.jpg,1015,721,1.4078,731815,72.24,RGB
Residu,residu_45.jpg,.jpg,650,366,1.776,237900,38.25,RGB
Residu,residu_46.jpg,.jpg,275,183,1.5027,50325,8.74,RGB
Residu,residu_47.jpg,.jpg,1000,1000,1.0,1000000,36.2,RGB
Residu,residu_48.jpg,.jpg,1000,1000,1.0,1000000,34.05,RGB
Residu,residu_49.jpg,.jpg,42,42,1.0,1764,0.86,RGB
Residu,residu_5.jpg,.jpg,360,360,1.0,129600,14.55,RGB
Residu,residu_50.jpg,.jpg,42,42,1.0,1764,1.08,RGB
Residu,residu_51.jpg,.jpg,170,163,1.0429,27710,2.3,RGB
Residu,residu_52.jpg,.jpg,1000,1000,1.0,1000000,40.23,RGB
Residu,residu_53.jpg,.jpg,852,568,1.5,483936,75.14,RGB
Residu,residu_54.jpg,.jpg,414,302,1.3709,125028,15.73,RGB
Residu,residu_55.jpg,.jpg,170,227,0.7489,38590,9.71,RGB
Residu,residu_56.jpg,.jpg,210,165,1.2727,34650,2.61,RGB
Residu,residu_57.jpg,.jpg,210,210,1.0,44100,2.5,RGB
Residu,residu_58.jpg,.jpg,528,337,1.5668,177936,27.89,RGB
Residu,residu_59.jpg,.jpg,2560,1707,1.4997,4369920,341.48,RGB
Residu,residu_6.jpg,.jpg,600,600,1.0,360000,17.99,RGB
Residu,residu_60.jpg,.jpg,600,464,1.2931,278400,12.97,RGB
Residu,residu_61.jpg,.jpg,210,210,1.0,44100,14.61,RGB
Residu,residu_62.jpg,.jpg,225,225,1.0,50625,4.58,RGB
Residu,residu_63.jpg,.jpg,210,184,1.1413,38640,4.2,RGB
Residu,residu_64.jpg,.jpg,210,210,1.0,44100,3.86,RGB
Residu,residu_65.jpg,.jpg,650,362,1.7956,235300,52.43,RGB
Residu,residu_66.jpg,.jpg,210,138,1.5217,28980,4.25,RGB
Residu,residu_67.jpg,.jpg,292,300,0.9733,87600,5.35,RGB
Residu,residu_68.jpg,.jpg,1100,620,1.7742,682000,48.54,RGB
Residu,residu_69.jpg,.jpg,436,314,1.3885,136904,13.86,RGB
Residu,residu_7.jpg,.jpg,210,210,1.0,44100,6.2,RGB
Residu,residu_70.jpg,.jpg,100,100,1.0,10000,2.71,RGB
Residu,residu_71.jpg,.jpg,290,174,1.6667,50460,2.41,RGB
Residu,residu_72.jpg,.jpg,710,756,0.9392,536760,25.22,RGB
Residu,residu_73.jpg,.jpg,600,600,1.0,360000,38.35,RGB
Residu,residu_74.jpg,.jpg,210,210,1.0,44100,6.4,RGB
Residu,residu_75.jpg,.jpg,224,224,1.0,50176,10.22,RGB
Residu,residu_76.jpg,.jpg,1600,1600,1.0,2560000,139.14,RGB
Residu,residu_77.jpg,.jpg,275,183,1.5027,50325,8.99,RGB
Residu,residu_78.jpg,.jpg,1000,1000,1.0,1000000,31.61,RGB
Residu,residu_79.jpg,.jpg,1920,1440,1.3333,2764800,376.9,RGB
Residu,residu_8.jpg,.jpg,42,42,1.0,1764,1.37,RGB
Residu,residu_80.jpg,.jpg,940,587,1.6014,551780,16.6,RGB
Residu,residu_81.jpg,.jpg,800,420,1.9048,336000,75.4,RGB
Residu,residu_82.jpg,.jpg,210,165,1.2727,34650,7.02,RGB
Residu,residu_83.jpg,.jpg,1000,757,1.321,757000,27.75,RGB
Residu,residu_84.jpg,.jpg,900,600,1.5,540000,41.36,RGB
Residu,residu_85.jpg,.jpg,52,52,1.0,2704,1.08,RGB
Residu,residu_86.jpg,.jpg,52,52,1.0,2704,1.28,RGB
Residu,residu_87.jpg,.jpg,52,52,1.0,2704,1.09,RGB
Residu,residu_88.jpg,.jpg,52,52,1.0,2704,1.2,RGB
Residu,residu_89.jpg,.jpg,700,400,1.75,280000,26.02,RGB
Residu,residu_9.jpg,.jpg,1956,1467,1.3333,2869452,264.88,RGB
Residu,residu_90.jpg,.jpg,250,188,1.3298,47000,7.98,RGB
Residu,residu_91.jpg,.jpg,800,800,1.0,640000,41.27,RGB
Residu,residu_92.jpg,.jpg,1000,1000,1.0,1000000,38.2,RGB
Residu,residu_93.jpg,.jpg,1032,966,1.0683,996912,59.59,RGB
Residu,residu_94.jpg,.jpg,210,210,1.0,44100,6.48,RGB
Residu,residu_95.jpg,.jpg,1200,628,1.9108,753600,86.17,RGB
Residu,residu_96.jpg,.jpg,1800,1800,1.0,3240000,126.66,RGB
Residu,residu_97.jpg,.jpg,347,145,2.3931,50315,6.27,RGB
Residu,residu_98.jpg,.jpg,600,315,1.9048,189000,28.27,RGB
Residu,residu_99.jpg,.jpg,700,400,1.75,280000,37.1,RGB
Residu,Rupaya-Pembalut-Sekali-Pakai-Berbahaya-Bagi-Lingkungan.jpg,.jpg,650,366,1.776,237900,23.06,RGB
Residu,R_3200.jpg,.jpg,225,225,1.0,50625,2.08,RGB
Residu,R_3201.jpg,.jpg,225,225,1.0,50625,2.07,RGB
Residu,R_3202.jpg,.jpg,225,225,1.0,50625,2.15,RGB
Residu,R_3203.jpg,.jpg,225,225,1.0,50625,1.72,RGB
Residu,R_3204.jpg,.jpg,221,228,0.9693,50388,2.68,RGB
Residu,R_3205.jpg,.jpg,202,249,0.8112,50298,2.14,RGB
Residu,R_3206.jpg,.jpg,310,163,1.9018,50530,7.09,RGB
Residu,R_3207.jpg,.jpg,225,225,1.0,50625,3.57,RGB
Residu,R_3208.jpg,.jpg,225,225,1.0,50625,2.57,RGB
Residu,R_3209.jpg,.jpg,225,225,1.0,50625,1.86,RGB
Residu,R_3210.jpg,.jpg,225,225,1.0,50625,2.67,RGB
Residu,R_3211.jpg,.jpg,225,225,1.0,50625,2.84,RGB
Residu,R_3212.jpg,.jpg,222,227,0.978,50394,1.88,RGB
Residu,R_3213.jpg,.jpg,225,225,1.0,50625,2.9,RGB
Residu,R_3214.jpg,.jpg,275,183,1.5027,50325,4.41,RGB
Residu,R_3215.jpg,.jpg,225,225,1.0,50625,2.16,RGB
Residu,R_3216.jpg,.jpg,247,204,1.2108,50388,2.29,RGB
Residu,R_3217.jpg,.jpg,225,225,1.0,50625,2.27,RGB
Residu,R_3218.jpg,.jpg,275,183,1.5027,50325,5.22,RGB
Residu,R_3219.jpg,.jpg,225,225,1.0,50625,14.31,RGB
Residu,R_3220.jpg,.jpg,225,225,1.0,50625,2.49,RGB
Residu,R_3221.jpg,.jpg,309,163,1.8957,50367,4.54,RGB
Residu,R_3222.jpg,.jpg,225,225,1.0,50625,2.33,RGB
Residu,R_3223.jpg,.jpg,245,206,1.1893,50470,1.53,RGB
Residu,R_3224.jpg,.jpg,225,225,1.0,50625,1.98,RGB
Residu,R_3225.jpg,.jpg,225,225,1.0,50625,2.17,RGB
Residu,R_3226.jpg,.jpg,225,225,1.0,50625,2.1,RGB
Residu,R_3227.jpg,.jpg,225,225,1.0,50625,1.8,RGB
Residu,R_3228.jpg,.jpg,225,225,1.0,50625,1.97,RGB
Residu,R_3229.jpg,.jpg,292,173,1.6879,50516,3.81,RGB
Residu,R_3230.jpg,.jpg,225,225,1.0,50625,1.61,RGB
Residu,R_3231.jpg,.jpg,225,225,1.0,50625,2.94,RGB
Residu,R_3232.jpg,.jpg,200,200,1.0,40000,1.97,RGB
Residu,R_3233.jpg,.jpg,259,194,1.3351,50246,2.3,RGB
Residu,R_3234.jpg,.jpg,239,210,1.1381,50190,3.5,RGB
Residu,R_3235.jpg,.jpg,225,225,1.0,50625,3.01,RGB
Residu,R_3236.jpg,.jpg,225,225,1.0,50625,6.98,RGB
Residu,R_3237.jpg,.jpg,248,203,1.2217,50344,4.82,RGB
Residu,R_3238.jpg,.jpg,225,225,1.0,50625,1.75,RGB
Residu,R_3239.jpg,.jpg,275,183,1.5027,50325,4.58,RGB
Residu,R_3240.jpg,.jpg,200,200,1.0,40000,1.72,RGB
Residu,R_3241.jpg,.jpg,225,225,1.0,50625,2.83,RGB
Residu,R_3242.jpg,.jpg,225,225,1.0,50625,1.85,RGB
Residu,R_3243.jpg,.jpg,196,257,0.7626,50372,2.4,RGB
Residu,R_3244.jpg,.jpg,225,225,1.0,50625,3.48,RGB
Residu,R_3245.jpg,.jpg,275,183,1.5027,50325,2.65,RGB
Residu,R_3246.jpg,.jpg,225,225,1.0,50625,2.12,RGB
Residu,R_3247.jpg,.jpg,206,244,0.8443,50264,1.17,RGB
Residu,R_3248.jpg,.jpg,225,225,1.0,50625,4.28,RGB
Residu,R_3249.jpg,.jpg,278,181,1.5359,50318,6.77,RGB
Residu,R_3250.jpg,.jpg,188,268,0.7015,50384,3.5,RGB
Residu,R_3251.jpg,.jpg,225,225,1.0,50625,1.74,RGB
Residu,R_3252.jpg,.jpg,189,266,0.7105,50274,1.87,RGB
Residu,R_3253.jpg,.jpg,225,225,1.0,50625,2.08,RGB
Residu,R_3254.jpg,.jpg,225,225,1.0,50625,1.62,RGB
Residu,R_3255.jpg,.jpg,225,225,1.0,50625,2.23,RGB
Residu,R_3256.jpg,.jpg,225,225,1.0,50625,3.47,RGB
Residu,R_3257.jpg,.jpg,225,225,1.0,50625,3.59,RGB
Residu,R_3258.jpg,.jpg,276,182,1.5165,50232,3.79,RGB
Residu,R_3259.jpg,.jpg,200,200,1.0,40000,1.52,RGB
Residu,R_3260.jpg,.jpg,213,237,0.8987,50481,2.54,RGB
Residu,R_3261.jpg,.jpg,225,225,1.0,50625,2.78,RGB
Residu,R_3262.jpg,.jpg,259,194,1.3351,50246,5.1,RGB
Residu,R_3263.jpg,.jpg,225,225,1.0,50625,5.7,RGB
Residu,R_3264.jpg,.jpg,225,225,1.0,50625,3.29,RGB
Residu,R_3265.jpg,.jpg,225,225,1.0,50625,4.01,RGB
Residu,R_3266.jpg,.jpg,225,225,1.0,50625,1.5,RGB
Residu,R_3267.jpg,.jpg,225,225,1.0,50625,9.25,RGB
Residu,R_3268.jpg,.jpg,314,161,1.9503,50554,5.75,RGB
Residu,R_3269.jpg,.jpg,200,200,1.0,40000,3.58,RGB
Residu,R_3270.jpg,.jpg,225,225,1.0,50625,1.62,RGB
Residu,R_3271.jpg,.jpg,225,225,1.0,50625,2.91,RGB
Residu,R_3272.jpg,.jpg,209,241,0.8672,50369,7.43,RGB
Residu,R_3273.jpg,.jpg,225,225,1.0,50625,2.48,RGB
Residu,R_3274.jpg,.jpg,225,225,1.0,50625,0.97,RGB
Residu,R_3275.jpg,.jpg,225,225,1.0,50625,1.25,RGB
Residu,R_3276.jpg,.jpg,225,225,1.0,50625,1.6,RGB
Residu,R_3277.jpg,.jpg,180,180,1.0,32400,3.51,RGB
Residu,R_3278.jpg,.jpg,225,225,1.0,50625,2.22,RGB
Residu,R_3279.jpg,.jpg,225,225,1.0,50625,2.49,RGB
Residu,R_3280.jpg,.jpg,225,225,1.0,50625,3.08,RGB
Residu,R_3281.jpg,.jpg,230,219,1.0502,50370,6.88,RGB
Residu,R_3282.jpg,.jpg,279,181,1.5414,50499,8.46,RGB
Residu,R_3283.jpg,.jpg,225,225,1.0,50625,2.83,RGB
Residu,R_3284.jpg,.jpg,194,259,0.749,50246,4.38,RGB
Residu,R_3285.jpg,.jpg,225,225,1.0,50625,2.26,RGB
Residu,R_3286.jpg,.jpg,180,180,1.0,32400,1.41,RGB
Residu,R_3287.jpg,.jpg,225,225,1.0,50625,1.11,RGB
Residu,R_3288.jpg,.jpg,240,210,1.1429,50400,2.19,RGB
Residu,R_3289.jpg,.jpg,194,260,0.7462,50440,4.18,RGB
Residu,R_3290.jpg,.jpg,200,200,1.0,40000,2.75,RGB
Residu,R_3291.jpg,.jpg,225,225,1.0,50625,2.6,RGB
Residu,R_3292.jpg,.jpg,225,225,1.0,50625,1.49,RGB
Residu,R_3293.jpg,.jpg,225,225,1.0,50625,1.67,RGB
Residu,R_3294.jpg,.jpg,225,224,1.0045,50400,5.07,RGB
Residu,R_3295.jpg,.jpg,270,187,1.4439,50490,2.83,RGB
Residu,R_3296.jpg,.jpg,254,198,1.2828,50292,7.92,RGB
Residu,R_3297.jpg,.jpg,225,225,1.0,50625,3.41,RGB
Residu,R_3298.jpg,.jpg,225,225,1.0,50625,2.56,RGB
Residu,R_3299.jpg,.jpg,225,225,1.0,50625,3.53,RGB
Residu,R_3300.jpg,.jpg,225,225,1.0,50625,2.38,RGB
Residu,R_3301.jpg,.jpg,310,162,1.9136,50220,3.32,RGB
Residu,R_3302.jpg,.jpg,224,224,1.0,50176,6.32,RGB
Residu,R_3303.jpg,.jpg,171,294,0.5816,50274,2.48,RGB
Residu,R_3304.jpg,.jpg,210,210,1.0,44100,7.21,RGB
Residu,R_3305.jpg,.jpg,206,245,0.8408,50470,1.77,RGB
Residu,R_3306.jpg,.jpg,200,200,1.0,40000,2.06,RGB
Residu,R_3307.jpg,.jpg,180,180,1.0,32400,1.77,RGB
Residu,R_3308.jpg,.jpg,293,172,1.7035,50396,5.91,RGB
Residu,R_3309.jpg,.jpg,300,168,1.7857,50400,8.78,RGB
Residu,R_3310.jpg,.jpg,254,199,1.2764,50546,1.44,RGB
Residu,R_3311.jpg,.jpg,225,225,1.0,50625,1.53,RGB
Residu,R_3312.jpg,.jpg,225,225,1.0,50625,5.09,RGB
Residu,R_3313.jpg,.jpg,225,225,1.0,50625,2.53,RGB
Residu,R_3314.jpg,.jpg,225,225,1.0,50625,3.88,RGB
Residu,R_3315.jpg,.jpg,225,225,1.0,50625,5.12,RGB
Residu,R_3316.jpg,.jpg,410,123,3.3333,50430,5.37,RGB
Residu,R_3317.jpg,.jpg,209,209,1.0,43681,2.67,RGB
Residu,R_3318.jpg,.jpg,225,225,1.0,50625,4.14,RGB
Residu,R_3319.jpg,.jpg,310,162,1.9136,50220,3.08,RGB
Residu,R_3320.jpg,.jpg,168,300,0.56,50400,4.12,RGB
Residu,R_3321.jpg,.jpg,225,225,1.0,50625,4.63,RGB
Residu,R_3322.jpg,.jpg,194,260,0.7462,50440,2.31,RGB
Residu,R_3323.jpg,.jpg,225,225,1.0,50625,5.33,RGB
Residu,R_3324.jpg,.jpg,200,150,1.3333,30000,1.33,RGB
Residu,R_3325.jpg,.jpg,225,225,1.0,50625,1.39,RGB
Residu,R_3326.jpg,.jpg,225,225,1.0,50625,3.17,RGB
Residu,R_3327.jpg,.jpg,251,201,1.2488,50451,6.26,RGB
Residu,R_3328.jpg,.jpg,337,149,2.2617,50213,5.6,RGB
Residu,R_3329.jpg,.jpg,225,225,1.0,50625,8.36,RGB
Residu,R_3330.jpg,.jpg,225,225,1.0,50625,2.23,RGB
Residu,R_3331.jpg,.jpg,225,225,1.0,50625,2.53,RGB
Residu,R_3332.jpg,.jpg,183,275,0.6655,50325,5.35,RGB
Residu,R_3333.jpg,.jpg,225,225,1.0,50625,1.47,RGB
Residu,R_3334.jpg,.jpg,203,248,0.8185,50344,3.53,RGB
Residu,R_3335.jpg,.jpg,209,241,0.8672,50369,6.27,RGB
Residu,R_3336.jpg,.jpg,271,186,1.457,50406,10.84,RGB
Residu,R_3337.jpg,.jpg,252,200,1.26,50400,4.05,RGB
Residu,R_3338.jpg,.jpg,233,213,1.0939,49629,2.65,RGB
Residu,R_3339.jpg,.jpg,300,168,1.7857,50400,6.74,RGB
Residu,R_3340.jpg,.jpg,238,212,1.1226,50456,3.56,RGB
Residu,R_3341.jpg,.jpg,254,199,1.2764,50546,1.57,RGB
Residu,R_3342.jpg,.jpg,225,225,1.0,50625,3.59,RGB
Residu,R_3343.jpg,.jpg,225,225,1.0,50625,5.69,RGB
Residu,R_3344.jpg,.jpg,180,180,1.0,32400,2.01,RGB
Residu,R_3345.jpg,.jpg,225,225,1.0,50625,2.47,RGB
Residu,R_3346.jpg,.jpg,180,257,0.7004,46260,3.89,RGB
Residu,R_3347.jpg,.jpg,216,233,0.927,50328,4.7,RGB
Residu,R_3348.jpg,.jpg,237,213,1.1127,50481,6.71,RGB
Residu,R_3349.jpg,.jpg,199,201,0.99,39999,2.63,RGB
Residu,R_3350.jpg,.jpg,225,225,1.0,50625,5.95,RGB
Residu,R_3351.jpg,.jpg,225,225,1.0,50625,4.5,RGB
Residu,R_3352.jpg,.jpg,240,210,1.1429,50400,6.51,RGB
Residu,R_3353.jpg,.jpg,223,226,0.9867,50398,2.99,RGB
Residu,R_3354.jpg,.jpg,194,259,0.749,50246,5.21,RGB
Residu,R_3355.jpg,.jpg,259,194,1.3351,50246,4.3,RGB
Residu,R_3356.jpg,.jpg,200,200,1.0,40000,3.05,RGB
Residu,R_3357.jpg,.jpg,225,225,1.0,50625,1.55,RGB
Residu,R_3358.jpg,.jpg,225,225,1.0,50625,3.13,RGB
Residu,R_3359.jpg,.jpg,225,225,1.0,50625,1.82,RGB
Residu,R_3360.jpg,.jpg,298,169,1.7633,50362,6.37,RGB
Residu,R_3361.jpg,.jpg,225,225,1.0,50625,2.41,RGB
Residu,R_3362.jpg,.jpg,372,135,2.7556,50220,7.2,RGB
Residu,R_3363.jpg,.jpg,225,225,1.0,50625,7.15,RGB
Residu,R_3364.jpg,.jpg,225,225,1.0,50625,5.5,RGB
Residu,R_3365.jpg,.jpg,225,225,1.0,50625,5.12,RGB
Residu,R_3366.jpg,.jpg,225,225,1.0,50625,1.96,RGB
Residu,R_3367.jpg,.jpg,225,225,1.0,50625,3.08,RGB
Residu,R_3368.jpg,.jpg,225,225,1.0,50625,4.71,RGB
Residu,R_3369.jpg,.jpg,225,225,1.0,50625,5.77,RGB
Residu,R_3370.jpg,.jpg,259,194,1.3351,50246,4.12,RGB
Residu,R_3371.jpg,.jpg,225,225,1.0,50625,3.47,RGB
Residu,R_3372.jpg,.jpg,224,224,1.0,50176,9.35,RGB
Residu,R_3373.jpg,.jpg,259,194,1.3351,50246,3.4,RGB
Residu,R_3374.jpg,.jpg,222,222,1.0,49284,5.04,RGB
Residu,R_3375.jpg,.jpg,188,268,0.7015,50384,6.98,RGB
Residu,R_3376.jpg,.jpg,259,194,1.3351,50246,3.04,RGB
Residu,R_3377.jpg,.jpg,225,225,1.0,50625,4.27,RGB
Residu,R_3378.jpg,.jpg,405,124,3.2661,50220,4.55,RGB
Residu,R_3379.jpg,.jpg,200,251,0.7968,50200,5.8,RGB
Residu,R_3380.jpg,.jpg,275,183,1.5027,50325,4.9,RGB
Residu,R_3381.jpg,.jpg,150,150,1.0,22500,1.22,RGB
Residu,R_3382.jpg,.jpg,276,183,1.5082,50508,2.67,RGB
Residu,R_3383.jpg,.jpg,259,194,1.3351,50246,4.2,RGB
Residu,R_3384.jpg,.jpg,225,225,1.0,50625,2.52,RGB
Residu,R_3385.jpg,.jpg,225,225,1.0,50625,7.87,RGB
Residu,R_3386.jpg,.jpg,310,162,1.9136,50220,2.64,RGB
Residu,R_3387.jpg,.jpg,275,183,1.5027,50325,8.65,RGB
Residu,R_3388.jpg,.jpg,229,220,1.0409,50380,7.44,RGB
Residu,R_3389.jpg,.jpg,219,230,0.9522,50370,6.85,RGB
Residu,R_3390.jpg,.jpg,180,257,0.7004,46260,4.17,RGB
Residu,R_3391.jpg,.jpg,225,225,1.0,50625,2.43,RGB
Residu,R_3392.jpg,.jpg,185,272,0.6801,50320,4.74,RGB
Residu,R_3393.jpg,.jpg,225,225,1.0,50625,3.44,RGB
Residu,R_3394.jpg,.jpg,297,170,1.7471,50490,7.96,RGB
Residu,R_3395.jpg,.jpg,252,200,1.26,50400,5.16,RGB
Residu,R_3396.jpg,.jpg,251,201,1.2488,50451,4.97,RGB
Residu,R_3397.jpg,.jpg,275,183,1.5027,50325,2.05,RGB
Residu,R_3398.jpg,.jpg,171,294,0.5816,50274,3.06,RGB
Residu,R_3399.jpg,.jpg,225,225,1.0,50625,2.59,RGB
Residu,R_3400.jpg,.jpg,200,140,1.4286,28000,1.15,RGB
Residu,R_3401.jpg,.jpg,299,168,1.7798,50232,3.2,RGB
Residu,R_3402.jpg,.jpg,259,194,1.3351,50246,3.79,RGB
Residu,R_3403.jpg,.jpg,225,225,1.0,50625,1.9,RGB
Residu,R_3404.jpg,.jpg,259,194,1.3351,50246,5.06,RGB
Residu,R_3405.jpg,.jpg,225,225,1.0,50625,1.94,RGB
Residu,R_3406.jpg,.jpg,225,225,1.0,50625,6.56,RGB
Residu,R_3407.jpg,.jpg,225,225,1.0,50625,2.7,RGB
Residu,R_3408.jpg,.jpg,206,245,0.8408,50470,3.5,RGB
Residu,R_3409.jpg,.jpg,225,225,1.0,50625,5.8,RGB
Residu,R_3410.jpg,.jpg,259,194,1.3351,50246,1.83,RGB
Residu,R_3411.jpg,.jpg,225,225,1.0,50625,7.44,RGB
Residu,R_3412.jpg,.jpg,194,260,0.7462,50440,2.05,RGB
Residu,R_3413.jpg,.jpg,225,225,1.0,50625,2.14,RGB
Residu,R_3414.jpg,.jpg,225,225,1.0,50625,11.07,RGB
Residu,R_3415.jpg,.jpg,192,262,0.7328,50304,3.3,RGB
Residu,R_3416.jpg,.jpg,210,210,1.0,44100,2.37,RGB
Residu,R_3417.jpg,.jpg,310,162,1.9136,50220,2.77,RGB
Residu,R_3418.jpg,.jpg,197,256,0.7695,50432,2.45,RGB
Residu,R_3419.jpg,.jpg,259,194,1.3351,50246,6.1,RGB
Residu,R_3420.jpg,.jpg,212,237,0.8945,50244,1.44,RGB
Residu,R_3421.jpg,.jpg,280,180,1.5556,50400,6.84,RGB
Residu,R_3422.jpg,.jpg,225,225,1.0,50625,4.09,RGB
Residu,R_3423.jpg,.jpg,225,225,1.0,50625,4.02,RGB
Residu,R_3424.jpg,.jpg,225,225,1.0,50625,3.84,RGB
Residu,R_3425.jpg,.jpg,225,225,1.0,50625,5.26,RGB
Residu,R_3426.jpg,.jpg,225,225,1.0,50625,3.02,RGB
Residu,R_3427.jpg,.jpg,93,208,0.4471,19344,4.14,RGB
Residu,R_3428.jpg,.jpg,224,224,1.0,50176,4.36,RGB
Residu,R_3429.jpg,.jpg,225,225,1.0,50625,1.68,RGB
Residu,R_3430.jpg,.jpg,226,223,1.0135,50398,3.54,RGB
Residu,R_3431.jpg,.jpg,225,225,1.0,50625,2.97,RGB
Residu,R_3432.jpg,.jpg,311,162,1.9198,50382,3.67,RGB
Residu,R_3433.jpg,.jpg,225,225,1.0,50625,1.89,RGB
Residu,R_3434.jpg,.jpg,195,258,0.7558,50310,2.5,RGB
Residu,R_3435.jpg,.jpg,225,225,1.0,50625,7.57,RGB
Residu,R_3436.jpg,.jpg,225,225,1.0,50625,4.08,RGB
Residu,R_3437.jpg,.jpg,251,201,1.2488,50451,6.14,RGB
Residu,R_3438.jpg,.jpg,200,200,1.0,40000,2.71,RGB
Residu,R_3439.jpg,.jpg,225,225,1.0,50625,5.55,RGB
Residu,R_3440.jpg,.jpg,225,225,1.0,50625,4.32,RGB
Residu,R_3441.jpg,.jpg,225,225,1.0,50625,1.41,RGB
Residu,R_3442.jpg,.jpg,225,225,1.0,50625,4.52,RGB
Residu,R_3443.jpg,.jpg,259,194,1.3351,50246,10.7,RGB
Residu,R_3444.jpg,.jpg,439,115,3.8174,50485,3.98,RGB
Residu,R_3445.jpg,.jpg,190,265,0.717,50350,4.97,RGB
Residu,R_3446.jpg,.jpg,233,213,1.0939,49629,3.63,RGB
Residu,R_3447.jpg,.jpg,198,255,0.7765,50490,6.22,RGB
Residu,R_3448.jpg,.jpg,192,262,0.7328,50304,7.32,RGB
Residu,R_3449.jpg,.jpg,225,225,1.0,50625,1.65,RGB
Residu,R_3450.jpg,.jpg,312,162,1.9259,50544,4.41,RGB
Residu,R_3451.jpg,.jpg,217,233,0.9313,50561,6.19,RGB
Residu,R_3452.jpg,.jpg,180,257,0.7004,46260,4.12,RGB
Residu,R_3453.jpg,.jpg,225,225,1.0,50625,8.38,RGB
Residu,R_3454.jpg,.jpg,156,156,1.0,24336,1.8,RGB
Residu,R_3455.jpg,.jpg,237,213,1.1127,50481,4.41,RGB
Residu,R_3456.jpg,.jpg,225,225,1.0,50625,4.0,RGB
Residu,R_3457.jpg,.jpg,225,225,1.0,50625,4.41,RGB
Residu,R_3458.jpg,.jpg,225,225,1.0,50625,3.78,RGB
Residu,R_3459.jpg,.jpg,287,175,1.64,50225,5.31,RGB
Residu,R_3460.jpg,.jpg,225,225,1.0,50625,2.82,RGB
Residu,R_3461.jpg,.jpg,210,210,1.0,44100,3.22,RGB
Residu,R_3462.jpg,.jpg,275,183,1.5027,50325,2.22,RGB
Residu,R_3463.jpg,.jpg,312,162,1.9259,50544,3.71,RGB
Residu,R_3464.jpg,.jpg,225,225,1.0,50625,5.26,RGB
Residu,R_3465.jpg,.jpg,225,225,1.0,50625,4.87,RGB
Residu,R_3466.jpg,.jpg,272,185,1.4703,50320,7.24,RGB
Residu,R_3467.jpg,.jpg,252,200,1.26,50400,5.63,RGB
Residu,R_3468.jpg,.jpg,225,225,1.0,50625,1.25,RGB
Residu,R_3469.jpg,.jpg,225,225,1.0,50625,10.24,RGB
Residu,R_3470.jpg,.jpg,225,225,1.0,50625,4.19,RGB
Residu,R_3471.jpg,.jpg,266,190,1.4,50540,4.45,RGB
Residu,R_3472.jpg,.jpg,260,180,1.4444,46800,1.68,RGB
Residu,R_3473.jpg,.jpg,225,225,1.0,50625,2.54,RGB
Residu,R_3474.jpg,.jpg,224,224,1.0,50176,3.5,RGB
Residu,R_3475.jpg,.jpg,225,225,1.0,50625,2.95,RGB
Residu,R_3476.jpg,.jpg,225,225,1.0,50625,3.22,RGB
Residu,R_3477.jpg,.jpg,225,225,1.0,50625,3.43,RGB
Residu,R_3478.jpg,.jpg,299,168,1.7798,50232,4.4,RGB
Residu,R_3479.jpg,.jpg,292,172,1.6977,50224,5.77,RGB
Residu,R_3480.jpg,.jpg,207,243,0.8519,50301,2.6,RGB
Residu,R_3481.jpg,.jpg,225,225,1.0,50625,2.75,RGB
Residu,R_3482.jpg,.jpg,224,224,1.0,50176,2.1,RGB
Residu,R_3483.jpg,.jpg,225,225,1.0,50625,1.33,RGB
Residu,R_3484.jpg,.jpg,225,225,1.0,50625,2.9,RGB
Residu,R_3485.jpg,.jpg,224,224,1.0,50176,4.04,RGB
Residu,R_3486.jpg,.jpg,171,294,0.5816,50274,2.23,RGB
Residu,R_3487.jpg,.jpg,192,192,1.0,36864,1.08,P
Residu,R_3488.jpg,.jpg,200,200,1.0,40000,2.1,RGB
Residu,R_3489.jpg,.jpg,225,225,1.0,50625,5.43,RGB
Residu,R_3490.jpg,.jpg,275,183,1.5027,50325,3.77,RGB
Residu,R_3491.jpg,.jpg,225,225,1.0,50625,4.27,RGB
Residu,R_3492.jpg,.jpg,200,200,1.0,40000,4.66,RGB
Residu,R_3493.jpg,.jpg,208,242,0.8595,50336,3.33,RGB
Residu,R_3494.jpg,.jpg,228,221,1.0317,50388,6.2,RGB
Residu,R_3495.jpg,.jpg,225,225,1.0,50625,4.24,RGB
Residu,R_3496.jpg,.jpg,225,225,1.0,50625,2.61,RGB
Residu,R_3497.jpg,.jpg,180,257,0.7004,46260,3.69,RGB
Residu,R_3498.jpg,.jpg,225,225,1.0,50625,4.8,RGB
Residu,R_3499.jpg,.jpg,225,225,1.0,50625,2.35,RGB
Residu,R_3500.jpg,.jpg,225,225,1.0,50625,3.14,RGB
Residu,R_3501.jpg,.jpg,252,200,1.26,50400,4.52,RGB
Residu,R_3502.jpg,.jpg,236,188,1.2553,44368,6.29,RGB
Residu,R_3503.jpg,.jpg,248,203,1.2217,50344,5.64,RGB
Residu,R_3504.jpg,.jpg,225,225,1.0,50625,2.38,RGB
Residu,R_3505.jpg,.jpg,224,224,1.0,50176,1.59,RGB
Residu,R_3506.jpg,.jpg,225,225,1.0,50625,4.97,RGB
Residu,R_3507.jpg,.jpg,194,259,0.749,50246,2.36,RGB
Residu,R_3508.jpg,.jpg,223,226,0.9867,50398,2.49,RGB
Residu,R_3509.jpg,.jpg,237,213,1.1127,50481,4.49,RGB
Residu,R_3510.jpg,.jpg,300,168,1.7857,50400,3.27,RGB
Residu,R_3511.jpg,.jpg,248,203,1.2217,50344,3.84,RGB
Residu,R_3512.jpg,.jpg,225,225,1.0,50625,4.24,RGB
Residu,R_3513.jpg,.jpg,275,183,1.5027,50325,5.19,RGB
Residu,R_3514.jpg,.jpg,225,225,1.0,50625,3.02,RGB
Residu,R_3515.jpg,.jpg,228,221,1.0317,50388,6.71,RGB
Residu,R_3516.jpg,.jpg,233,213,1.0939,49629,4.35,RGB
Residu,R_3517.jpg,.jpg,245,206,1.1893,50470,4.2,RGB
Residu,R_3518.jpg,.jpg,225,225,1.0,50625,8.44,RGB
Residu,R_3519.jpg,.jpg,225,225,1.0,50625,21.24,RGB
Residu,R_3520.jpg,.jpg,225,225,1.0,50625,3.15,RGB
Residu,R_3521.jpg,.jpg,225,225,1.0,50625,2.88,RGB
Residu,R_3522.jpg,.jpg,266,189,1.4074,50274,5.87,RGB
Residu,R_3523.jpg,.jpg,275,183,1.5027,50325,2.45,RGB
Residu,R_3524.jpg,.jpg,225,225,1.0,50625,4.26,RGB
Residu,R_3525.jpg,.jpg,194,259,0.749,50246,3.76,RGB
Residu,R_3526.jpg,.jpg,234,215,1.0884,50310,6.18,RGB
Residu,R_3527.jpg,.jpg,261,193,1.3523,50373,1.58,RGB
Residu,R_3528.jpg,.jpg,242,208,1.1635,50336,2.43,RGB
Residu,R_3529.jpg,.jpg,225,225,1.0,50625,4.55,RGB
Residu,R_3530.jpg,.jpg,190,266,0.7143,50540,3.97,RGB
Residu,R_3531.jpg,.jpg,225,225,1.0,50625,5.83,RGB
Residu,R_3532.jpg,.jpg,174,290,0.6,50460,5.32,RGB
Residu,R_3533.jpg,.jpg,287,176,1.6307,50512,12.52,RGB
Residu,R_3534.jpg,.jpg,171,294,0.5816,50274,4.24,RGB
Residu,R_3535.jpg,.jpg,362,139,2.6043,50318,6.52,RGB
Residu,R_3536.jpg,.jpg,355,142,2.5,50410,7.27,RGB
Residu,R_3537.jpg,.jpg,225,224,1.0045,50400,8.19,RGB
Residu,R_3538.jpg,.jpg,252,200,1.26,50400,6.57,RGB
Residu,R_3539.jpg,.jpg,225,225,1.0,50625,6.39,RGB
Residu,R_3540.jpg,.jpg,194,259,0.749,50246,2.07,RGB
Residu,R_3541.jpg,.jpg,225,225,1.0,50625,4.48,RGB
Residu,R_3542.jpg,.jpg,225,225,1.0,50625,2.41,RGB
Residu,R_3543.jpg,.jpg,237,213,1.1127,50481,4.78,RGB
Residu,R_3544.jpg,.jpg,275,183,1.5027,50325,7.11,RGB
Residu,R_3545.jpg,.jpg,284,177,1.6045,50268,5.69,RGB
Residu,R_3546.jpg,.jpg,200,200,1.0,40000,3.96,RGB
Residu,R_3547.jpg,.jpg,225,225,1.0,50625,4.35,RGB
Residu,R_3548.jpg,.jpg,236,188,1.2553,44368,6.05,RGB
Residu,R_3549.jpg,.jpg,225,225,1.0,50625,3.98,RGB
Residu,R_3550.jpg,.jpg,178,284,0.6268,50552,5.81,RGB
Residu,R_3551.jpg,.jpg,210,158,1.3291,33180,2.57,RGB
Residu,R_3552.jpg,.jpg,225,225,1.0,50625,4.62,RGB
Residu,R_3553.jpg,.jpg,252,200,1.26,50400,8.77,RGB
Residu,R_3554.jpg,.jpg,225,225,1.0,50625,2.69,RGB
Residu,R_3555.jpg,.jpg,225,225,1.0,50625,5.25,RGB
Residu,R_3556.jpg,.jpg,194,259,0.749,50246,4.76,RGB
Residu,R_3557.jpg,.jpg,225,225,1.0,50625,4.66,RGB
Residu,R_3558.jpg,.jpg,225,225,1.0,50625,1.72,RGB
Residu,R_3559.jpg,.jpg,275,183,1.5027,50325,8.98,RGB
Residu,R_3560.jpg,.jpg,200,200,1.0,40000,2.42,RGB
Residu,R_3561.jpg,.jpg,252,200,1.26,50400,7.44,RGB
Residu,R_3562.jpg,.jpg,183,275,0.6655,50325,4.23,RGB
Residu,R_3563.jpg,.jpg,225,225,1.0,50625,3.37,RGB
Residu,R_3564.jpg,.jpg,225,225,1.0,50625,3.47,RGB
Residu,R_3565.jpg,.jpg,225,225,1.0,50625,4.58,RGB
Residu,R_3566.jpg,.jpg,252,200,1.26,50400,5.13,RGB
Residu,R_3567.jpg,.jpg,225,225,1.0,50625,3.64,RGB
Residu,R_3568.jpg,.jpg,236,188,1.2553,44368,6.04,RGB
Residu,R_3569.jpg,.jpg,239,211,1.1327,50429,8.5,RGB
Residu,R_3570.jpg,.jpg,225,224,1.0045,50400,8.26,RGB
Residu,R_3571.jpg,.jpg,225,225,1.0,50625,3.3,RGB
Residu,R_3572.jpg,.jpg,220,229,0.9607,50380,5.55,RGB
Residu,R_3573.jpg,.jpg,252,200,1.26,50400,6.3,RGB
Residu,R_3574.jpg,.jpg,281,179,1.5698,50299,7.41,RGB
Residu,R_3575.jpg,.jpg,236,188,1.2553,44368,6.38,RGB
Residu,R_3576.jpg,.jpg,342,147,2.3265,50274,7.31,RGB
Residu,R_3577.jpg,.jpg,258,195,1.3231,50310,6.24,RGB
Residu,R_3578.jpg,.jpg,252,200,1.26,50400,8.34,RGB
Residu,Sampah-Popok-1.jpg,.jpg,1032,581,1.7762,599592,169.98,RGB
Residu,Sampah-Popok-2.jpg,.jpg,1032,581,1.7762,599592,147.94,RGB
Residu,sampah-popok-bayi-sekali-pakai-cemari-sungai-brantas-foto-riana-setiawanjawa-pos.jpg,.jpg,570,380,1.5,216600,39.27,RGB
Residu,Sampah-Popok-yang-berhasil-dikumpul-oleh-tim-Ecoton.jpg,.jpg,1024,768,1.3333,786432,249.21,RGB
Residu,sampah-popok-yang-telah-dibersihkan-dan-hasil-kerajinan.jpg,.jpg,700,393,1.7812,275100,53.36,RGB
Residu,sampah-sungai-sekayu_20151019_145140.jpg,.jpg,700,393,1.7812,275100,56.69,RGB
Residu,sampah_popok.jpg,.jpg,790,444,1.7793,350760,160.37,RGB
Residu,sampah_popok_mojokerto.jpg,.jpg,594,360,1.65,213840,137.37,RGB
Residu,seni-IMG20180726103514-scaled.jpg,.jpg,2560,1514,1.6909,3875840,616.37,RGB
Residu,seni-IMG20200307164535-scaled.jpg,.jpg,2560,1440,1.7778,3686400,312.45,RGB
Residu,seni-IMG20200307165813-1200x800.jpg,.jpg,1200,800,1.5,960000,113.79,RGB
Residu,Share-materi-kulwap-diapers.pptx.jpg,.jpg,960,540,1.7778,518400,60.59,RGB
Residu,siswa_smp_ubah_limbah_popok_bekas_menjadi_pupuk_unpi_0f5.jpg,.jpg,600,350,1.7143,210000,60.28,RGB
Residu,skata-1598493640.jpg,.jpg,765,430,1.7791,328950,41.58,RGB
Residu,Softex.jpg,.jpg,620,429,1.4452,265980,59.49,RGB
Residu,softex_sampah1.jpg,.jpg,800,500,1.6,400000,109.17,RGB
Residu,STYROFOAM (1).jpg,.jpg,900,600,1.5,540000,70.48,RGB
Residu,STYROFOAM (11).jpg,.jpg,474,596,0.7953,282504,18.01,RGB
Residu,STYROFOAM (12).jpg,.jpg,474,474,1.0,224676,23.37,RGB
Residu,STYROFOAM (13).jpg,.jpg,474,474,1.0,224676,20.33,RGB
Residu,STYROFOAM (14).jpg,.jpg,474,474,1.0,224676,19.8,RGB
Residu,STYROFOAM (15).jpg,.jpg,474,474,1.0,224676,22.01,RGB
Residu,STYROFOAM (16).jpg,.jpg,474,474,1.0,224676,3.91,RGB
Residu,STYROFOAM (17).jpg,.jpg,474,474,1.0,224676,4.17,RGB
Residu,STYROFOAM (18).jpg,.jpg,474,249,1.9036,118026,6.47,L
Residu,STYROFOAM (19).jpg,.jpg,474,474,1.0,224676,24.17,RGB
Residu,STYROFOAM (2).jpg,.jpg,300,300,1.0,90000,41.98,RGB
Residu,STYROFOAM (20).jpg,.jpg,474,474,1.0,224676,13.06,RGB
Residu,STYROFOAM (21).jpg,.jpg,474,713,0.6648,337962,38.82,RGB
Residu,STYROFOAM (22).jpg,.jpg,407,612,0.665,249084,9.19,RGB
Residu,STYROFOAM (23).jpg,.jpg,474,474,1.0,224676,28.24,RGB
Residu,STYROFOAM (24).jpg,.jpg,474,474,1.0,224676,25.28,RGB
Residu,STYROFOAM (25).jpg,.jpg,474,470,1.0085,222780,15.95,RGB
Residu,STYROFOAM (26).jpg,.jpg,474,474,1.0,224676,15.47,RGB
Residu,STYROFOAM (27).jpg,.jpg,474,686,0.691,325164,12.9,RGB
Residu,STYROFOAM (28).jpg,.jpg,474,474,1.0,224676,9.26,RGB
Residu,STYROFOAM (29).jpg,.jpg,474,474,1.0,224676,53.1,RGB
Residu,STYROFOAM (5).jpg,.jpg,800,800,1.0,640000,94.23,RGB
Residu,TERBARU_BK096_TEMPAT_KANTONG_SAMPAH___POPOK_BEKAS___BABY_DIA.jpg,.jpg,452,600,0.7533,271200,76.32,RGB
Residu,tips-memilih-pembalut-yang-aman-dan-cara-pemakaiannya-alodokter.jpg,.jpg,650,433,1.5012,281450,39.74,RGB
Residu,tumpukan_popok_di_jembatan_dinoyon-mojokerto-karin.jpg,.jpg,1280,841,1.522,1076480,262.95,RGB
Residu,waspadai-peredaran-pembalut-berbahaya-rugikan-konsumen-wanita.jpg,.jpg,540,270,2.0,145800,40.75,RGB
Residu,Yunita-2.jpg,.jpg,780,780,1.0,608400,98.85,RGB
Residu,_221110100921_missy-2_ori.jpg,.jpg,1200,1501,0.7995,1801200,1727.5,RGB
Organik,biological1.jpg,.jpg,236,214,1.1028,50504,7.92,RGB
Organik,biological10.jpg,.jpg,337,150,2.2467,50550,7.32,RGB
Organik,biological100.jpg,.jpg,263,192,1.3698,50496,5.66,RGB
Organik,biological101.jpg,.jpg,275,183,1.5027,50325,7.03,RGB
Organik,biological102.jpg,.jpg,277,182,1.522,50414,8.39,RGB
Organik,biological103.jpg,.jpg,275,183,1.5027,50325,5.33,RGB
Organik,biological104.jpg,.jpg,275,183,1.5027,50325,9.8,RGB
Organik,biological105.jpg,.jpg,276,183,1.5082,50508,6.46,RGB
Organik,biological106.jpg,.jpg,268,188,1.4255,50384,6.22,RGB
Organik,biological107.jpg,.jpg,250,202,1.2376,50500,7.57,RGB
Organik,biological108.jpg,.jpg,275,183,1.5027,50325,5.15,RGB
Organik,biological109.jpg,.jpg,194,259,0.749,50246,5.95,RGB
Organik,biological11.jpg,.jpg,275,183,1.5027,50325,5.0,RGB
Organik,biological110.jpg,.jpg,262,192,1.3646,50304,6.72,RGB
Organik,biological111.jpg,.jpg,194,259,0.749,50246,5.13,RGB
Organik,biological112.jpg,.jpg,310,162,1.9136,50220,10.72,RGB
Organik,biological113.jpg,.jpg,288,175,1.6457,50400,8.65,RGB
Organik,biological114.jpg,.jpg,259,194,1.3351,50246,9.02,RGB
Organik,biological115.jpg,.jpg,225,225,1.0,50625,10.59,RGB
Organik,biological116.jpg,.jpg,194,259,0.749,50246,11.15,RGB
Organik,biological117.jpg,.jpg,264,191,1.3822,50424,9.2,RGB
Organik,biological118.jpg,.jpg,275,183,1.5027,50325,5.56,RGB
Organik,biological119.jpg,.jpg,266,189,1.4074,50274,10.56,RGB
Organik,biological12.jpg,.jpg,270,187,1.4439,50490,4.4,RGB
Organik,biological120.jpg,.jpg,289,174,1.6609,50286,7.89,RGB
Organik,biological121.jpg,.jpg,265,190,1.3947,50350,7.91,RGB
Organik,biological122.jpg,.jpg,300,168,1.7857,50400,6.62,RGB
Organik,biological123.jpg,.jpg,267,189,1.4127,50463,13.43,RGB
Organik,biological124.jpg,.jpg,262,193,1.3575,50566,9.53,RGB
Organik,biological125.jpg,.jpg,318,159,2.0,50562,9.06,RGB
Organik,biological126.jpg,.jpg,218,232,0.9397,50576,8.75,RGB
Organik,biological127.jpg,.jpg,263,192,1.3698,50496,5.33,RGB
Organik,biological128.jpg,.jpg,259,194,1.3351,50246,11.23,RGB
Organik,biological129.jpg,.jpg,266,189,1.4074,50274,10.48,RGB
Organik,biological13.jpg,.jpg,300,168,1.7857,50400,8.54,RGB
Organik,biological130.jpg,.jpg,276,183,1.5082,50508,4.3,RGB
Organik,biological131.jpg,.jpg,318,159,2.0,50562,3.51,RGB
Organik,biological132.jpg,.jpg,275,183,1.5027,50325,7.78,RGB
Organik,biological133.jpg,.jpg,265,190,1.3947,50350,8.25,RGB
Organik,biological134.jpg,.jpg,275,183,1.5027,50325,4.77,RGB
Organik,biological135.jpg,.jpg,301,168,1.7917,50568,11.63,RGB
Organik,biological136.jpg,.jpg,183,275,0.6655,50325,6.23,RGB
Organik,biological137.jpg,.jpg,259,194,1.3351,50246,11.66,RGB
Organik,biological138.jpg,.jpg,183,275,0.6655,50325,6.92,RGB
Organik,biological139.jpg,.jpg,318,159,2.0,50562,7.74,RGB
Organik,biological14.jpg,.jpg,275,183,1.5027,50325,7.8,RGB
Organik,biological140.jpg,.jpg,338,149,2.2685,50362,8.19,RGB
Organik,biological141.jpg,.jpg,275,183,1.5027,50325,4.39,RGB
Organik,biological142.jpg,.jpg,276,182,1.5165,50232,11.16,RGB
Organik,biological143.jpg,.jpg,300,168,1.7857,50400,9.83,RGB
Organik,biological144.jpg,.jpg,274,184,1.4891,50416,5.24,RGB
Organik,biological145.jpg,.jpg,274,184,1.4891,50416,7.12,RGB
Organik,biological146.jpg,.jpg,281,179,1.5698,50299,8.94,RGB
Organik,biological147.jpg,.jpg,259,194,1.3351,50246,4.66,RGB
Organik,biological148.jpg,.jpg,275,183,1.5027,50325,8.06,RGB
Organik,biological149.jpg,.jpg,299,169,1.7692,50531,8.27,RGB
Organik,biological15.jpg,.jpg,228,221,1.0317,50388,7.13,RGB
Organik,biological150.jpg,.jpg,275,183,1.5027,50325,3.28,RGB
Organik,biological151.jpg,.jpg,268,188,1.4255,50384,9.59,RGB
Organik,biological152.jpg,.jpg,275,183,1.5027,50325,11.32,RGB
Organik,biological153.jpg,.jpg,285,177,1.6102,50445,10.3,RGB
Organik,biological154.jpg,.jpg,289,174,1.6609,50286,13.9,RGB
Organik,biological155.jpg,.jpg,280,180,1.5556,50400,6.3,RGB
Organik,biological156.jpg,.jpg,292,172,1.6977,50224,4.42,RGB
Organik,biological157.jpg,.jpg,259,194,1.3351,50246,13.35,RGB
Organik,biological158.jpg,.jpg,259,194,1.3351,50246,13.64,RGB
Organik,biological159.jpg,.jpg,277,182,1.522,50414,6.16,RGB
Organik,biological16.jpg,.jpg,260,194,1.3402,50440,5.8,RGB
Organik,biological160.jpg,.jpg,288,175,1.6457,50400,8.81,RGB
Organik,biological161.jpg,.jpg,275,183,1.5027,50325,11.38,RGB
Organik,biological162.jpg,.jpg,278,181,1.5359,50318,12.35,RGB
Organik,biological163.jpg,.jpg,300,168,1.7857,50400,6.34,RGB
Organik,biological164.jpg,.jpg,259,194,1.3351,50246,7.48,RGB
Organik,biological165.jpg,.jpg,259,194,1.3351,50246,7.31,RGB
Organik,biological166.jpg,.jpg,275,183,1.5027,50325,14.11,RGB
Organik,biological167.jpg,.jpg,271,186,1.457,50406,12.07,RGB
Organik,biological168.jpg,.jpg,268,188,1.4255,50384,7.91,RGB
Organik,biological169.jpg,.jpg,169,299,0.5652,50531,8.23,RGB
Organik,biological17.jpg,.jpg,246,205,1.2,50430,7.45,RGB
Organik,biological170.jpg,.jpg,275,183,1.5027,50325,4.71,RGB
Organik,biological171.jpg,.jpg,259,194,1.3351,50246,8.36,RGB
Organik,biological172.jpg,.jpg,221,228,0.9693,50388,10.72,RGB
Organik,biological173.jpg,.jpg,259,194,1.3351,50246,10.41,RGB
Organik,biological174.jpg,.jpg,285,177,1.6102,50445,4.17,RGB
Organik,biological175.jpg,.jpg,262,193,1.3575,50566,6.92,RGB
Organik,biological176.jpg,.jpg,238,212,1.1226,50456,5.91,RGB
Organik,biological177.jpg,.jpg,275,183,1.5027,50325,8.39,RGB
Organik,biological178.jpg,.jpg,302,167,1.8084,50434,4.81,RGB
Organik,biological179.jpg,.jpg,259,194,1.3351,50246,7.41,RGB
Organik,biological18.jpg,.jpg,252,200,1.26,50400,5.28,RGB
Organik,biological180.jpg,.jpg,168,299,0.5619,50232,10.25,RGB
Organik,biological181.jpg,.jpg,279,181,1.5414,50499,6.12,RGB
Organik,biological182.jpg,.jpg,264,191,1.3822,50424,13.18,RGB
Organik,biological183.jpg,.jpg,259,194,1.3351,50246,4.6,RGB
Organik,biological184.jpg,.jpg,200,252,0.7937,50400,8.03,RGB
Organik,biological185.jpg,.jpg,299,168,1.7798,50232,6.55,RGB
Organik,biological186.jpg,.jpg,274,184,1.4891,50416,4.74,RGB
Organik,biological187.jpg,.jpg,232,217,1.0691,50344,7.19,RGB
Organik,biological188.jpg,.jpg,156,324,0.4815,50544,6.4,RGB
Organik,biological189.jpg,.jpg,275,183,1.5027,50325,6.89,RGB
Organik,biological19.jpg,.jpg,194,260,0.7462,50440,8.47,RGB
Organik,biological190.jpg,.jpg,251,200,1.255,50200,7.5,RGB
Organik,biological191.jpg,.jpg,275,183,1.5027,50325,7.96,RGB
Organik,biological192.jpg,.jpg,275,183,1.5027,50325,4.62,RGB
Organik,biological193.jpg,.jpg,225,225,1.0,50625,6.71,RGB
Organik,biological194.jpg,.jpg,282,179,1.5754,50478,11.03,RGB
Organik,biological195.jpg,.jpg,290,174,1.6667,50460,6.18,RGB
Organik,biological196.jpg,.jpg,303,166,1.8253,50298,14.25,RGB
Organik,biological197.jpg,.jpg,285,177,1.6102,50445,11.15,RGB
Organik,biological198.jpg,.jpg,275,183,1.5027,50325,6.89,RGB
Organik,biological199.jpg,.jpg,203,248,0.8185,50344,5.72,RGB
Organik,biological2.jpg,.jpg,188,268,0.7015,50384,6.97,RGB
Organik,biological20.jpg,.jpg,275,183,1.5027,50325,5.11,RGB
Organik,biological200.jpg,.jpg,288,175,1.6457,50400,10.76,RGB
Organik,biological201.jpg,.jpg,259,195,1.3282,50505,8.8,RGB
Organik,biological202.jpg,.jpg,285,177,1.6102,50445,4.62,RGB
Organik,biological203.jpg,.jpg,269,187,1.4385,50303,7.74,RGB
Organik,biological204.jpg,.jpg,299,168,1.7798,50232,7.19,RGB
Organik,biological205.jpg,.jpg,225,225,1.0,50625,6.78,RGB
Organik,biological206.jpg,.jpg,276,182,1.5165,50232,6.59,RGB
Organik,biological207.jpg,.jpg,269,187,1.4385,50303,7.44,RGB
Organik,biological208.jpg,.jpg,279,181,1.5414,50499,5.18,RGB
Organik,biological209.jpg,.jpg,246,205,1.2,50430,7.96,RGB
Organik,biological21.jpg,.jpg,259,194,1.3351,50246,4.09,RGB
Organik,biological210.jpg,.jpg,270,187,1.4439,50490,11.78,RGB
Organik,biological211.jpg,.jpg,194,259,0.749,50246,6.74,RGB
Organik,biological212.jpg,.jpg,300,168,1.7857,50400,8.15,RGB
Organik,biological213.jpg,.jpg,283,178,1.5899,50374,10.61,RGB
Organik,biological214.jpg,.jpg,194,259,0.749,50246,12.48,RGB
Organik,biological215.jpg,.jpg,275,183,1.5027,50325,8.51,RGB
Organik,biological216.jpg,.jpg,294,171,1.7193,50274,5.31,RGB
Organik,biological217.jpg,.jpg,251,201,1.2488,50451,6.18,RGB
Organik,biological218.jpg,.jpg,248,204,1.2157,50592,7.62,RGB
Organik,biological219.jpg,.jpg,279,181,1.5414,50499,9.04,RGB
Organik,biological22.jpg,.jpg,284,177,1.6045,50268,8.49,RGB
Organik,biological220.jpg,.jpg,259,194,1.3351,50246,8.35,RGB
Organik,biological221.jpg,.jpg,297,169,1.7574,50193,7.52,RGB
Organik,biological222.jpg,.jpg,225,225,1.0,50625,5.42,RGB
Organik,biological223.jpg,.jpg,263,191,1.377,50233,5.35,RGB
Organik,biological224.jpg,.jpg,275,183,1.5027,50325,4.75,RGB
Organik,biological225.jpg,.jpg,197,256,0.7695,50432,5.43,RGB
Organik,biological226.jpg,.jpg,169,298,0.5671,50362,4.36,RGB
Organik,biological227.jpg,.jpg,280,180,1.5556,50400,9.37,RGB
Organik,biological228.jpg,.jpg,225,225,1.0,50625,4.78,RGB
Organik,biological229.jpg,.jpg,291,173,1.6821,50343,7.52,RGB
Organik,biological23.jpg,.jpg,259,194,1.3351,50246,12.0,RGB
Organik,biological230.jpg,.jpg,268,188,1.4255,50384,6.22,RGB
Organik,biological231.jpg,.jpg,289,174,1.6609,50286,6.51,RGB
Organik,biological232.jpg,.jpg,285,177,1.6102,50445,23.91,RGB
Organik,biological233.jpg,.jpg,259,194,1.3351,50246,5.07,RGB
Organik,biological234.jpg,.jpg,300,168,1.7857,50400,8.52,RGB
Organik,biological235.jpg,.jpg,194,259,0.749,50246,6.26,RGB
Organik,biological236.jpg,.jpg,283,178,1.5899,50374,7.43,RGB
Organik,biological237.jpg,.jpg,264,191,1.3822,50424,5.85,RGB
Organik,biological238.jpg,.jpg,294,171,1.7193,50274,7.29,RGB
Organik,biological239.jpg,.jpg,194,259,0.749,50246,8.55,RGB
Organik,biological24.jpg,.jpg,275,183,1.5027,50325,4.79,RGB
Organik,biological240.jpg,.jpg,244,206,1.1845,50264,6.58,RGB
Organik,biological241.jpg,.jpg,259,195,1.3282,50505,11.55,RGB
Organik,biological242.jpg,.jpg,318,159,2.0,50562,5.11,RGB
Organik,biological243.jpg,.jpg,259,194,1.3351,50246,7.83,RGB
Organik,biological244.jpg,.jpg,259,194,1.3351,50246,4.98,RGB
Organik,biological245.jpg,.jpg,286,176,1.625,50336,5.02,RGB
Organik,biological246.jpg,.jpg,255,198,1.2879,50490,8.24,RGB
Organik,biological247.jpg,.jpg,261,193,1.3523,50373,10.94,RGB
Organik,biological248.jpg,.jpg,275,183,1.5027,50325,10.66,RGB
Organik,biological249.jpg,.jpg,284,177,1.6045,50268,10.6,RGB
Organik,biological25.jpg,.jpg,194,259,0.749,50246,20.53,RGB
Organik,biological250.jpg,.jpg,204,247,0.8259,50388,8.08,RGB
Organik,biological251.jpg,.jpg,318,159,2.0,50562,7.29,RGB
Organik,biological252.jpg,.jpg,239,211,1.1327,50429,9.28,RGB
Organik,biological253.jpg,.jpg,312,161,1.9379,50232,11.79,RGB
Organik,biological254.jpg,.jpg,194,259,0.749,50246,12.63,RGB
Organik,biological255.jpg,.jpg,311,162,1.9198,50382,7.91,RGB
Organik,biological256.jpg,.jpg,276,183,1.5082,50508,7.39,RGB
Organik,biological257.jpg,.jpg,276,183,1.5082,50508,6.14,RGB
Organik,biological258.jpg,.jpg,275,183,1.5027,50325,9.35,RGB
Organik,biological259.jpg,.jpg,168,300,0.56,50400,6.44,RGB
Organik,biological26.jpg,.jpg,202,249,0.8112,50298,18.0,RGB
Organik,biological260.jpg,.jpg,240,210,1.1429,50400,7.36,RGB
Organik,biological261.jpg,.jpg,259,194,1.3351,50246,7.05,RGB
Organik,biological262.jpg,.jpg,259,194,1.3351,50246,3.3,RGB
Organik,biological263.jpg,.jpg,276,183,1.5082,50508,6.05,RGB
Organik,biological264.jpg,.jpg,279,181,1.5414,50499,9.0,RGB
Organik,biological265.jpg,.jpg,275,183,1.5027,50325,7.39,RGB
Organik,biological266.jpg,.jpg,279,181,1.5414,50499,10.79,RGB
Organik,biological267.jpg,.jpg,300,168,1.7857,50400,13.18,RGB
Organik,biological268.jpg,.jpg,259,195,1.3282,50505,8.93,RGB
Organik,biological269.jpg,.jpg,389,129,3.0155,50181,7.3,RGB
Organik,biological27.jpg,.jpg,259,194,1.3351,50246,6.66,RGB
Organik,biological270.jpg,.jpg,275,183,1.5027,50325,5.5,RGB
Organik,biological271.jpg,.jpg,302,167,1.8084,50434,7.69,RGB
Organik,biological272.jpg,.jpg,260,194,1.3402,50440,8.23,RGB
Organik,biological273.jpg,.jpg,299,168,1.7798,50232,4.3,RGB
Organik,biological274.jpg,.jpg,285,177,1.6102,50445,6.58,RGB
Organik,biological275.jpg,.jpg,273,185,1.4757,50505,4.23,RGB
Organik,biological276.jpg,.jpg,224,224,1.0,50176,5.6,RGB
Organik,biological277.jpg,.jpg,275,183,1.5027,50325,9.49,RGB
Organik,biological278.jpg,.jpg,185,272,0.6801,50320,5.54,RGB
Organik,biological279.jpg,.jpg,275,183,1.5027,50325,7.18,RGB
Organik,biological28.jpg,.jpg,317,159,1.9937,50403,6.11,RGB
Organik,biological280.jpg,.jpg,265,190,1.3947,50350,6.72,RGB
Organik,biological281.jpg,.jpg,322,157,2.051,50554,4.91,RGB
Organik,biological282.jpg,.jpg,225,225,1.0,50625,8.25,RGB
Organik,biological283.jpg,.jpg,251,201,1.2488,50451,7.0,RGB
Organik,biological284.jpg,.jpg,255,197,1.2944,50235,12.67,RGB
Organik,biological285.jpg,.jpg,251,201,1.2488,50451,6.41,RGB
Organik,biological286.jpg,.jpg,275,183,1.5027,50325,6.39,RGB
Organik,biological287.jpg,.jpg,259,194,1.3351,50246,4.51,RGB
Organik,biological288.jpg,.jpg,259,194,1.3351,50246,8.14,RGB
Organik,biological289.jpg,.jpg,271,186,1.457,50406,4.84,RGB
Organik,biological29.jpg,.jpg,300,168,1.7857,50400,14.07,RGB
Organik,biological290.jpg,.jpg,194,259,0.749,50246,7.92,RGB
Organik,biological291.jpg,.jpg,244,206,1.1845,50264,11.44,RGB
Organik,biological292.jpg,.jpg,259,194,1.3351,50246,5.03,RGB
Organik,biological293.jpg,.jpg,225,225,1.0,50625,5.26,RGB
Organik,biological294.jpg,.jpg,259,194,1.3351,50246,15.02,RGB
Organik,biological295.jpg,.jpg,262,192,1.3646,50304,7.82,RGB
Organik,biological296.jpg,.jpg,265,190,1.3947,50350,7.24,RGB
Organik,biological297.jpg,.jpg,266,189,1.4074,50274,6.2,RGB
Organik,biological298.jpg,.jpg,280,180,1.5556,50400,7.05,RGB
Organik,biological299.jpg,.jpg,216,233,0.927,50328,11.35,RGB
Organik,biological3.jpg,.jpg,362,139,2.6043,50318,6.68,RGB
Organik,biological30.jpg,.jpg,183,275,0.6655,50325,7.43,RGB
Organik,biological300.jpg,.jpg,275,183,1.5027,50325,7.09,RGB
Organik,biological301.jpg,.jpg,249,202,1.2327,50298,3.55,RGB
Organik,biological302.jpg,.jpg,259,194,1.3351,50246,15.53,RGB
Organik,biological303.jpg,.jpg,183,275,0.6655,50325,5.02,RGB
Organik,biological304.jpg,.jpg,251,201,1.2488,50451,8.35,RGB
Organik,biological305.jpg,.jpg,275,183,1.5027,50325,7.59,RGB
Organik,biological306.jpg,.jpg,225,225,1.0,50625,7.32,RGB
Organik,biological307.jpg,.jpg,262,192,1.3646,50304,7.3,RGB
Organik,biological308.jpg,.jpg,275,183,1.5027,50325,6.73,RGB
Organik,biological309.jpg,.jpg,251,201,1.2488,50451,7.67,RGB
Organik,biological31.jpg,.jpg,259,194,1.3351,50246,9.7,RGB
Organik,biological310.jpg,.jpg,275,183,1.5027,50325,4.09,RGB
Organik,biological311.jpg,.jpg,300,168,1.7857,50400,7.12,RGB
Organik,biological312.jpg,.jpg,248,203,1.2217,50344,11.82,RGB
Organik,biological313.jpg,.jpg,277,182,1.522,50414,13.64,RGB
Organik,biological314.jpg,.jpg,268,188,1.4255,50384,9.88,RGB
Organik,biological315.jpg,.jpg,240,160,1.5,38400,5.34,RGB
Organik,biological316.jpg,.jpg,300,168,1.7857,50400,8.16,RGB
Organik,biological317.jpg,.jpg,183,276,0.663,50508,2.84,RGB
Organik,biological318.jpg,.jpg,275,183,1.5027,50325,10.05,RGB
Organik,biological319.jpg,.jpg,299,168,1.7798,50232,7.42,RGB
Organik,biological32.jpg,.jpg,246,205,1.2,50430,9.85,RGB
Organik,biological320.jpg,.jpg,259,194,1.3351,50246,8.5,RGB
Organik,biological321.jpg,.jpg,275,183,1.5027,50325,8.11,RGB
Organik,biological322.jpg,.jpg,249,202,1.2327,50298,12.72,RGB
Organik,biological323.jpg,.jpg,311,162,1.9198,50382,4.95,RGB
Organik,biological324.jpg,.jpg,275,183,1.5027,50325,8.94,RGB
Organik,biological325.jpg,.jpg,251,201,1.2488,50451,8.21,RGB
Organik,biological326.jpg,.jpg,275,183,1.5027,50325,3.92,RGB
Organik,biological327.jpg,.jpg,183,275,0.6655,50325,4.57,RGB
Organik,biological328.jpg,.jpg,183,275,0.6655,50325,4.14,RGB
Organik,biological329.jpg,.jpg,244,207,1.1787,50508,6.84,RGB
Organik,biological33.jpg,.jpg,275,183,1.5027,50325,17.42,RGB
Organik,biological330.jpg,.jpg,275,183,1.5027,50325,11.73,RGB
Organik,biological331.jpg,.jpg,183,275,0.6655,50325,6.89,RGB
Organik,biological332.jpg,.jpg,266,189,1.4074,50274,7.98,RGB
Organik,biological333.jpg,.jpg,262,193,1.3575,50566,5.6,RGB
Organik,biological334.jpg,.jpg,275,183,1.5027,50325,5.02,RGB
Organik,biological335.jpg,.jpg,250,202,1.2376,50500,3.87,RGB
Organik,biological336.jpg,.jpg,233,216,1.0787,50328,7.2,RGB
Organik,biological337.jpg,.jpg,275,183,1.5027,50325,5.19,RGB
Organik,biological338.jpg,.jpg,308,163,1.8896,50204,11.33,RGB
Organik,biological339.jpg,.jpg,259,194,1.3351,50246,6.88,RGB
Organik,biological34.jpg,.jpg,300,168,1.7857,50400,12.14,RGB
Organik,biological340.jpg,.jpg,259,194,1.3351,50246,10.93,RGB
Organik,biological341.jpg,.jpg,248,203,1.2217,50344,12.4,RGB
Organik,biological342.jpg,.jpg,275,183,1.5027,50325,8.91,RGB
Organik,biological343.jpg,.jpg,276,183,1.5082,50508,10.32,RGB
Organik,biological344.jpg,.jpg,265,190,1.3947,50350,9.13,RGB
Organik,biological345.jpg,.jpg,282,179,1.5754,50478,8.42,RGB
Organik,biological346.jpg,.jpg,259,194,1.3351,50246,13.56,RGB
Organik,biological347.jpg,.jpg,225,225,1.0,50625,12.22,RGB
Organik,biological348.jpg,.jpg,250,202,1.2376,50500,3.31,RGB
Organik,biological349.jpg,.jpg,275,183,1.5027,50325,11.82,RGB
Organik,biological35.jpg,.jpg,273,185,1.4757,50505,9.2,RGB
Organik,biological350.jpg,.jpg,189,267,0.7079,50463,5.18,RGB
Organik,biological351.jpg,.jpg,275,183,1.5027,50325,6.59,RGB
Organik,biological352.jpg,.jpg,225,225,1.0,50625,8.73,RGB
Organik,biological353.jpg,.jpg,277,182,1.522,50414,9.84,RGB
Organik,biological354.jpg,.jpg,225,225,1.0,50625,8.04,RGB
Organik,biological355.jpg,.jpg,217,232,0.9353,50344,7.77,RGB
Organik,biological356.jpg,.jpg,265,190,1.3947,50350,4.74,RGB
Organik,biological357.jpg,.jpg,236,157,1.5032,37052,4.94,RGB
Organik,biological358.jpg,.jpg,267,189,1.4127,50463,10.01,RGB
Organik,biological359.jpg,.jpg,275,183,1.5027,50325,6.02,RGB
Organik,biological36.jpg,.jpg,183,275,0.6655,50325,8.79,RGB
Organik,biological360.jpg,.jpg,276,183,1.5082,50508,10.15,RGB
Organik,biological361.jpg,.jpg,234,216,1.0833,50544,11.6,RGB
Organik,biological362.jpg,.jpg,262,192,1.3646,50304,11.72,RGB
Organik,biological363.jpg,.jpg,318,159,2.0,50562,8.8,RGB
Organik,biological364.jpg,.jpg,259,195,1.3282,50505,6.8,RGB
Organik,biological365.jpg,.jpg,225,225,1.0,50625,9.32,RGB
Organik,biological366.jpg,.jpg,241,209,1.1531,50369,8.53,RGB
Organik,biological367.jpg,.jpg,194,259,0.749,50246,13.68,RGB
Organik,biological368.jpg,.jpg,300,168,1.7857,50400,10.16,RGB
Organik,biological369.jpg,.jpg,275,183,1.5027,50325,13.41,RGB
Organik,biological37.jpg,.jpg,276,183,1.5082,50508,11.54,RGB
Organik,biological370.jpg,.jpg,273,184,1.4837,50232,8.8,RGB
Organik,biological371.jpg,.jpg,228,221,1.0317,50388,8.31,RGB
Organik,biological372.jpg,.jpg,259,194,1.3351,50246,6.08,RGB
Organik,biological373.jpg,.jpg,299,168,1.7798,50232,8.23,RGB
Organik,biological374.jpg,.jpg,251,201,1.2488,50451,8.35,RGB
Organik,biological375.jpg,.jpg,275,183,1.5027,50325,15.18,RGB
Organik,biological376.jpg,.jpg,225,225,1.0,50625,10.9,RGB
Organik,biological377.jpg,.jpg,259,194,1.3351,50246,11.92,RGB
Organik,biological378.jpg,.jpg,300,168,1.7857,50400,6.75,RGB
Organik,biological379.jpg,.jpg,257,196,1.3112,50372,3.34,RGB
Organik,biological38.jpg,.jpg,183,275,0.6655,50325,12.6,RGB
Organik,biological380.jpg,.jpg,251,201,1.2488,50451,5.81,RGB
Organik,biological381.jpg,.jpg,259,194,1.3351,50246,7.13,RGB
Organik,biological382.jpg,.jpg,262,192,1.3646,50304,11.28,RGB
Organik,biological383.jpg,.jpg,217,232,0.9353,50344,5.16,RGB
Organik,biological384.jpg,.jpg,267,189,1.4127,50463,14.51,RGB
Organik,biological385.jpg,.jpg,194,259,0.749,50246,10.73,RGB
Organik,biological386.jpg,.jpg,225,225,1.0,50625,8.87,RGB
Organik,biological387.jpg,.jpg,299,169,1.7692,50531,2.78,RGB
Organik,biological388.jpg,.jpg,223,226,0.9867,50398,11.73,RGB
Organik,biological389.jpg,.jpg,259,194,1.3351,50246,13.52,RGB
Organik,biological39.jpg,.jpg,271,186,1.457,50406,6.69,RGB
Organik,biological390.jpg,.jpg,292,173,1.6879,50516,14.87,RGB
Organik,biological391.jpg,.jpg,275,183,1.5027,50325,6.09,RGB
Organik,biological392.jpg,.jpg,275,183,1.5027,50325,19.17,RGB
Organik,biological393.jpg,.jpg,277,182,1.522,50414,11.56,RGB
Organik,biological394.jpg,.jpg,275,183,1.5027,50325,6.71,RGB
Organik,biological395.jpg,.jpg,211,239,0.8828,50429,3.31,RGB
Organik,biological396.jpg,.jpg,275,183,1.5027,50325,11.19,RGB
Organik,biological397.jpg,.jpg,220,230,0.9565,50600,7.33,RGB
Organik,biological398.jpg,.jpg,249,202,1.2327,50298,6.42,RGB
Organik,biological399.jpg,.jpg,225,224,1.0045,50400,4.27,RGB
Organik,biological4.jpg,.jpg,200,150,1.3333,30000,6.78,RGB
Organik,biological40.jpg,.jpg,206,244,0.8443,50264,8.01,RGB
Organik,biological400.jpg,.jpg,236,214,1.1028,50504,6.21,RGB
Organik,biological401.jpg,.jpg,190,265,0.717,50350,14.98,RGB
Organik,biological402.jpg,.jpg,259,194,1.3351,50246,15.03,RGB
Organik,biological403.jpg,.jpg,251,201,1.2488,50451,7.06,RGB
Organik,biological404.jpg,.jpg,275,183,1.5027,50325,4.5,RGB
Organik,biological405.jpg,.jpg,251,201,1.2488,50451,6.14,RGB
Organik,biological406.jpg,.jpg,275,183,1.5027,50325,7.56,RGB
Organik,biological407.jpg,.jpg,300,168,1.7857,50400,8.72,RGB
Organik,biological408.jpg,.jpg,275,183,1.5027,50325,10.33,RGB
Organik,biological409.jpg,.jpg,265,190,1.3947,50350,5.08,RGB
Organik,biological41.jpg,.jpg,183,275,0.6655,50325,10.1,RGB
Organik,biological410.jpg,.jpg,275,183,1.5027,50325,13.57,RGB
Organik,biological411.jpg,.jpg,250,202,1.2376,50500,6.95,RGB
Organik,biological412.jpg,.jpg,275,183,1.5027,50325,9.42,RGB
Organik,biological413.jpg,.jpg,275,183,1.5027,50325,4.77,RGB
Organik,biological414.jpg,.jpg,275,183,1.5027,50325,12.56,RGB
Organik,biological415.jpg,.jpg,224,224,1.0,50176,11.93,RGB
Organik,biological416.jpg,.jpg,275,183,1.5027,50325,9.78,RGB
Organik,biological417.jpg,.jpg,259,194,1.3351,50246,5.55,RGB
Organik,biological418.jpg,.jpg,300,168,1.7857,50400,6.37,RGB
Organik,biological419.jpg,.jpg,279,181,1.5414,50499,7.37,RGB
Organik,biological42.jpg,.jpg,275,183,1.5027,50325,12.25,RGB
Organik,biological420.jpg,.jpg,189,267,0.7079,50463,18.08,RGB
Organik,biological421.jpg,.jpg,250,167,1.497,41750,5.86,RGB
Organik,biological422.jpg,.jpg,274,184,1.4891,50416,10.43,RGB
Organik,biological423.jpg,.jpg,275,183,1.5027,50325,7.03,RGB
Organik,biological424.jpg,.jpg,225,225,1.0,50625,5.01,RGB
Organik,biological425.jpg,.jpg,275,183,1.5027,50325,5.08,RGB
Organik,biological426.jpg,.jpg,276,183,1.5082,50508,3.37,RGB
Organik,biological427.jpg,.jpg,189,267,0.7079,50463,5.34,RGB
Organik,biological428.jpg,.jpg,275,183,1.5027,50325,4.16,RGB
Organik,biological429.jpg,.jpg,259,194,1.3351,50246,5.95,RGB
Organik,biological43.jpg,.jpg,234,216,1.0833,50544,10.06,RGB
Organik,biological430.jpg,.jpg,275,183,1.5027,50325,9.22,RGB
Organik,biological431.jpg,.jpg,251,200,1.255,50200,6.24,RGB
Organik,biological432.jpg,.jpg,225,225,1.0,50625,18.12,RGB
Organik,biological433.jpg,.jpg,275,183,1.5027,50325,4.25,RGB
Organik,biological434.jpg,.jpg,259,194,1.3351,50246,4.13,RGB
Organik,biological435.jpg,.jpg,256,197,1.2995,50432,5.18,RGB
Organik,biological436.jpg,.jpg,275,183,1.5027,50325,8.34,RGB
Organik,biological437.jpg,.jpg,310,163,1.9018,50530,9.97,RGB
Organik,biological438.jpg,.jpg,275,183,1.5027,50325,6.52,RGB
Organik,biological439.jpg,.jpg,176,286,0.6154,50336,9.51,RGB
Organik,biological44.jpg,.jpg,324,156,2.0769,50544,9.63,RGB
Organik,biological440.jpg,.jpg,308,164,1.878,50512,6.95,RGB
Organik,biological441.jpg,.jpg,240,195,1.2308,46800,14.21,RGB
Organik,biological442.jpg,.jpg,286,176,1.625,50336,12.66,RGB
Organik,biological443.jpg,.jpg,259,194,1.3351,50246,14.72,RGB
Organik,biological444.jpg,.jpg,275,183,1.5027,50325,5.09,RGB
Organik,biological445.jpg,.jpg,291,173,1.6821,50343,9.16,RGB
Organik,biological446.jpg,.jpg,250,202,1.2376,50500,8.76,RGB
Organik,biological447.jpg,.jpg,259,194,1.3351,50246,9.62,RGB
Organik,biological448.jpg,.jpg,275,183,1.5027,50325,5.42,RGB
Organik,biological449.jpg,.jpg,259,194,1.3351,50246,14.96,RGB
Organik,biological45.jpg,.jpg,268,188,1.4255,50384,12.34,RGB
Organik,biological450.jpg,.jpg,224,224,1.0,50176,5.96,RGB
Organik,biological451.jpg,.jpg,183,275,0.6655,50325,8.86,RGB
Organik,biological452.jpg,.jpg,275,183,1.5027,50325,10.36,RGB
Organik,biological453.jpg,.jpg,299,168,1.7798,50232,10.23,RGB
Organik,biological454.jpg,.jpg,265,190,1.3947,50350,10.5,RGB
Organik,biological455.jpg,.jpg,259,194,1.3351,50246,4.56,RGB
Organik,biological456.jpg,.jpg,275,183,1.5027,50325,4.21,RGB
Organik,biological457.jpg,.jpg,264,191,1.3822,50424,4.88,RGB
Organik,biological458.jpg,.jpg,264,191,1.3822,50424,5.8,RGB
Organik,biological459.jpg,.jpg,248,203,1.2217,50344,6.73,RGB
Organik,biological46.jpg,.jpg,273,185,1.4757,50505,14.73,RGB
Organik,biological460.jpg,.jpg,279,181,1.5414,50499,3.9,RGB
Organik,biological461.jpg,.jpg,214,236,0.9068,50504,5.15,RGB
Organik,biological462.jpg,.jpg,300,168,1.7857,50400,7.47,RGB
Organik,biological463.jpg,.jpg,225,225,1.0,50625,10.49,RGB
Organik,biological464.jpg,.jpg,304,166,1.8313,50464,8.96,RGB
Organik,biological465.jpg,.jpg,275,183,1.5027,50325,4.59,RGB
Organik,biological466.jpg,.jpg,218,150,1.4533,32700,7.66,RGB
Organik,biological467.jpg,.jpg,367,137,2.6788,50279,5.17,RGB
Organik,biological468.jpg,.jpg,160,240,0.6667,38400,10.77,RGB
Organik,biological469.jpg,.jpg,183,275,0.6655,50325,4.93,RGB
Organik,biological47.jpg,.jpg,274,184,1.4891,50416,6.94,RGB
Organik,biological470.jpg,.jpg,339,149,2.2752,50511,9.78,RGB
Organik,biological471.jpg,.jpg,222,227,0.978,50394,13.8,RGB
Organik,biological472.jpg,.jpg,275,183,1.5027,50325,10.27,RGB
Organik,biological473.jpg,.jpg,277,182,1.522,50414,8.24,RGB
Organik,biological474.jpg,.jpg,300,168,1.7857,50400,5.83,RGB
Organik,biological475.jpg,.jpg,247,204,1.2108,50388,3.89,RGB
Organik,biological476.jpg,.jpg,259,194,1.3351,50246,9.52,RGB
Organik,biological477.jpg,.jpg,275,183,1.5027,50325,5.65,RGB
Organik,biological478.jpg,.jpg,221,228,0.9693,50388,7.55,RGB
Organik,biological479.jpg,.jpg,230,220,1.0455,50600,4.93,RGB
Organik,biological48.jpg,.jpg,259,194,1.3351,50246,9.35,RGB
Organik,biological480.jpg,.jpg,275,183,1.5027,50325,6.55,RGB
Organik,biological481.jpg,.jpg,256,197,1.2995,50432,2.93,RGB
Organik,biological482.jpg,.jpg,276,182,1.5165,50232,3.2,RGB
Organik,biological483.jpg,.jpg,284,177,1.6045,50268,6.68,RGB
Organik,biological484.jpg,.jpg,235,214,1.0981,50290,5.43,RGB
Organik,biological485.jpg,.jpg,275,183,1.5027,50325,6.85,RGB
Organik,biological486.jpg,.jpg,283,178,1.5899,50374,13.76,RGB
Organik,biological487.jpg,.jpg,239,211,1.1327,50429,6.11,RGB
Organik,biological488.jpg,.jpg,275,183,1.5027,50325,12.65,RGB
Organik,biological489.jpg,.jpg,227,222,1.0225,50394,8.4,RGB
Organik,biological49.jpg,.jpg,262,192,1.3646,50304,11.3,RGB
Organik,biological490.jpg,.jpg,300,168,1.7857,50400,8.29,RGB
Organik,biological491.jpg,.jpg,217,232,0.9353,50344,5.42,RGB
Organik,biological492.jpg,.jpg,262,193,1.3575,50566,10.71,RGB
Organik,biological493.jpg,.jpg,259,194,1.3351,50246,4.83,RGB
Organik,biological494.jpg,.jpg,225,225,1.0,50625,7.18,RGB
Organik,biological495.jpg,.jpg,225,225,1.0,50625,9.37,RGB
Organik,biological496.jpg,.jpg,288,175,1.6457,50400,7.01,RGB
Organik,biological497.jpg,.jpg,289,174,1.6609,50286,6.59,RGB
Organik,biological498.jpg,.jpg,275,183,1.5027,50325,3.78,RGB
Organik,biological499.jpg,.jpg,225,225,1.0,50625,4.99,RGB
Organik,biological5.jpg,.jpg,269,187,1.4385,50303,5.26,RGB
Organik,biological50.jpg,.jpg,275,183,1.5027,50325,5.46,RGB
Organik,biological500.jpg,.jpg,275,183,1.5027,50325,4.35,RGB
Organik,biological501.jpg,.jpg,254,198,1.2828,50292,3.67,RGB
Organik,biological502.jpg,.jpg,225,225,1.0,50625,7.84,RGB
Organik,biological503.jpg,.jpg,259,194,1.3351,50246,11.9,RGB
Organik,biological504.jpg,.jpg,255,197,1.2944,50235,6.67,RGB
Organik,biological505.jpg,.jpg,225,225,1.0,50625,10.18,RGB
Organik,biological506.jpg,.jpg,259,194,1.3351,50246,9.17,RGB
Organik,biological507.jpg,.jpg,238,212,1.1226,50456,8.14,RGB
Organik,biological508.jpg,.jpg,266,189,1.4074,50274,7.52,RGB
Organik,biological509.jpg,.jpg,259,194,1.3351,50246,4.66,RGB
Organik,biological51.jpg,.jpg,225,225,1.0,50625,12.04,RGB
Organik,biological510.jpg,.jpg,266,189,1.4074,50274,10.42,RGB
Organik,biological511.jpg,.jpg,194,259,0.749,50246,8.65,RGB
Organik,biological512.jpg,.jpg,251,201,1.2488,50451,8.26,RGB
Organik,biological513.jpg,.jpg,299,168,1.7798,50232,10.07,RGB
Organik,biological514.jpg,.jpg,194,259,0.749,50246,13.16,RGB
Organik,biological515.jpg,.jpg,225,225,1.0,50625,9.03,RGB
Organik,biological516.jpg,.jpg,275,183,1.5027,50325,6.39,RGB
Organik,biological517.jpg,.jpg,259,194,1.3351,50246,11.73,RGB
Organik,biological518.jpg,.jpg,275,183,1.5027,50325,7.71,RGB
Organik,biological519.jpg,.jpg,242,208,1.1635,50336,8.48,RGB
Organik,biological52.jpg,.jpg,240,192,1.25,46080,6.53,RGB
Organik,biological520.jpg,.jpg,194,259,0.749,50246,10.89,RGB
Organik,biological521.jpg,.jpg,275,183,1.5027,50325,3.45,RGB
Organik,biological522.jpg,.jpg,276,183,1.5082,50508,16.63,RGB
Organik,biological523.jpg,.jpg,275,183,1.5027,50325,9.97,RGB
Organik,biological524.jpg,.jpg,275,183,1.5027,50325,4.66,RGB
Organik,biological525.jpg,.jpg,275,183,1.5027,50325,6.53,RGB
Organik,biological526.jpg,.jpg,278,181,1.5359,50318,8.22,RGB
Organik,biological527.jpg,.jpg,225,225,1.0,50625,9.01,RGB
Organik,biological528.jpg,.jpg,264,191,1.3822,50424,8.69,RGB
Organik,biological529.jpg,.jpg,310,162,1.9136,50220,4.47,RGB
Organik,biological53.jpg,.jpg,275,183,1.5027,50325,11.08,RGB
Organik,biological530.jpg,.jpg,194,259,0.749,50246,14.0,RGB
Organik,biological531.jpg,.jpg,267,189,1.4127,50463,7.29,RGB
Organik,biological532.jpg,.jpg,266,189,1.4074,50274,9.85,RGB
Organik,biological533.jpg,.jpg,275,183,1.5027,50325,5.54,RGB
Organik,biological534.jpg,.jpg,275,183,1.5027,50325,15.21,RGB
Organik,biological535.jpg,.jpg,300,168,1.7857,50400,7.33,RGB
Organik,biological536.jpg,.jpg,259,194,1.3351,50246,6.58,RGB
Organik,biological537.jpg,.jpg,199,143,1.3916,28457,2.24,RGB
Organik,biological538.jpg,.jpg,265,190,1.3947,50350,8.1,RGB
Organik,biological539.jpg,.jpg,275,183,1.5027,50325,11.19,RGB
Organik,biological54.jpg,.jpg,246,205,1.2,50430,11.43,RGB
Organik,biological540.jpg,.jpg,276,183,1.5082,50508,13.16,RGB
Organik,biological541.jpg,.jpg,225,225,1.0,50625,6.08,RGB
Organik,biological542.jpg,.jpg,275,183,1.5027,50325,4.73,RGB
Organik,biological543.jpg,.jpg,275,183,1.5027,50325,7.25,RGB
Organik,biological544.jpg,.jpg,260,194,1.3402,50440,3.66,RGB
Organik,biological545.jpg,.jpg,263,192,1.3698,50496,7.0,RGB
Organik,biological546.jpg,.jpg,275,183,1.5027,50325,3.23,RGB
Organik,biological547.jpg,.jpg,275,183,1.5027,50325,2.73,RGB
Organik,biological548.jpg,.jpg,200,221,0.905,44200,5.12,RGB
Organik,biological549.jpg,.jpg,194,259,0.749,50246,4.61,RGB
Organik,biological55.jpg,.jpg,282,159,1.7736,44838,11.0,RGB
Organik,biological550.jpg,.jpg,225,225,1.0,50625,11.55,RGB
Organik,biological551.jpg,.jpg,306,165,1.8545,50490,9.13,RGB
Organik,biological552.jpg,.jpg,275,183,1.5027,50325,5.73,RGB
Organik,biological553.jpg,.jpg,259,194,1.3351,50246,8.53,RGB
Organik,biological554.jpg,.jpg,268,188,1.4255,50384,5.98,RGB
Organik,biological555.jpg,.jpg,259,194,1.3351,50246,12.45,RGB
Organik,biological556.jpg,.jpg,275,183,1.5027,50325,4.18,RGB
Organik,biological557.jpg,.jpg,183,275,0.6655,50325,12.64,RGB
Organik,biological558.jpg,.jpg,266,190,1.4,50540,3.24,RGB
Organik,biological559.jpg,.jpg,300,168,1.7857,50400,14.04,RGB
Organik,biological56.jpg,.jpg,299,169,1.7692,50531,8.29,RGB
Organik,biological560.jpg,.jpg,245,206,1.1893,50470,6.25,RGB
Organik,biological561.jpg,.jpg,227,222,1.0225,50394,9.43,RGB
Organik,biological562.jpg,.jpg,276,183,1.5082,50508,8.51,RGB
Organik,biological563.jpg,.jpg,180,280,0.6429,50400,5.54,RGB
Organik,biological564.jpg,.jpg,275,183,1.5027,50325,7.18,RGB
Organik,biological565.jpg,.jpg,275,183,1.5027,50325,9.29,RGB
Organik,biological566.jpg,.jpg,225,225,1.0,50625,4.82,RGB
Organik,biological567.jpg,.jpg,194,259,0.749,50246,5.07,RGB
Organik,biological568.jpg,.jpg,275,183,1.5027,50325,4.72,RGB
Organik,biological569.jpg,.jpg,189,267,0.7079,50463,4.18,RGB
Organik,biological57.jpg,.jpg,276,183,1.5082,50508,13.58,RGB
Organik,biological570.jpg,.jpg,260,194,1.3402,50440,4.46,RGB
Organik,biological571.jpg,.jpg,275,183,1.5027,50325,12.86,RGB
Organik,biological572.jpg,.jpg,296,170,1.7412,50320,14.28,RGB
Organik,biological573.jpg,.jpg,209,241,0.8672,50369,7.23,RGB
Organik,biological574.jpg,.jpg,194,259,0.749,50246,6.9,RGB
Organik,biological575.jpg,.jpg,225,225,1.0,50625,5.4,RGB
Organik,biological576.jpg,.jpg,240,180,1.3333,43200,4.15,RGB
Organik,biological577.jpg,.jpg,265,190,1.3947,50350,7.02,RGB
Organik,biological578.jpg,.jpg,210,140,1.5,29400,5.5,RGB
Organik,biological579.jpg,.jpg,275,183,1.5027,50325,6.45,RGB
Organik,biological58.jpg,.jpg,278,181,1.5359,50318,8.64,RGB
Organik,biological580.jpg,.jpg,225,225,1.0,50625,4.98,RGB
Organik,biological581.jpg,.jpg,275,183,1.5027,50325,4.98,RGB
Organik,biological582.jpg,.jpg,275,183,1.5027,50325,4.07,RGB
Organik,biological583.jpg,.jpg,259,194,1.3351,50246,8.08,RGB
Organik,biological584.jpg,.jpg,225,225,1.0,50625,7.19,RGB
Organik,biological585.jpg,.jpg,300,168,1.7857,50400,5.22,RGB
Organik,biological586.jpg,.jpg,275,183,1.5027,50325,4.53,RGB
Organik,biological587.jpg,.jpg,275,183,1.5027,50325,4.95,RGB
Organik,biological588.jpg,.jpg,183,275,0.6655,50325,6.94,RGB
Organik,biological589.jpg,.jpg,310,162,1.9136,50220,6.2,RGB
Organik,biological59.jpg,.jpg,259,194,1.3351,50246,9.31,RGB
Organik,biological590.jpg,.jpg,306,165,1.8545,50490,7.74,RGB
Organik,biological591.jpg,.jpg,318,159,2.0,50562,6.05,RGB
Organik,biological592.jpg,.jpg,275,183,1.5027,50325,4.19,RGB
Organik,biological593.jpg,.jpg,258,195,1.3231,50310,5.51,RGB
Organik,biological594.jpg,.jpg,268,188,1.4255,50384,11.34,RGB
Organik,biological595.jpg,.jpg,275,183,1.5027,50325,2.73,RGB
Organik,biological596.jpg,.jpg,331,152,2.1776,50312,9.04,RGB
Organik,biological597.jpg,.jpg,259,194,1.3351,50246,6.83,RGB
Organik,biological598.jpg,.jpg,306,165,1.8545,50490,4.21,RGB
Organik,biological599.jpg,.jpg,276,183,1.5082,50508,5.4,RGB
Organik,biological6.jpg,.jpg,259,194,1.3351,50246,16.13,RGB
Organik,biological60.jpg,.jpg,300,168,1.7857,50400,12.79,RGB
Organik,biological600.jpg,.jpg,276,183,1.5082,50508,4.39,RGB
Organik,biological601.jpg,.jpg,225,225,1.0,50625,3.66,RGB
Organik,biological602.jpg,.jpg,286,176,1.625,50336,15.27,RGB
Organik,biological603.jpg,.jpg,286,176,1.625,50336,9.74,RGB
Organik,biological604.jpg,.jpg,183,275,0.6655,50325,14.28,RGB
Organik,biological605.jpg,.jpg,258,196,1.3163,50568,7.67,RGB
Organik,biological606.jpg,.jpg,275,183,1.5027,50325,15.31,RGB
Organik,biological607.jpg,.jpg,255,198,1.2879,50490,14.3,RGB
Organik,biological608.jpg,.jpg,259,194,1.3351,50246,7.69,RGB
Organik,biological609.jpg,.jpg,276,183,1.5082,50508,10.97,RGB
Organik,biological61.jpg,.jpg,269,187,1.4385,50303,7.5,RGB
Organik,biological610.jpg,.jpg,263,191,1.377,50233,6.94,RGB
Organik,biological611.jpg,.jpg,300,168,1.7857,50400,12.81,RGB
Organik,biological612.jpg,.jpg,259,194,1.3351,50246,13.86,RGB
Organik,biological613.jpg,.jpg,266,190,1.4,50540,6.42,RGB
Organik,biological614.jpg,.jpg,259,194,1.3351,50246,10.46,RGB
Organik,biological615.jpg,.jpg,262,193,1.3575,50566,7.85,RGB
Organik,biological616.jpg,.jpg,275,183,1.5027,50325,6.39,RGB
Organik,biological617.jpg,.jpg,272,185,1.4703,50320,9.73,RGB
Organik,biological618.jpg,.jpg,194,259,0.749,50246,11.93,RGB
Organik,biological619.jpg,.jpg,259,194,1.3351,50246,7.1,RGB
Organik,biological62.jpg,.jpg,318,159,2.0,50562,6.88,RGB
Organik,biological620.jpg,.jpg,275,183,1.5027,50325,10.1,RGB
Organik,biological621.jpg,.jpg,267,189,1.4127,50463,8.13,RGB
Organik,biological622.jpg,.jpg,286,176,1.625,50336,13.81,RGB
Organik,biological623.jpg,.jpg,271,186,1.457,50406,6.67,RGB
Organik,biological624.jpg,.jpg,300,168,1.7857,50400,7.07,RGB
Organik,biological625.jpg,.jpg,259,194,1.3351,50246,6.68,RGB
Organik,biological626.jpg,.jpg,300,168,1.7857,50400,9.43,RGB
Organik,biological627.jpg,.jpg,259,194,1.3351,50246,10.64,RGB
Organik,biological628.jpg,.jpg,262,193,1.3575,50566,9.96,RGB
Organik,biological629.jpg,.jpg,225,225,1.0,50625,8.58,RGB
Organik,biological63.jpg,.jpg,227,222,1.0225,50394,10.99,RGB
Organik,biological630.jpg,.jpg,275,183,1.5027,50325,8.14,RGB
Organik,biological631.jpg,.jpg,267,189,1.4127,50463,14.54,RGB
Organik,biological632.jpg,.jpg,225,225,1.0,50625,9.39,RGB
Organik,biological633.jpg,.jpg,275,183,1.5027,50325,12.72,RGB
Organik,biological634.jpg,.jpg,303,167,1.8144,50601,8.3,RGB
Organik,biological635.jpg,.jpg,275,183,1.5027,50325,8.96,RGB
Organik,biological636.jpg,.jpg,310,163,1.9018,50530,11.97,RGB
Organik,biological637.jpg,.jpg,235,214,1.0981,50290,12.33,RGB
Organik,biological638.jpg,.jpg,276,183,1.5082,50508,10.4,RGB
Organik,biological639.jpg,.jpg,275,183,1.5027,50325,9.54,RGB
Organik,biological64.jpg,.jpg,266,189,1.4074,50274,9.46,RGB
Organik,biological640.jpg,.jpg,276,183,1.5082,50508,9.24,RGB
Organik,biological641.jpg,.jpg,263,192,1.3698,50496,7.57,RGB
Organik,biological642.jpg,.jpg,255,198,1.2879,50490,8.54,RGB
Organik,biological643.jpg,.jpg,300,168,1.7857,50400,16.4,RGB
Organik,biological644.jpg,.jpg,279,180,1.55,50220,13.77,RGB
Organik,biological645.jpg,.jpg,279,180,1.55,50220,12.29,RGB
Organik,biological646.jpg,.jpg,259,194,1.3351,50246,10.5,RGB
Organik,biological647.jpg,.jpg,271,186,1.457,50406,8.04,RGB
Organik,biological648.jpg,.jpg,271,186,1.457,50406,10.93,RGB
Organik,biological649.jpg,.jpg,288,175,1.6457,50400,9.2,RGB
Organik,biological65.jpg,.jpg,275,183,1.5027,50325,6.3,RGB
Organik,biological650.jpg,.jpg,275,183,1.5027,50325,11.3,RGB
Organik,biological651.jpg,.jpg,194,259,0.749,50246,5.29,RGB
Organik,biological652.jpg,.jpg,225,224,1.0045,50400,8.49,RGB
Organik,biological653.jpg,.jpg,306,165,1.8545,50490,7.66,RGB
Organik,biological654.jpg,.jpg,277,182,1.522,50414,7.5,RGB
Organik,biological655.jpg,.jpg,260,194,1.3402,50440,5.55,RGB
Organik,biological656.jpg,.jpg,290,174,1.6667,50460,12.85,RGB
Organik,biological657.jpg,.jpg,193,261,0.7395,50373,7.29,RGB
Organik,biological658.jpg,.jpg,269,188,1.4309,50572,8.66,RGB
Organik,biological659.jpg,.jpg,299,169,1.7692,50531,11.28,RGB
Organik,biological66.jpg,.jpg,164,307,0.5342,50348,7.32,RGB
Organik,biological660.jpg,.jpg,275,183,1.5027,50325,9.5,RGB
Organik,biological661.jpg,.jpg,259,194,1.3351,50246,6.57,RGB
Organik,biological662.jpg,.jpg,275,183,1.5027,50325,14.43,RGB
Organik,biological663.jpg,.jpg,275,183,1.5027,50325,12.4,RGB
Organik,biological664.jpg,.jpg,275,183,1.5027,50325,10.27,RGB
Organik,biological665.jpg,.jpg,275,183,1.5027,50325,12.15,RGB
Organik,biological666.jpg,.jpg,285,177,1.6102,50445,6.14,RGB
Organik,biological667.jpg,.jpg,299,168,1.7798,50232,13.39,RGB
Organik,biological668.jpg,.jpg,300,168,1.7857,50400,14.95,RGB
Organik,biological669.jpg,.jpg,301,167,1.8024,50267,11.88,RGB
Organik,biological67.jpg,.jpg,246,205,1.2,50430,5.09,RGB
Organik,biological670.jpg,.jpg,251,201,1.2488,50451,6.47,RGB
Organik,biological671.jpg,.jpg,236,214,1.1028,50504,6.81,RGB
Organik,biological672.jpg,.jpg,293,172,1.7035,50396,8.43,RGB
Organik,biological673.jpg,.jpg,225,225,1.0,50625,7.03,RGB
Organik,biological674.jpg,.jpg,260,194,1.3402,50440,11.53,RGB
Organik,biological675.jpg,.jpg,275,183,1.5027,50325,11.18,RGB
Organik,biological676.jpg,.jpg,290,174,1.6667,50460,8.92,RGB
Organik,biological677.jpg,.jpg,259,194,1.3351,50246,8.37,RGB
Organik,biological678.jpg,.jpg,225,225,1.0,50625,8.3,RGB
Organik,biological679.jpg,.jpg,279,181,1.5414,50499,8.53,RGB
Organik,biological68.jpg,.jpg,329,153,2.1503,50337,11.04,RGB
Organik,biological680.jpg,.jpg,259,194,1.3351,50246,13.07,RGB
Organik,biological681.jpg,.jpg,275,183,1.5027,50325,10.51,RGB
Organik,biological682.jpg,.jpg,259,194,1.3351,50246,10.85,RGB
Organik,biological683.jpg,.jpg,262,192,1.3646,50304,13.18,RGB
Organik,biological684.jpg,.jpg,275,183,1.5027,50325,12.72,RGB
Organik,biological685.jpg,.jpg,264,191,1.3822,50424,5.03,RGB
Organik,biological686.jpg,.jpg,299,168,1.7798,50232,9.28,RGB
Organik,biological687.jpg,.jpg,275,183,1.5027,50325,9.03,RGB
Organik,biological688.jpg,.jpg,262,192,1.3646,50304,6.67,RGB
Organik,biological689.jpg,.jpg,194,259,0.749,50246,11.37,RGB
Organik,biological69.jpg,.jpg,310,163,1.9018,50530,9.21,RGB
Organik,biological690.jpg,.jpg,263,192,1.3698,50496,4.45,RGB
Organik,biological691.jpg,.jpg,275,183,1.5027,50325,5.27,RGB
Organik,biological692.jpg,.jpg,260,194,1.3402,50440,9.9,RGB
Organik,biological693.jpg,.jpg,288,175,1.6457,50400,6.56,RGB
Organik,biological694.jpg,.jpg,275,183,1.5027,50325,11.57,RGB
Organik,biological695.jpg,.jpg,259,195,1.3282,50505,9.07,RGB
Organik,biological696.jpg,.jpg,194,260,0.7462,50440,9.99,RGB
Organik,biological697.jpg,.jpg,225,225,1.0,50625,9.11,RGB
Organik,biological698.jpg,.jpg,276,183,1.5082,50508,5.07,RGB
Organik,biological699.jpg,.jpg,259,194,1.3351,50246,15.98,RGB
Organik,biological7.jpg,.jpg,300,168,1.7857,50400,4.64,RGB
Organik,biological70.jpg,.jpg,191,264,0.7235,50424,6.31,RGB
Organik,biological700.jpg,.jpg,290,174,1.6667,50460,13.37,RGB
Organik,biological701.jpg,.jpg,259,194,1.3351,50246,14.71,RGB
Organik,biological702.jpg,.jpg,259,194,1.3351,50246,10.83,RGB
Organik,biological703.jpg,.jpg,264,191,1.3822,50424,7.5,RGB
Organik,biological704.jpg,.jpg,264,191,1.3822,50424,8.39,RGB
Organik,biological705.jpg,.jpg,194,260,0.7462,50440,6.99,RGB
Organik,biological706.jpg,.jpg,265,190,1.3947,50350,4.62,RGB
Organik,biological707.jpg,.jpg,187,270,0.6926,50490,12.97,RGB
Organik,biological708.jpg,.jpg,275,183,1.5027,50325,4.95,RGB
Organik,biological709.jpg,.jpg,190,265,0.717,50350,14.87,RGB
Organik,biological71.jpg,.jpg,225,225,1.0,50625,7.9,RGB
Organik,biological710.jpg,.jpg,259,194,1.3351,50246,10.7,RGB
Organik,biological711.jpg,.jpg,278,181,1.5359,50318,14.32,RGB
Organik,biological712.jpg,.jpg,273,185,1.4757,50505,5.25,RGB
Organik,biological713.jpg,.jpg,266,189,1.4074,50274,10.79,RGB
Organik,biological714.jpg,.jpg,259,194,1.3351,50246,4.83,RGB
Organik,biological715.jpg,.jpg,264,191,1.3822,50424,8.43,RGB
Organik,biological716.jpg,.jpg,220,229,0.9607,50380,7.08,RGB
Organik,biological717.jpg,.jpg,271,186,1.457,50406,8.29,RGB
Organik,biological718.jpg,.jpg,225,225,1.0,50625,10.43,RGB
Organik,biological719.jpg,.jpg,305,165,1.8485,50325,18.59,RGB
Organik,biological72.jpg,.jpg,259,194,1.3351,50246,7.88,RGB
Organik,biological720.jpg,.jpg,300,168,1.7857,50400,13.19,RGB
Organik,biological721.jpg,.jpg,262,192,1.3646,50304,10.91,RGB
Organik,biological722.jpg,.jpg,276,183,1.5082,50508,9.05,RGB
Organik,biological723.jpg,.jpg,263,191,1.377,50233,5.61,RGB
Organik,biological724.jpg,.jpg,275,183,1.5027,50325,6.38,RGB
Organik,biological725.jpg,.jpg,183,275,0.6655,50325,18.06,RGB
Organik,biological726.jpg,.jpg,275,183,1.5027,50325,10.96,RGB
Organik,biological727.jpg,.jpg,275,183,1.5027,50325,25.28,RGB
Organik,biological728.jpg,.jpg,281,179,1.5698,50299,11.15,RGB
Organik,biological729.jpg,.jpg,265,190,1.3947,50350,4.11,RGB
Organik,biological73.jpg,.jpg,183,275,0.6655,50325,13.77,RGB
Organik,biological730.jpg,.jpg,238,212,1.1226,50456,15.37,RGB
Organik,biological731.jpg,.jpg,259,194,1.3351,50246,9.5,RGB
Organik,biological732.jpg,.jpg,308,164,1.878,50512,7.78,RGB
Organik,biological733.jpg,.jpg,262,192,1.3646,50304,12.26,RGB
Organik,biological734.jpg,.jpg,275,183,1.5027,50325,7.53,RGB
Organik,biological735.jpg,.jpg,275,183,1.5027,50325,12.22,RGB
Organik,biological736.jpg,.jpg,300,168,1.7857,50400,4.62,RGB
Organik,biological737.jpg,.jpg,275,183,1.5027,50325,8.68,RGB
Organik,biological738.jpg,.jpg,276,183,1.5082,50508,7.79,RGB
Organik,biological739.jpg,.jpg,263,192,1.3698,50496,6.08,RGB
Organik,biological74.jpg,.jpg,225,225,1.0,50625,3.43,RGB
Organik,biological740.jpg,.jpg,223,160,1.3938,35680,5.87,RGB
Organik,biological741.jpg,.jpg,275,183,1.5027,50325,5.56,RGB
Organik,biological742.jpg,.jpg,224,224,1.0,50176,15.91,RGB
Organik,biological743.jpg,.jpg,276,183,1.5082,50508,10.9,RGB
Organik,biological744.jpg,.jpg,297,170,1.7471,50490,12.36,RGB
Organik,biological745.jpg,.jpg,250,202,1.2376,50500,11.47,RGB
Organik,biological746.jpg,.jpg,259,194,1.3351,50246,9.89,RGB
Organik,biological747.jpg,.jpg,275,183,1.5027,50325,4.93,RGB
Organik,biological748.jpg,.jpg,262,193,1.3575,50566,17.73,RGB
Organik,biological749.jpg,.jpg,309,163,1.8957,50367,14.77,RGB
Organik,biological75.jpg,.jpg,259,194,1.3351,50246,14.0,RGB
Organik,biological750.jpg,.jpg,275,183,1.5027,50325,12.7,RGB
Organik,biological751.jpg,.jpg,276,183,1.5082,50508,11.67,RGB
Organik,biological752.jpg,.jpg,275,183,1.5027,50325,13.24,RGB
Organik,biological753.jpg,.jpg,274,184,1.4891,50416,6.26,RGB
Organik,biological754.jpg,.jpg,299,169,1.7692,50531,13.45,RGB
Organik,biological755.jpg,.jpg,275,183,1.5027,50325,10.42,RGB
Organik,biological756.jpg,.jpg,259,194,1.3351,50246,9.88,RGB
Organik,biological757.jpg,.jpg,265,190,1.3947,50350,7.56,RGB
Organik,biological758.jpg,.jpg,213,194,1.0979,41322,11.0,RGB
Organik,biological759.jpg,.jpg,275,183,1.5027,50325,6.87,RGB
Organik,biological76.jpg,.jpg,318,159,2.0,50562,15.56,RGB
Organik,biological760.jpg,.jpg,275,183,1.5027,50325,12.55,RGB
Organik,biological761.jpg,.jpg,259,194,1.3351,50246,12.26,RGB
Organik,biological762.jpg,.jpg,262,192,1.3646,50304,12.84,RGB
Organik,biological763.jpg,.jpg,275,183,1.5027,50325,6.83,RGB
Organik,biological764.jpg,.jpg,275,183,1.5027,50325,8.83,RGB
Organik,biological765.jpg,.jpg,262,192,1.3646,50304,13.85,RGB
Organik,biological766.jpg,.jpg,275,183,1.5027,50325,9.35,RGB
Organik,biological767.jpg,.jpg,300,168,1.7857,50400,5.69,RGB
Organik,biological768.jpg,.jpg,194,259,0.749,50246,13.48,RGB
Organik,biological769.jpg,.jpg,259,194,1.3351,50246,15.11,RGB
Organik,biological77.jpg,.jpg,259,194,1.3351,50246,8.99,RGB
Organik,biological770.jpg,.jpg,225,225,1.0,50625,6.17,RGB
Organik,biological771.jpg,.jpg,259,194,1.3351,50246,9.79,RGB
Organik,biological772.jpg,.jpg,194,259,0.749,50246,11.2,RGB
Organik,biological773.jpg,.jpg,259,194,1.3351,50246,13.04,RGB
Organik,biological774.jpg,.jpg,262,192,1.3646,50304,12.18,RGB
Organik,biological775.jpg,.jpg,265,190,1.3947,50350,6.42,RGB
Organik,biological776.jpg,.jpg,275,183,1.5027,50325,7.49,RGB
Organik,biological777.jpg,.jpg,262,192,1.3646,50304,10.68,RGB
Organik,biological778.jpg,.jpg,311,162,1.9198,50382,11.13,RGB
Organik,biological779.jpg,.jpg,192,263,0.73,50496,5.49,RGB
Organik,biological78.jpg,.jpg,276,183,1.5082,50508,8.08,RGB
Organik,biological780.jpg,.jpg,275,183,1.5027,50325,11.68,RGB
Organik,biological781.jpg,.jpg,259,194,1.3351,50246,14.86,RGB
Organik,biological782.jpg,.jpg,265,190,1.3947,50350,10.58,RGB
Organik,biological783.jpg,.jpg,250,202,1.2376,50500,12.04,RGB
Organik,biological784.jpg,.jpg,250,202,1.2376,50500,8.03,RGB
Organik,biological785.jpg,.jpg,260,194,1.3402,50440,5.01,RGB
Organik,biological786.jpg,.jpg,259,194,1.3351,50246,12.14,RGB
Organik,biological787.jpg,.jpg,275,183,1.5027,50325,9.09,RGB
Organik,biological788.jpg,.jpg,259,194,1.3351,50246,10.63,RGB
Organik,biological789.jpg,.jpg,225,225,1.0,50625,8.14,RGB
Organik,biological79.jpg,.jpg,300,168,1.7857,50400,9.72,RGB
Organik,biological790.jpg,.jpg,293,172,1.7035,50396,12.06,RGB
Organik,biological791.jpg,.jpg,270,187,1.4439,50490,6.8,RGB
Organik,biological792.jpg,.jpg,275,183,1.5027,50325,4.27,RGB
Organik,biological793.jpg,.jpg,275,183,1.5027,50325,6.83,RGB
Organik,biological794.jpg,.jpg,276,183,1.5082,50508,8.31,RGB
Organik,biological795.jpg,.jpg,226,223,1.0135,50398,7.03,RGB
Organik,biological796.jpg,.jpg,275,183,1.5027,50325,6.33,RGB
Organik,biological797.jpg,.jpg,225,225,1.0,50625,4.49,RGB
Organik,biological798.jpg,.jpg,259,194,1.3351,50246,11.98,RGB
Organik,biological799.jpg,.jpg,251,201,1.2488,50451,13.08,RGB
Organik,biological8.jpg,.jpg,275,183,1.5027,50325,9.08,RGB
Organik,biological80.jpg,.jpg,260,194,1.3402,50440,9.44,RGB
Organik,biological800.jpg,.jpg,262,192,1.3646,50304,6.28,RGB
Organik,biological801.jpg,.jpg,259,194,1.3351,50246,4.38,RGB
Organik,biological802.jpg,.jpg,276,183,1.5082,50508,13.86,RGB
Organik,biological803.jpg,.jpg,275,183,1.5027,50325,9.05,RGB
Organik,biological804.jpg,.jpg,275,183,1.5027,50325,7.53,RGB
Organik,biological805.jpg,.jpg,236,213,1.108,50268,5.23,RGB
Organik,biological806.jpg,.jpg,260,194,1.3402,50440,14.9,RGB
Organik,biological807.jpg,.jpg,275,183,1.5027,50325,7.05,RGB
Organik,biological808.jpg,.jpg,264,191,1.3822,50424,13.42,RGB
Organik,biological809.jpg,.jpg,262,192,1.3646,50304,15.04,RGB
Organik,biological81.jpg,.jpg,225,225,1.0,50625,8.43,RGB
Organik,biological810.jpg,.jpg,196,258,0.7597,50568,12.97,RGB
Organik,biological811.jpg,.jpg,276,183,1.5082,50508,12.14,RGB
Organik,biological812.jpg,.jpg,259,194,1.3351,50246,5.55,RGB
Organik,biological813.jpg,.jpg,263,192,1.3698,50496,5.07,RGB
Organik,biological814.jpg,.jpg,267,189,1.4127,50463,12.23,RGB
Organik,biological815.jpg,.jpg,254,198,1.2828,50292,5.49,RGB
Organik,biological816.jpg,.jpg,275,183,1.5027,50325,5.35,RGB
Organik,biological817.jpg,.jpg,275,183,1.5027,50325,7.22,RGB
Organik,biological818.jpg,.jpg,276,182,1.5165,50232,11.09,RGB
Organik,biological819.jpg,.jpg,299,168,1.7798,50232,4.03,RGB
Organik,biological82.jpg,.jpg,225,225,1.0,50625,4.67,RGB
Organik,biological820.jpg,.jpg,274,184,1.4891,50416,13.39,RGB
Organik,biological821.jpg,.jpg,232,217,1.0691,50344,11.16,RGB
Organik,biological822.jpg,.jpg,183,276,0.663,50508,5.13,RGB
Organik,biological823.jpg,.jpg,275,183,1.5027,50325,13.98,RGB
Organik,biological824.jpg,.jpg,265,190,1.3947,50350,9.6,RGB
Organik,biological825.jpg,.jpg,263,192,1.3698,50496,6.74,RGB
Organik,biological826.jpg,.jpg,262,193,1.3575,50566,6.14,RGB
Organik,biological827.jpg,.jpg,299,168,1.7798,50232,7.38,RGB
Organik,biological828.jpg,.jpg,300,168,1.7857,50400,10.37,RGB
Organik,biological829.jpg,.jpg,318,159,2.0,50562,12.75,RGB
Organik,biological83.jpg,.jpg,275,183,1.5027,50325,5.81,RGB
Organik,biological830.jpg,.jpg,332,152,2.1842,50464,11.54,RGB
Organik,biological831.jpg,.jpg,300,168,1.7857,50400,17.0,RGB
Organik,biological832.jpg,.jpg,265,190,1.3947,50350,12.53,RGB
Organik,biological833.jpg,.jpg,275,183,1.5027,50325,5.35,RGB
Organik,biological834.jpg,.jpg,275,183,1.5027,50325,15.64,RGB
Organik,biological835.jpg,.jpg,316,159,1.9874,50244,7.36,RGB
Organik,biological836.jpg,.jpg,259,194,1.3351,50246,9.36,RGB
Organik,biological837.jpg,.jpg,275,183,1.5027,50325,10.86,RGB
Organik,biological838.jpg,.jpg,275,183,1.5027,50325,12.04,RGB
Organik,biological839.jpg,.jpg,225,225,1.0,50625,15.33,RGB
Organik,biological84.jpg,.jpg,240,210,1.1429,50400,6.12,RGB
Organik,biological840.jpg,.jpg,299,169,1.7692,50531,10.42,RGB
Organik,biological841.jpg,.jpg,259,194,1.3351,50246,6.65,RGB
Organik,biological842.jpg,.jpg,275,183,1.5027,50325,8.77,RGB
Organik,biological843.jpg,.jpg,271,186,1.457,50406,14.91,RGB
Organik,biological844.jpg,.jpg,275,183,1.5027,50325,9.59,RGB
Organik,biological845.jpg,.jpg,214,235,0.9106,50290,12.42,RGB
Organik,biological846.jpg,.jpg,259,194,1.3351,50246,12.59,RGB
Organik,biological847.jpg,.jpg,217,232,0.9353,50344,9.17,RGB
Organik,biological848.jpg,.jpg,199,253,0.7866,50347,15.62,RGB
Organik,biological849.jpg,.jpg,275,183,1.5027,50325,10.64,RGB
Organik,biological85.jpg,.jpg,194,260,0.7462,50440,4.48,RGB
Organik,biological850.jpg,.jpg,441,114,3.8684,50274,11.72,RGB
Organik,biological851.jpg,.jpg,300,168,1.7857,50400,9.9,RGB
Organik,biological852.jpg,.jpg,275,183,1.5027,50325,9.4,RGB
Organik,biological853.jpg,.jpg,225,225,1.0,50625,5.15,RGB
Organik,biological854.jpg,.jpg,260,194,1.3402,50440,9.94,RGB
Organik,biological855.jpg,.jpg,225,225,1.0,50625,15.59,RGB
Organik,biological856.jpg,.jpg,299,168,1.7798,50232,11.6,RGB
Organik,biological857.jpg,.jpg,259,194,1.3351,50246,11.96,RGB
Organik,biological858.jpg,.jpg,225,225,1.0,50625,7.55,RGB
Organik,biological859.jpg,.jpg,275,183,1.5027,50325,5.9,RGB
Organik,biological86.jpg,.jpg,225,225,1.0,50625,5.33,RGB
Organik,biological860.jpg,.jpg,275,183,1.5027,50325,11.61,RGB
Organik,biological861.jpg,.jpg,200,150,1.3333,30000,5.11,RGB
Organik,biological862.jpg,.jpg,225,225,1.0,50625,8.76,RGB
Organik,biological863.jpg,.jpg,225,225,1.0,50625,12.09,RGB
Organik,biological864.jpg,.jpg,275,183,1.5027,50325,16.16,RGB
Organik,biological865.jpg,.jpg,275,183,1.5027,50325,14.08,RGB
Organik,biological866.jpg,.jpg,300,168,1.7857,50400,11.72,RGB
Organik,biological867.jpg,.jpg,247,204,1.2108,50388,8.62,RGB
Organik,biological868.jpg,.jpg,275,183,1.5027,50325,8.98,RGB
Organik,biological869.jpg,.jpg,225,225,1.0,50625,8.71,RGB
Organik,biological87.jpg,.jpg,275,183,1.5027,50325,11.24,RGB
Organik,biological870.jpg,.jpg,300,168,1.7857,50400,6.5,RGB
Organik,biological871.jpg,.jpg,299,168,1.7798,50232,12.24,RGB
Organik,biological872.jpg,.jpg,225,225,1.0,50625,7.71,RGB
Organik,biological873.jpg,.jpg,259,194,1.3351,50246,8.54,RGB
Organik,biological874.jpg,.jpg,300,168,1.7857,50400,13.41,RGB
Organik,biological875.jpg,.jpg,275,183,1.5027,50325,14.14,RGB
Organik,biological876.jpg,.jpg,275,183,1.5027,50325,12.76,RGB
Organik,biological877.jpg,.jpg,300,168,1.7857,50400,10.97,RGB
Organik,biological878.jpg,.jpg,318,159,2.0,50562,11.6,RGB
Organik,biological879.jpg,.jpg,275,183,1.5027,50325,11.91,RGB
Organik,biological88.jpg,.jpg,219,230,0.9522,50370,5.57,RGB
Organik,biological880.jpg,.jpg,438,115,3.8087,50370,13.52,RGB
Organik,biological881.jpg,.jpg,275,183,1.5027,50325,12.08,RGB
Organik,biological882.jpg,.jpg,300,168,1.7857,50400,12.29,RGB
Organik,biological883.jpg,.jpg,299,168,1.7798,50232,10.24,RGB
Organik,biological884.jpg,.jpg,259,194,1.3351,50246,12.26,RGB
Organik,biological885.jpg,.jpg,300,168,1.7857,50400,6.35,RGB
Organik,biological886.jpg,.jpg,311,162,1.9198,50382,7.32,RGB
Organik,biological887.jpg,.jpg,327,154,2.1234,50358,8.18,RGB
Organik,biological888.jpg,.jpg,275,183,1.5027,50325,7.31,RGB
Organik,biological889.jpg,.jpg,167,302,0.553,50434,9.79,RGB
Organik,biological89.jpg,.jpg,259,194,1.3351,50246,9.14,RGB
Organik,biological890.jpg,.jpg,259,194,1.3351,50246,9.09,RGB
Organik,biological891.jpg,.jpg,275,183,1.5027,50325,10.62,RGB
Organik,biological892.jpg,.jpg,275,183,1.5027,50325,11.63,RGB
Organik,biological893.jpg,.jpg,260,194,1.3402,50440,10.74,RGB
Organik,biological894.jpg,.jpg,215,234,0.9188,50310,13.23,RGB
Organik,biological895.jpg,.jpg,275,183,1.5027,50325,12.41,RGB
Organik,biological896.jpg,.jpg,191,264,0.7235,50424,9.75,RGB
Organik,biological897.jpg,.jpg,299,168,1.7798,50232,10.19,RGB
Organik,biological898.jpg,.jpg,300,168,1.7857,50400,9.25,RGB
Organik,biological899.jpg,.jpg,275,183,1.5027,50325,5.9,RGB
Organik,biological9.jpg,.jpg,275,183,1.5027,50325,3.64,RGB
Organik,biological90.jpg,.jpg,248,203,1.2217,50344,5.62,RGB
Organik,biological900.jpg,.jpg,276,182,1.5165,50232,9.36,RGB
Organik,biological901.jpg,.jpg,299,168,1.7798,50232,14.39,RGB
Organik,biological902.jpg,.jpg,275,183,1.5027,50325,9.2,RGB
Organik,biological903.jpg,.jpg,268,188,1.4255,50384,8.36,RGB
Organik,biological904.jpg,.jpg,225,225,1.0,50625,10.26,RGB
Organik,biological905.jpg,.jpg,275,183,1.5027,50325,11.1,RGB
Organik,biological906.jpg,.jpg,299,168,1.7798,50232,7.04,RGB
Organik,biological907.jpg,.jpg,300,168,1.7857,50400,8.8,RGB
Organik,biological908.jpg,.jpg,275,183,1.5027,50325,8.3,RGB
Organik,biological909.jpg,.jpg,225,225,1.0,50625,13.48,RGB
Organik,biological91.jpg,.jpg,265,190,1.3947,50350,4.88,RGB
Organik,biological910.jpg,.jpg,275,183,1.5027,50325,7.1,RGB
Organik,biological911.jpg,.jpg,310,163,1.9018,50530,17.0,RGB
Organik,biological912.jpg,.jpg,194,259,0.749,50246,10.93,RGB
Organik,biological913.jpg,.jpg,225,225,1.0,50625,11.46,RGB
Organik,biological914.jpg,.jpg,275,183,1.5027,50325,15.71,RGB
Organik,biological915.jpg,.jpg,261,193,1.3523,50373,12.17,RGB
Organik,biological916.jpg,.jpg,259,194,1.3351,50246,9.33,RGB
Organik,biological917.jpg,.jpg,275,183,1.5027,50325,8.61,RGB
Organik,biological918.jpg,.jpg,300,168,1.7857,50400,11.07,RGB
Organik,biological919.jpg,.jpg,264,191,1.3822,50424,15.71,RGB
Organik,biological92.jpg,.jpg,300,168,1.7857,50400,11.81,RGB
Organik,biological920.jpg,.jpg,259,194,1.3351,50246,6.1,RGB
Organik,biological921.jpg,.jpg,262,193,1.3575,50566,6.01,RGB
Organik,biological922.jpg,.jpg,275,183,1.5027,50325,13.82,RGB
Organik,biological923.jpg,.jpg,225,225,1.0,50625,7.54,RGB
Organik,biological924.jpg,.jpg,273,185,1.4757,50505,3.91,RGB
Organik,biological925.jpg,.jpg,286,176,1.625,50336,9.24,RGB
Organik,biological926.jpg,.jpg,300,168,1.7857,50400,9.42,RGB
Organik,biological927.jpg,.jpg,204,248,0.8226,50592,7.58,RGB
Organik,biological928.jpg,.jpg,195,259,0.7529,50505,9.05,RGB
Organik,biological929.jpg,.jpg,225,225,1.0,50625,23.44,RGB
Organik,biological93.jpg,.jpg,261,193,1.3523,50373,5.84,RGB
Organik,biological930.jpg,.jpg,225,225,1.0,50625,11.69,RGB
Organik,biological931.jpg,.jpg,272,185,1.4703,50320,12.95,RGB
Organik,biological932.jpg,.jpg,328,154,2.1299,50512,9.64,RGB
Organik,biological933.jpg,.jpg,275,183,1.5027,50325,6.44,RGB
Organik,biological934.jpg,.jpg,320,158,2.0253,50560,11.12,RGB
Organik,biological935.jpg,.jpg,259,194,1.3351,50246,9.44,RGB
Organik,biological936.jpg,.jpg,225,225,1.0,50625,8.41,RGB
Organik,biological937.jpg,.jpg,450,112,4.0179,50400,11.66,RGB
Organik,biological938.jpg,.jpg,225,225,1.0,50625,10.82,RGB
Organik,biological939.jpg,.jpg,254,199,1.2764,50546,13.01,RGB
Organik,biological94.jpg,.jpg,267,189,1.4127,50463,10.4,RGB
Organik,biological940.jpg,.jpg,367,137,2.6788,50279,8.66,RGB
Organik,biological941.jpg,.jpg,300,168,1.7857,50400,16.38,RGB
Organik,biological942.jpg,.jpg,275,183,1.5027,50325,12.74,RGB
Organik,biological943.jpg,.jpg,259,194,1.3351,50246,13.45,RGB
Organik,biological944.jpg,.jpg,300,168,1.7857,50400,7.73,RGB
Organik,biological945.jpg,.jpg,310,163,1.9018,50530,10.5,RGB
Organik,biological946.jpg,.jpg,263,192,1.3698,50496,14.06,RGB
Organik,biological947.jpg,.jpg,183,275,0.6655,50325,6.92,RGB
Organik,biological948.jpg,.jpg,275,183,1.5027,50325,11.26,RGB
Organik,biological949.jpg,.jpg,274,184,1.4891,50416,5.51,RGB
Organik,biological95.jpg,.jpg,275,183,1.5027,50325,11.55,RGB
Organik,biological950.jpg,.jpg,286,176,1.625,50336,4.73,RGB
Organik,biological951.jpg,.jpg,300,168,1.7857,50400,5.78,RGB
Organik,biological952.jpg,.jpg,259,194,1.3351,50246,14.85,RGB
Organik,biological953.jpg,.jpg,300,168,1.7857,50400,9.26,RGB
Organik,biological954.jpg,.jpg,194,259,0.749,50246,10.43,RGB
Organik,biological955.jpg,.jpg,225,225,1.0,50625,19.7,RGB
Organik,biological956.jpg,.jpg,259,194,1.3351,50246,8.87,RGB
Organik,biological957.jpg,.jpg,225,225,1.0,50625,9.01,RGB
Organik,biological958.jpg,.jpg,284,177,1.6045,50268,6.28,RGB
Organik,biological959.jpg,.jpg,312,162,1.9259,50544,5.69,RGB
Organik,biological96.jpg,.jpg,264,191,1.3822,50424,7.74,RGB
Organik,biological960.jpg,.jpg,275,183,1.5027,50325,8.41,RGB
Organik,biological961.jpg,.jpg,275,183,1.5027,50325,6.06,RGB
Organik,biological962.jpg,.jpg,275,183,1.5027,50325,5.22,RGB
Organik,biological963.jpg,.jpg,262,192,1.3646,50304,4.86,RGB
Organik,biological964.jpg,.jpg,259,194,1.3351,50246,5.12,RGB
Organik,biological965.jpg,.jpg,183,275,0.6655,50325,12.3,RGB
Organik,biological966.jpg,.jpg,275,183,1.5027,50325,13.31,RGB
Organik,biological967.jpg,.jpg,259,194,1.3351,50246,6.07,RGB
Organik,biological968.jpg,.jpg,273,184,1.4837,50232,4.03,RGB
Organik,biological969.jpg,.jpg,300,168,1.7857,50400,9.58,RGB
Organik,biological97.jpg,.jpg,300,168,1.7857,50400,10.39,RGB
Organik,biological970.jpg,.jpg,271,186,1.457,50406,5.93,RGB
Organik,biological971.jpg,.jpg,259,194,1.3351,50246,10.69,RGB
Organik,biological972.jpg,.jpg,300,168,1.7857,50400,5.92,RGB
Organik,biological973.jpg,.jpg,275,183,1.5027,50325,9.63,RGB
Organik,biological974.jpg,.jpg,275,183,1.5027,50325,5.97,RGB
Organik,biological975.jpg,.jpg,300,168,1.7857,50400,8.26,RGB
Organik,biological976.jpg,.jpg,300,168,1.7857,50400,5.15,RGB
Organik,biological977.jpg,.jpg,259,194,1.3351,50246,7.52,RGB
Organik,biological978.jpg,.jpg,309,163,1.8957,50367,7.52,RGB
Organik,biological979.jpg,.jpg,300,168,1.7857,50400,6.77,RGB
Organik,biological98.jpg,.jpg,297,170,1.7471,50490,9.08,RGB
Organik,biological980.jpg,.jpg,275,183,1.5027,50325,11.57,RGB
Organik,biological981.jpg,.jpg,267,189,1.4127,50463,5.82,RGB
Organik,biological982.jpg,.jpg,259,194,1.3351,50246,12.52,RGB
Organik,biological983.jpg,.jpg,259,194,1.3351,50246,9.67,RGB
Organik,biological984.jpg,.jpg,259,194,1.3351,50246,8.46,RGB
Organik,biological985.jpg,.jpg,259,194,1.3351,50246,5.02,RGB
Organik,biological99.jpg,.jpg,275,183,1.5027,50325,9.53,RGB
Clothes,clothes1_1.jpg,.jpg,400,534,0.7491,213600,24.53,RGB
Clothes,clothes10_1.jpg,.jpg,400,533,0.7505,213200,20.72,RGB
Clothes,clothes100_1.jpg,.jpg,400,534,0.7491,213600,25.99,RGB
Clothes,clothes1000_1.jpg,.jpg,400,533,0.7505,213200,21.7,RGB
Clothes,clothes1001_1.jpg,.jpg,400,533,0.7505,213200,25.5,RGB
Clothes,clothes1002_1.jpg,.jpg,400,441,0.907,176400,15.48,RGB
Clothes,clothes1003_1.jpg,.jpg,533,400,1.3325,213200,32.27,RGB
Clothes,clothes1004_1.jpg,.jpg,400,429,0.9324,171600,25.92,RGB
Clothes,clothes1005_1.jpg,.jpg,400,533,0.7505,213200,46.46,RGB
Clothes,clothes1006_1.jpg,.jpg,400,533,0.7505,213200,19.36,RGB
Clothes,clothes1007_1.jpg,.jpg,400,534,0.7491,213600,20.43,RGB
Clothes,clothes1008_1.jpg,.jpg,400,452,0.885,180800,22.65,RGB
Clothes,clothes1009_1.jpg,.jpg,400,400,1.0,160000,23.87,RGB
Clothes,clothes101_1.jpg,.jpg,400,434,0.9217,173600,25.95,RGB
Clothes,clothes1010_1.jpg,.jpg,400,533,0.7505,213200,55.34,RGB
Clothes,clothes1011_1.jpg,.jpg,400,533,0.7505,213200,45.93,RGB
Clothes,clothes1012_1.jpg,.jpg,400,533,0.7505,213200,29.84,RGB
Clothes,clothes1013_1.jpg,.jpg,400,534,0.7491,213600,17.71,RGB
Clothes,clothes1014_1.jpg,.jpg,400,637,0.6279,254800,42.98,RGB
Clothes,clothes1015_1.jpg,.jpg,533,400,1.3325,213200,37.03,RGB
Clothes,clothes1016_1.jpg,.jpg,400,534,0.7491,213600,25.51,RGB
Clothes,clothes1017_1.jpg,.jpg,400,533,0.7505,213200,19.42,RGB
Clothes,clothes1018_1.jpg,.jpg,400,502,0.7968,200800,13.11,RGB
Clothes,clothes1019_1.jpg,.jpg,400,489,0.818,195600,12.84,RGB
Clothes,clothes102_1.jpg,.jpg,400,483,0.8282,193200,30.94,RGB
Clothes,clothes1020_1.jpg,.jpg,400,533,0.7505,213200,36.35,RGB
Clothes,clothes1021_1.jpg,.jpg,711,400,1.7775,284400,23.18,RGB
Clothes,clothes1022_1.jpg,.jpg,400,533,0.7505,213200,34.48,RGB
Clothes,clothes1023_1.jpg,.jpg,400,711,0.5626,284400,62.47,RGB
Clothes,clothes1024_1.jpg,.jpg,400,533,0.7505,213200,23.01,RGB
Clothes,clothes1025_1.jpg,.jpg,533,400,1.3325,213200,14.53,RGB
Clothes,clothes1026_1.jpg,.jpg,400,441,0.907,176400,18.64,RGB
Clothes,clothes1027_1.jpg,.jpg,533,400,1.3325,213200,15.52,RGB
Clothes,clothes1028_1.jpg,.jpg,400,400,1.0,160000,16.73,RGB
Clothes,clothes1029_1.jpg,.jpg,400,534,0.7491,213600,16.07,RGB
Clothes,clothes103_1.jpg,.jpg,400,533,0.7505,213200,37.81,RGB
Clothes,clothes1030_1.jpg,.jpg,400,533,0.7505,213200,31.93,RGB
Clothes,clothes1031_1.jpg,.jpg,400,533,0.7505,213200,16.28,RGB
Clothes,clothes1032_1.jpg,.jpg,400,533,0.7505,213200,21.35,RGB
Clothes,clothes1033_1.jpg,.jpg,400,533,0.7505,213200,22.89,RGB
Clothes,clothes1034_1.jpg,.jpg,400,711,0.5626,284400,15.89,RGB
Clothes,clothes1035_1.jpg,.jpg,533,400,1.3325,213200,27.85,RGB
Clothes,clothes1036_1.jpg,.jpg,400,441,0.907,176400,11.43,RGB
Clothes,clothes1037_1.jpg,.jpg,711,400,1.7775,284400,44.73,RGB
Clothes,clothes1038_1.jpg,.jpg,400,533,0.7505,213200,31.12,RGB
Clothes,clothes1039_1.jpg,.jpg,400,533,0.7505,213200,31.01,RGB
Clothes,clothes104_1.jpg,.jpg,400,533,0.7505,213200,20.68,RGB
Clothes,clothes1040_1.jpg,.jpg,533,400,1.3325,213200,25.86,RGB
Clothes,clothes1041_1.jpg,.jpg,533,400,1.3325,213200,38.68,RGB
Clothes,clothes1042_1.jpg,.jpg,533,400,1.3325,213200,27.53,RGB
Clothes,clothes1043_1.jpg,.jpg,534,400,1.335,213600,34.16,RGB
Clothes,clothes1044_1.jpg,.jpg,400,533,0.7505,213200,43.0,RGB
Clothes,clothes1045_1.jpg,.jpg,400,533,0.7505,213200,35.03,RGB
Clothes,clothes1046_1.jpg,.jpg,400,400,1.0,160000,9.48,RGB
Clothes,clothes1047_1.jpg,.jpg,400,533,0.7505,213200,24.31,RGB
Clothes,clothes1048_1.jpg,.jpg,400,533,0.7505,213200,28.32,RGB
Clothes,clothes1049_1.jpg,.jpg,400,533,0.7505,213200,23.05,RGB
Clothes,clothes105_1.jpg,.jpg,400,533,0.7505,213200,38.04,RGB
Clothes,clothes1050_1.jpg,.jpg,400,534,0.7491,213600,20.62,RGB
Clothes,clothes1051_1.jpg,.jpg,400,533,0.7505,213200,61.47,RGB
Clothes,clothes1052_1.jpg,.jpg,533,400,1.3325,213200,32.17,RGB
Clothes,clothes1053_1.jpg,.jpg,400,533,0.7505,213200,28.98,RGB
Clothes,clothes1054_1.jpg,.jpg,400,534,0.7491,213600,22.04,RGB
Clothes,clothes1055_1.jpg,.jpg,400,533,0.7505,213200,24.57,RGB
Clothes,clothes1056_1.jpg,.jpg,400,533,0.7505,213200,29.4,RGB
Clothes,clothes1057_1.jpg,.jpg,400,533,0.7505,213200,44.04,RGB
Clothes,clothes1058_1.jpg,.jpg,400,534,0.7491,213600,36.17,RGB
Clothes,clothes1059_1.jpg,.jpg,400,533,0.7505,213200,43.36,RGB
Clothes,clothes106_1.jpg,.jpg,400,423,0.9456,169200,17.39,RGB
Clothes,clothes1060_1.jpg,.jpg,400,424,0.9434,169600,15.27,RGB
Clothes,clothes1061_1.jpg,.jpg,400,711,0.5626,284400,23.8,RGB
Clothes,clothes1062_1.jpg,.jpg,533,400,1.3325,213200,23.06,RGB
Clothes,clothes1063_1.jpg,.jpg,400,534,0.7491,213600,28.47,RGB
Clothes,clothes1064_1.jpg,.jpg,400,533,0.7505,213200,21.77,RGB
Clothes,clothes1065_1.jpg,.jpg,400,533,0.7505,213200,42.94,RGB
Clothes,clothes1066_1.jpg,.jpg,400,533,0.7505,213200,32.62,RGB
Clothes,clothes1067_1.jpg,.jpg,400,534,0.7491,213600,16.78,RGB
Clothes,clothes1068_1.jpg,.jpg,400,533,0.7505,213200,22.53,RGB
Clothes,clothes1069_1.jpg,.jpg,409,400,1.0225,163600,16.83,RGB
Clothes,clothes107_1.jpg,.jpg,400,534,0.7491,213600,20.29,RGB
Clothes,clothes1070_1.jpg,.jpg,400,533,0.7505,213200,28.03,RGB
Clothes,clothes1071_1.jpg,.jpg,400,534,0.7491,213600,20.65,RGB
Clothes,clothes1072_1.jpg,.jpg,400,533,0.7505,213200,30.11,RGB
Clothes,clothes1073_1.jpg,.jpg,400,533,0.7505,213200,23.38,RGB
Clothes,clothes1074_1.jpg,.jpg,534,400,1.335,213600,24.02,RGB
Clothes,clothes1075_1.jpg,.jpg,400,711,0.5626,284400,37.42,RGB
Clothes,clothes1076_1.jpg,.jpg,400,533,0.7505,213200,22.01,RGB
Clothes,clothes1077_1.jpg,.jpg,400,469,0.8529,187600,17.77,RGB
Clothes,clothes1078_1.jpg,.jpg,400,580,0.6897,232000,30.85,RGB
Clothes,clothes1079_1.jpg,.jpg,400,534,0.7491,213600,27.17,RGB
Clothes,clothes108_1.jpg,.jpg,400,533,0.7505,213200,26.27,RGB
Clothes,clothes1080_1.jpg,.jpg,400,533,0.7505,213200,20.85,RGB
Clothes,clothes1081_1.jpg,.jpg,400,731,0.5472,292400,52.19,RGB
Clothes,clothes1082_1.jpg,.jpg,711,400,1.7775,284400,33.94,RGB
Clothes,clothes1083_1.jpg,.jpg,400,711,0.5626,284400,39.99,RGB
Clothes,clothes1084_1.jpg,.jpg,400,533,0.7505,213200,27.83,RGB
Clothes,clothes1085_1.jpg,.jpg,400,533,0.7505,213200,54.07,RGB
Clothes,clothes1086_1.jpg,.jpg,400,532,0.7519,212800,37.27,RGB
Clothes,clothes1087_1.jpg,.jpg,400,400,1.0,160000,16.14,RGB
Clothes,clothes1088_1.jpg,.jpg,533,400,1.3325,213200,22.17,RGB
Clothes,clothes1089_1.jpg,.jpg,400,533,0.7505,213200,29.73,RGB
Clothes,clothes109_1.jpg,.jpg,400,533,0.7505,213200,28.12,RGB
Clothes,clothes1090_1.jpg,.jpg,400,711,0.5626,284400,14.94,RGB
Clothes,clothes1091_1.jpg,.jpg,400,534,0.7491,213600,19.11,RGB
Clothes,clothes1092_1.jpg,.jpg,400,533,0.7505,213200,22.89,RGB
Clothes,clothes1093_1.jpg,.jpg,400,534,0.7491,213600,23.09,RGB
Clothes,clothes1094_1.jpg,.jpg,533,400,1.3325,213200,24.52,RGB
Clothes,clothes1095_1.jpg,.jpg,400,534,0.7491,213600,17.21,RGB
Clothes,clothes1096_1.jpg,.jpg,400,534,0.7491,213600,36.62,RGB
Clothes,clothes1097_1.jpg,.jpg,400,534,0.7491,213600,31.82,RGB
Clothes,clothes1098_1.jpg,.jpg,400,533,0.7505,213200,39.56,RGB
Clothes,clothes1099_1.jpg,.jpg,445,400,1.1125,178000,24.97,RGB
Clothes,clothes11_1.jpg,.jpg,400,533,0.7505,213200,28.93,RGB
Clothes,clothes110_1.jpg,.jpg,534,400,1.335,213600,19.43,RGB
Clothes,clothes1100_1.jpg,.jpg,400,482,0.8299,192800,26.86,RGB
Clothes,clothes1101_1.jpg,.jpg,400,534,0.7491,213600,42.95,RGB
Clothes,clothes1102_1.jpg,.jpg,400,533,0.7505,213200,48.05,RGB
Clothes,clothes1103_1.jpg,.jpg,400,567,0.7055,226800,19.95,RGB
Clothes,clothes1104_1.jpg,.jpg,400,537,0.7449,214800,15.39,RGB
Clothes,clothes1105_1.jpg,.jpg,400,599,0.6678,239600,21.06,RGB
Clothes,clothes1106_1.jpg,.jpg,400,533,0.7505,213200,30.68,RGB
Clothes,clothes1107_1.jpg,.jpg,400,534,0.7491,213600,26.94,RGB
Clothes,clothes1108_1.jpg,.jpg,400,533,0.7505,213200,19.2,RGB
Clothes,clothes1109_1.jpg,.jpg,400,533,0.7505,213200,25.74,RGB
Clothes,clothes111_1.jpg,.jpg,400,400,1.0,160000,29.51,RGB
Clothes,clothes1110_1.jpg,.jpg,400,533,0.7505,213200,18.68,RGB
Clothes,clothes1111_1.jpg,.jpg,400,533,0.7505,213200,15.39,RGB
Clothes,clothes1112_1.jpg,.jpg,533,400,1.3325,213200,30.65,RGB
Clothes,clothes1113_1.jpg,.jpg,400,533,0.7505,213200,26.02,RGB
Clothes,clothes1114_1.jpg,.jpg,400,400,1.0,160000,35.45,RGB
Clothes,clothes1115_1.jpg,.jpg,400,533,0.7505,213200,30.65,RGB
Clothes,clothes1116_1.jpg,.jpg,400,533,0.7505,213200,23.3,RGB
Clothes,clothes1117_1.jpg,.jpg,400,430,0.9302,172000,21.19,RGB
Clothes,clothes1118_1.jpg,.jpg,400,533,0.7505,213200,18.13,RGB
Clothes,clothes1119_1.jpg,.jpg,400,534,0.7491,213600,25.48,RGB
Clothes,clothes112_1.jpg,.jpg,400,533,0.7505,213200,19.31,RGB
Clothes,clothes1120_1.jpg,.jpg,400,711,0.5626,284400,46.14,RGB
Clothes,clothes1121_1.jpg,.jpg,400,800,0.5,320000,25.27,RGB
Clothes,clothes1122_1.jpg,.jpg,400,711,0.5626,284400,48.58,RGB
Clothes,clothes1123_1.jpg,.jpg,400,534,0.7491,213600,41.58,RGB
Clothes,clothes1124_1.jpg,.jpg,436,400,1.09,174400,18.97,RGB
Clothes,clothes1125_1.jpg,.jpg,711,400,1.7775,284400,40.52,RGB
Clothes,clothes1126_1.jpg,.jpg,400,534,0.7491,213600,15.84,RGB
Clothes,clothes1127_1.jpg,.jpg,400,533,0.7505,213200,41.43,RGB
Clothes,clothes1128_1.jpg,.jpg,400,533,0.7505,213200,18.58,RGB
Clothes,clothes1129_1.jpg,.jpg,400,534,0.7491,213600,26.61,RGB
Clothes,clothes113_1.jpg,.jpg,400,564,0.7092,225600,20.08,RGB
Clothes,clothes1130_1.jpg,.jpg,533,400,1.3325,213200,40.69,RGB
Clothes,clothes1131_1.jpg,.jpg,400,533,0.7505,213200,33.3,RGB
Clothes,clothes1132_1.jpg,.jpg,400,533,0.7505,213200,25.24,RGB
Clothes,clothes1133_1.jpg,.jpg,400,533,0.7505,213200,22.27,RGB
Clothes,clothes1134_1.jpg,.jpg,400,533,0.7505,213200,33.7,RGB
Clothes,clothes1135_1.jpg,.jpg,400,534,0.7491,213600,21.92,RGB
Clothes,clothes1136_1.jpg,.jpg,400,711,0.5626,284400,36.61,RGB
Clothes,clothes1137_1.jpg,.jpg,400,533,0.7505,213200,26.32,RGB
Clothes,clothes1138_1.jpg,.jpg,400,533,0.7505,213200,21.0,RGB
Clothes,clothes1139_1.jpg,.jpg,419,400,1.0475,167600,16.64,RGB
Clothes,clothes114_1.jpg,.jpg,419,400,1.0475,167600,28.46,RGB
Clothes,clothes1140_1.jpg,.jpg,400,533,0.7505,213200,29.98,RGB
Clothes,clothes1141_1.jpg,.jpg,400,423,0.9456,169200,20.63,RGB
Clothes,clothes1142_1.jpg,.jpg,400,533,0.7505,213200,18.95,RGB
Clothes,clothes1143_1.jpg,.jpg,400,634,0.6309,253600,28.83,RGB
Clothes,clothes1144_1.jpg,.jpg,533,400,1.3325,213200,34.03,RGB
Clothes,clothes1145_1.jpg,.jpg,400,534,0.7491,213600,20.61,RGB
Clothes,clothes1146_1.jpg,.jpg,461,400,1.1525,184400,29.12,RGB
Clothes,clothes1147_1.jpg,.jpg,400,533,0.7505,213200,17.69,RGB
Clothes,clothes1148_1.jpg,.jpg,400,445,0.8989,178000,15.02,RGB
Clothes,clothes1149_1.jpg,.jpg,400,533,0.7505,213200,20.68,RGB
Clothes,clothes115_1.jpg,.jpg,400,533,0.7505,213200,28.91,RGB
Clothes,clothes1150_1.jpg,.jpg,400,533,0.7505,213200,39.47,RGB
Clothes,clothes1151_1.jpg,.jpg,400,465,0.8602,186000,14.33,RGB
Clothes,clothes1152_1.jpg,.jpg,400,711,0.5626,284400,51.5,RGB
Clothes,clothes1153_1.jpg,.jpg,400,533,0.7505,213200,49.15,RGB
Clothes,clothes1154_1.jpg,.jpg,400,534,0.7491,213600,22.44,RGB
Clothes,clothes1155_1.jpg,.jpg,533,400,1.3325,213200,18.24,RGB
Clothes,clothes1156_1.jpg,.jpg,867,400,2.1675,346800,33.3,RGB
Clothes,clothes1157_1.jpg,.jpg,400,533,0.7505,213200,45.35,RGB
Clothes,clothes1158_1.jpg,.jpg,400,533,0.7505,213200,43.17,RGB
Clothes,clothes1159_1.jpg,.jpg,400,533,0.7505,213200,25.6,RGB
Clothes,clothes116_1.jpg,.jpg,400,533,0.7505,213200,19.97,RGB
Clothes,clothes1160_1.jpg,.jpg,400,536,0.7463,214400,26.36,RGB
Clothes,clothes1161_1.jpg,.jpg,400,711,0.5626,284400,50.31,RGB
Clothes,clothes1162_1.jpg,.jpg,400,400,1.0,160000,42.06,RGB
Clothes,clothes1163_1.jpg,.jpg,400,711,0.5626,284400,41.38,RGB
Clothes,clothes1164_1.jpg,.jpg,400,712,0.5618,284800,50.67,RGB
Clothes,clothes1165_1.jpg,.jpg,400,477,0.8386,190800,27.8,RGB
Clothes,clothes1166_1.jpg,.jpg,400,410,0.9756,164000,17.08,RGB
Clothes,clothes1167_1.jpg,.jpg,400,533,0.7505,213200,18.47,RGB
Clothes,clothes1168_1.jpg,.jpg,400,533,0.7505,213200,22.25,RGB
Clothes,clothes1169_1.jpg,.jpg,400,533,0.7505,213200,38.33,RGB
Clothes,clothes117_1.jpg,.jpg,400,533,0.7505,213200,28.67,RGB
Clothes,clothes1170_1.jpg,.jpg,533,400,1.3325,213200,33.75,RGB
Clothes,clothes1171_1.jpg,.jpg,400,400,1.0,160000,42.03,RGB
Clothes,clothes1172_1.jpg,.jpg,400,558,0.7168,223200,28.43,RGB
Clothes,clothes1173_1.jpg,.jpg,400,420,0.9524,168000,17.87,RGB
Clothes,clothes1174_1.jpg,.jpg,400,427,0.9368,170800,16.55,RGB
Clothes,clothes1175_1.jpg,.jpg,711,400,1.7775,284400,23.48,RGB
Clothes,clothes1176_1.jpg,.jpg,400,474,0.8439,189600,16.43,RGB
Clothes,clothes1177_1.jpg,.jpg,400,437,0.9153,174800,26.2,RGB
Clothes,clothes1178_1.jpg,.jpg,400,445,0.8989,178000,11.55,RGB
Clothes,clothes1179_1.jpg,.jpg,400,533,0.7505,213200,18.91,RGB
Clothes,clothes118_1.jpg,.jpg,400,533,0.7505,213200,27.31,RGB
Clothes,clothes1180_1.jpg,.jpg,534,400,1.335,213600,19.78,RGB
Clothes,clothes1181_1.jpg,.jpg,400,533,0.7505,213200,20.76,RGB
Clothes,clothes1182_1.jpg,.jpg,400,533,0.7505,213200,44.91,RGB
Clothes,clothes1183_1.jpg,.jpg,400,533,0.7505,213200,54.08,RGB
Clothes,clothes1184_1.jpg,.jpg,400,533,0.7505,213200,29.76,RGB
Clothes,clothes1185_1.jpg,.jpg,400,568,0.7042,227200,34.25,RGB
Clothes,clothes1186_1.jpg,.jpg,440,400,1.1,176000,19.45,RGB
Clothes,clothes1187_1.jpg,.jpg,400,533,0.7505,213200,22.23,RGB
Clothes,clothes1188_1.jpg,.jpg,400,534,0.7491,213600,21.99,RGB
Clothes,clothes1189_1.jpg,.jpg,400,533,0.7505,213200,18.97,RGB
Clothes,clothes119_1.jpg,.jpg,400,400,1.0,160000,18.06,RGB
Clothes,clothes1190_1.jpg,.jpg,400,533,0.7505,213200,28.56,RGB
Clothes,clothes1191_1.jpg,.jpg,400,534,0.7491,213600,20.74,RGB
Clothes,clothes1192_1.jpg,.jpg,400,533,0.7505,213200,21.63,RGB
Clothes,clothes1193_1.jpg,.jpg,400,533,0.7505,213200,18.22,RGB
Clothes,clothes1194_1.jpg,.jpg,400,487,0.8214,194800,16.09,RGB
Clothes,clothes1195_1.jpg,.jpg,400,533,0.7505,213200,18.97,RGB
Clothes,clothes1196_1.jpg,.jpg,400,450,0.8889,180000,29.0,RGB
Clothes,clothes1197_1.jpg,.jpg,533,400,1.3325,213200,20.99,RGB
Clothes,clothes1198_1.jpg,.jpg,400,711,0.5626,284400,26.92,RGB
Clothes,clothes1199_1.jpg,.jpg,400,564,0.7092,225600,32.94,RGB
Clothes,clothes12_1.jpg,.jpg,400,534,0.7491,213600,27.7,RGB
Clothes,clothes120_1.jpg,.jpg,400,610,0.6557,244000,45.05,RGB
Clothes,clothes1200_1.jpg,.jpg,400,768,0.5208,307200,70.94,RGB
Clothes,clothes1201_1.jpg,.jpg,400,533,0.7505,213200,31.07,RGB
Clothes,clothes1202_1.jpg,.jpg,400,533,0.7505,213200,47.47,RGB
Clothes,clothes1203_1.jpg,.jpg,400,533,0.7505,213200,33.19,RGB
Clothes,clothes1204_1.jpg,.jpg,400,533,0.7505,213200,14.98,RGB
Clothes,clothes1205_1.jpg,.jpg,639,400,1.5975,255600,37.14,RGB
Clothes,clothes1206_1.jpg,.jpg,400,442,0.905,176800,23.59,RGB
Clothes,clothes1207_1.jpg,.jpg,534,400,1.335,213600,16.76,RGB
Clothes,clothes1208_1.jpg,.jpg,400,533,0.7505,213200,15.14,RGB
Clothes,clothes1209_1.jpg,.jpg,400,534,0.7491,213600,26.16,RGB
Clothes,clothes121_1.jpg,.jpg,420,400,1.05,168000,23.13,RGB
Clothes,clothes1210_1.jpg,.jpg,400,485,0.8247,194000,23.74,RGB
Clothes,clothes1211_1.jpg,.jpg,400,400,1.0,160000,14.15,RGB
Clothes,clothes1212_1.jpg,.jpg,400,533,0.7505,213200,14.62,RGB
Clothes,clothes1213_1.jpg,.jpg,533,400,1.3325,213200,18.3,RGB
Clothes,clothes1214_1.jpg,.jpg,400,533,0.7505,213200,17.59,RGB
Clothes,clothes1215_1.jpg,.jpg,400,533,0.7505,213200,25.84,RGB
Clothes,clothes1216_1.jpg,.jpg,400,420,0.9524,168000,22.15,RGB
Clothes,clothes1217_1.jpg,.jpg,400,494,0.8097,197600,19.61,RGB
Clothes,clothes1218_1.jpg,.jpg,481,400,1.2025,192400,18.63,RGB
Clothes,clothes1219_1.jpg,.jpg,400,533,0.7505,213200,20.75,RGB
Clothes,clothes122_1.jpg,.jpg,400,534,0.7491,213600,21.1,RGB
Clothes,clothes1220_1.jpg,.jpg,400,533,0.7505,213200,27.79,RGB
Clothes,clothes1221_1.jpg,.jpg,400,533,0.7505,213200,30.33,RGB
Clothes,clothes1222_1.jpg,.jpg,400,534,0.7491,213600,13.39,RGB
Clothes,clothes1223_1.jpg,.jpg,400,534,0.7491,213600,17.11,RGB
Clothes,clothes1224_1.jpg,.jpg,400,472,0.8475,188800,17.27,RGB
Clothes,clothes1225_1.jpg,.jpg,400,533,0.7505,213200,17.19,RGB
Clothes,clothes1226_1.jpg,.jpg,400,533,0.7505,213200,22.97,RGB
Clothes,clothes1227_1.jpg,.jpg,400,533,0.7505,213200,30.4,RGB
Clothes,clothes1228_1.jpg,.jpg,400,534,0.7491,213600,22.01,RGB
Clothes,clothes1229_1.jpg,.jpg,533,400,1.3325,213200,42.32,RGB
Clothes,clothes123_1.jpg,.jpg,400,534,0.7491,213600,35.34,RGB
Clothes,clothes1230_1.jpg,.jpg,400,533,0.7505,213200,20.54,RGB
Clothes,clothes1231_1.jpg,.jpg,400,533,0.7505,213200,37.81,RGB
Clothes,clothes1232_1.jpg,.jpg,400,533,0.7505,213200,45.09,RGB
Clothes,clothes1233_1.jpg,.jpg,400,533,0.7505,213200,23.72,RGB
Clothes,clothes1234_1.jpg,.jpg,400,533,0.7505,213200,34.91,RGB
Clothes,clothes1235_1.jpg,.jpg,711,400,1.7775,284400,40.66,RGB
Clothes,clothes1236_1.jpg,.jpg,534,400,1.335,213600,27.39,RGB
Clothes,clothes1237_1.jpg,.jpg,400,534,0.7491,213600,15.05,RGB
Clothes,clothes1238_1.jpg,.jpg,400,533,0.7505,213200,30.47,RGB
Clothes,clothes1239_1.jpg,.jpg,533,400,1.3325,213200,25.23,RGB
Clothes,clothes124_1.jpg,.jpg,400,533,0.7505,213200,22.5,RGB
Clothes,clothes1240_1.jpg,.jpg,400,534,0.7491,213600,16.17,RGB
Clothes,clothes1241_1.jpg,.jpg,533,400,1.3325,213200,17.36,RGB
Clothes,clothes1242_1.jpg,.jpg,400,533,0.7505,213200,17.21,RGB
Clothes,clothes1243_1.jpg,.jpg,400,533,0.7505,213200,40.96,RGB
Clothes,clothes1244_1.jpg,.jpg,400,428,0.9346,171200,13.13,RGB
Clothes,clothes1245_1.jpg,.jpg,400,533,0.7505,213200,47.92,RGB
Clothes,clothes1246_1.jpg,.jpg,533,400,1.3325,213200,18.67,RGB
Clothes,clothes1247_1.jpg,.jpg,409,400,1.0225,163600,19.3,RGB
Clothes,clothes1248_1.jpg,.jpg,400,534,0.7491,213600,22.96,RGB
Clothes,clothes1249_1.jpg,.jpg,400,534,0.7491,213600,18.17,RGB
Clothes,clothes125_1.jpg,.jpg,400,533,0.7505,213200,20.77,RGB
Clothes,clothes1250_1.jpg,.jpg,400,500,0.8,200000,35.24,RGB
Clothes,clothes1251_1.jpg,.jpg,400,532,0.7519,212800,33.41,RGB
Clothes,clothes1252_1.jpg,.jpg,400,638,0.627,255200,28.01,RGB
Clothes,clothes1253_1.jpg,.jpg,400,533,0.7505,213200,17.85,RGB
Clothes,clothes1254_1.jpg,.jpg,441,400,1.1025,176400,27.31,RGB
Clothes,clothes1255_1.jpg,.jpg,400,533,0.7505,213200,37.08,RGB
Clothes,clothes1256_1.jpg,.jpg,400,533,0.7505,213200,29.57,RGB
Clothes,clothes1257_1.jpg,.jpg,400,533,0.7505,213200,20.03,RGB
Clothes,clothes1258_1.jpg,.jpg,400,534,0.7491,213600,27.16,RGB
Clothes,clothes1259_1.jpg,.jpg,693,400,1.7325,277200,32.72,RGB
Clothes,clothes126_1.jpg,.jpg,400,672,0.5952,268800,33.15,RGB
Clothes,clothes1260_1.jpg,.jpg,400,533,0.7505,213200,18.65,RGB
Clothes,clothes1261_1.jpg,.jpg,533,400,1.3325,213200,44.78,RGB
Clothes,clothes1262_1.jpg,.jpg,400,533,0.7505,213200,40.07,RGB
Clothes,clothes1263_1.jpg,.jpg,400,534,0.7491,213600,23.33,RGB
Clothes,clothes1264_1.jpg,.jpg,400,400,1.0,160000,21.9,RGB
Clothes,clothes1265_1.jpg,.jpg,400,533,0.7505,213200,20.58,RGB
Clothes,clothes1266_1.jpg,.jpg,400,534,0.7491,213600,26.56,RGB
Clothes,clothes1267_1.jpg,.jpg,622,400,1.555,248800,28.51,RGB
Clothes,clothes1268_1.jpg,.jpg,400,533,0.7505,213200,21.38,RGB
Clothes,clothes1269_1.jpg,.jpg,400,534,0.7491,213600,32.11,RGB
Clothes,clothes127_1.jpg,.jpg,400,533,0.7505,213200,20.33,RGB
Clothes,clothes1270_1.jpg,.jpg,533,400,1.3325,213200,31.66,RGB
Clothes,clothes1271_1.jpg,.jpg,400,711,0.5626,284400,57.37,RGB
Clothes,clothes1272_1.jpg,.jpg,400,533,0.7505,213200,49.12,RGB
Clothes,clothes1273_1.jpg,.jpg,400,533,0.7505,213200,42.14,RGB
Clothes,clothes1274_1.jpg,.jpg,400,533,0.7505,213200,36.38,RGB
Clothes,clothes1275_1.jpg,.jpg,400,533,0.7505,213200,36.66,RGB
Clothes,clothes1276_1.jpg,.jpg,400,533,0.7505,213200,27.67,RGB
Clothes,clothes1277_1.jpg,.jpg,847,400,2.1175,338800,38.01,RGB
Clothes,clothes1278_1.jpg,.jpg,400,534,0.7491,213600,17.49,RGB
Clothes,clothes1279_1.jpg,.jpg,400,533,0.7505,213200,22.03,RGB
Clothes,clothes128_1.jpg,.jpg,400,400,1.0,160000,16.66,RGB
Clothes,clothes1280_1.jpg,.jpg,400,711,0.5626,284400,26.98,RGB
Clothes,clothes1281_1.jpg,.jpg,400,533,0.7505,213200,29.9,RGB
Clothes,clothes1282_1.jpg,.jpg,400,534,0.7491,213600,16.89,RGB
Clothes,clothes1283_1.jpg,.jpg,400,533,0.7505,213200,44.75,RGB
Clothes,clothes1284_1.jpg,.jpg,400,533,0.7505,213200,25.86,RGB
Clothes,clothes1285_1.jpg,.jpg,400,533,0.7505,213200,45.04,RGB
Clothes,clothes1286_1.jpg,.jpg,533,400,1.3325,213200,26.21,RGB
Clothes,clothes1287_1.jpg,.jpg,400,534,0.7491,213600,21.0,RGB
Clothes,clothes1288_1.jpg,.jpg,888,400,2.22,355200,50.17,RGB
Clothes,clothes1289_1.jpg,.jpg,400,533,0.7505,213200,16.57,RGB
Clothes,clothes129_1.jpg,.jpg,533,400,1.3325,213200,39.1,RGB
Clothes,clothes1290_1.jpg,.jpg,400,533,0.7505,213200,28.46,RGB
Clothes,clothes1291_1.jpg,.jpg,400,418,0.9569,167200,21.08,RGB
Clothes,clothes1292_1.jpg,.jpg,400,532,0.7519,212800,38.14,RGB
Clothes,clothes1293_1.jpg,.jpg,400,533,0.7505,213200,14.43,RGB
Clothes,clothes1294_1.jpg,.jpg,400,533,0.7505,213200,22.03,RGB
Clothes,clothes1295_1.jpg,.jpg,533,400,1.3325,213200,18.74,RGB
Clothes,clothes1296_1.jpg,.jpg,400,533,0.7505,213200,70.95,RGB
Clothes,clothes1297_1.jpg,.jpg,400,533,0.7505,213200,30.86,RGB
Clothes,clothes1298_1.jpg,.jpg,400,711,0.5626,284400,59.95,RGB
Clothes,clothes1299_1.jpg,.jpg,400,533,0.7505,213200,14.58,RGB
Clothes,clothes13_1.jpg,.jpg,400,534,0.7491,213600,22.52,RGB
Clothes,clothes130_1.jpg,.jpg,400,533,0.7505,213200,15.83,RGB
Clothes,clothes1300_1.jpg,.jpg,400,533,0.7505,213200,34.26,RGB
Clothes,clothes1301_1.jpg,.jpg,534,400,1.335,213600,21.07,RGB
Clothes,clothes1302_1.jpg,.jpg,400,505,0.7921,202000,23.29,RGB
Clothes,clothes1303_1.jpg,.jpg,400,533,0.7505,213200,35.69,RGB
Clothes,clothes1304_1.jpg,.jpg,400,533,0.7505,213200,40.79,RGB
Clothes,clothes1305_1.jpg,.jpg,400,533,0.7505,213200,25.25,RGB
Clothes,clothes1306_1.jpg,.jpg,400,533,0.7505,213200,28.01,RGB
Clothes,clothes1307_1.jpg,.jpg,400,533,0.7505,213200,38.59,RGB
Clothes,clothes1308_1.jpg,.jpg,533,400,1.3325,213200,26.03,RGB
Clothes,clothes1309_1.jpg,.jpg,400,533,0.7505,213200,16.66,RGB
Clothes,clothes131_1.jpg,.jpg,400,533,0.7505,213200,23.3,RGB
Clothes,clothes1310_1.jpg,.jpg,400,533,0.7505,213200,20.29,RGB
Clothes,clothes1311_1.jpg,.jpg,400,533,0.7505,213200,49.82,RGB
Clothes,clothes1312_1.jpg,.jpg,533,400,1.3325,213200,45.17,RGB
Clothes,clothes1313_1.jpg,.jpg,400,533,0.7505,213200,49.4,RGB
Clothes,clothes1314_1.jpg,.jpg,400,400,1.0,160000,20.7,RGB
Clothes,clothes1315_1.jpg,.jpg,400,533,0.7505,213200,22.76,RGB
Clothes,clothes1316_1.jpg,.jpg,534,400,1.335,213600,20.58,RGB
Clothes,clothes1317_1.jpg,.jpg,400,534,0.7491,213600,27.13,RGB
Clothes,clothes1318_1.jpg,.jpg,400,534,0.7491,213600,16.54,RGB
Clothes,clothes1319_1.jpg,.jpg,400,533,0.7505,213200,27.0,RGB
Clothes,clothes132_1.jpg,.jpg,400,534,0.7491,213600,19.37,RGB
Clothes,clothes1320_1.jpg,.jpg,400,458,0.8734,183200,15.48,RGB
Clothes,clothes1321_1.jpg,.jpg,400,534,0.7491,213600,23.77,RGB
Clothes,clothes1322_1.jpg,.jpg,525,400,1.3125,210000,34.02,RGB
Clothes,clothes1323_1.jpg,.jpg,400,534,0.7491,213600,29.08,RGB
Clothes,clothes1324_1.jpg,.jpg,400,533,0.7505,213200,28.83,RGB
Clothes,clothes1325_1.jpg,.jpg,400,435,0.9195,174000,17.72,RGB
Clothes,clothes1326_1.jpg,.jpg,400,533,0.7505,213200,34.53,RGB
Clothes,clothes1327_1.jpg,.jpg,400,465,0.8602,186000,23.02,RGB
Clothes,clothes1328_1.jpg,.jpg,400,533,0.7505,213200,17.52,RGB
Clothes,clothes1329_1.jpg,.jpg,400,533,0.7505,213200,16.56,RGB
Clothes,clothes133_1.jpg,.jpg,400,533,0.7505,213200,48.84,RGB
Clothes,clothes1330_1.jpg,.jpg,400,534,0.7491,213600,20.12,RGB
Clothes,clothes1331_1.jpg,.jpg,400,534,0.7491,213600,23.4,RGB
Clothes,clothes1332_1.jpg,.jpg,533,400,1.3325,213200,24.83,RGB
Clothes,clothes1333_1.jpg,.jpg,533,400,1.3325,213200,35.96,RGB
Clothes,clothes1334_1.jpg,.jpg,400,533,0.7505,213200,30.39,RGB
Clothes,clothes1335_1.jpg,.jpg,400,534,0.7491,213600,15.86,RGB
Clothes,clothes1336_1.jpg,.jpg,400,533,0.7505,213200,23.77,RGB
Clothes,clothes1337_1.jpg,.jpg,400,533,0.7505,213200,26.42,RGB
Clothes,clothes1338_1.jpg,.jpg,400,533,0.7505,213200,49.26,RGB
Clothes,clothes1339_1.jpg,.jpg,400,533,0.7505,213200,16.17,RGB
Clothes,clothes134_1.jpg,.jpg,400,533,0.7505,213200,24.29,RGB
Clothes,clothes1340_1.jpg,.jpg,400,534,0.7491,213600,20.58,RGB
Clothes,clothes1341_1.jpg,.jpg,400,533,0.7505,213200,62.14,RGB
Clothes,clothes1342_1.jpg,.jpg,400,534,0.7491,213600,21.73,RGB
Clothes,clothes1343_1.jpg,.jpg,400,533,0.7505,213200,21.49,RGB
Clothes,clothes1344_1.jpg,.jpg,400,533,0.7505,213200,19.92,RGB
Clothes,clothes1345_1.jpg,.jpg,400,533,0.7505,213200,30.35,RGB
Clothes,clothes1346_1.jpg,.jpg,400,456,0.8772,182400,17.75,RGB
Clothes,clothes1347_1.jpg,.jpg,400,581,0.6885,232400,20.69,RGB
Clothes,clothes1348_1.jpg,.jpg,400,533,0.7505,213200,28.27,RGB
Clothes,clothes1349_1.jpg,.jpg,400,534,0.7491,213600,14.23,RGB
Clothes,clothes135_1.jpg,.jpg,400,710,0.5634,284000,64.37,RGB
Clothes,clothes1350_1.jpg,.jpg,400,533,0.7505,213200,20.27,RGB
Clothes,clothes1351_1.jpg,.jpg,711,400,1.7775,284400,42.87,RGB
Clothes,clothes1352_1.jpg,.jpg,400,602,0.6645,240800,25.9,RGB
Clothes,clothes1353_1.jpg,.jpg,400,533,0.7505,213200,18.5,RGB
Clothes,clothes1354_1.jpg,.jpg,400,582,0.6873,232800,17.86,RGB
Clothes,clothes1355_1.jpg,.jpg,400,534,0.7491,213600,16.58,RGB
Clothes,clothes1356_1.jpg,.jpg,400,711,0.5626,284400,22.12,RGB
Clothes,clothes1357_1.jpg,.jpg,400,533,0.7505,213200,16.73,RGB
Clothes,clothes1358_1.jpg,.jpg,400,533,0.7505,213200,18.28,RGB
Clothes,clothes1359_1.jpg,.jpg,400,533,0.7505,213200,33.9,RGB
Clothes,clothes136_1.jpg,.jpg,400,534,0.7491,213600,13.43,RGB
Clothes,clothes1360_1.jpg,.jpg,400,533,0.7505,213200,25.08,RGB
Clothes,clothes1361_1.jpg,.jpg,400,534,0.7491,213600,21.71,RGB
Clothes,clothes1362_1.jpg,.jpg,400,425,0.9412,170000,21.49,RGB
Clothes,clothes1363_1.jpg,.jpg,400,534,0.7491,213600,18.38,RGB
Clothes,clothes1364_1.jpg,.jpg,400,534,0.7491,213600,15.4,RGB
Clothes,clothes1365_1.jpg,.jpg,400,711,0.5626,284400,52.83,RGB
Clothes,clothes1366_1.jpg,.jpg,400,534,0.7491,213600,16.94,RGB
Clothes,clothes1367_1.jpg,.jpg,400,533,0.7505,213200,15.86,RGB
Clothes,clothes1368_1.jpg,.jpg,400,533,0.7505,213200,14.69,RGB
Clothes,clothes1369_1.jpg,.jpg,400,400,1.0,160000,23.07,RGB
Clothes,clothes137_1.jpg,.jpg,400,533,0.7505,213200,29.32,RGB
Clothes,clothes1370_1.jpg,.jpg,400,711,0.5626,284400,47.29,RGB
Clothes,clothes1371_1.jpg,.jpg,400,533,0.7505,213200,23.32,RGB
Clothes,clothes1372_1.jpg,.jpg,400,533,0.7505,213200,30.29,RGB
Clothes,clothes1373_1.jpg,.jpg,400,533,0.7505,213200,29.54,RGB
Clothes,clothes1374_1.jpg,.jpg,400,434,0.9217,173600,23.71,RGB
Clothes,clothes1375_1.jpg,.jpg,533,400,1.3325,213200,33.89,RGB
Clothes,clothes1376_1.jpg,.jpg,400,533,0.7505,213200,30.06,RGB
Clothes,clothes1377_1.jpg,.jpg,400,533,0.7505,213200,16.87,RGB
Clothes,clothes1378_1.jpg,.jpg,400,411,0.9732,164400,45.97,RGB
Clothes,clothes1379_1.jpg,.jpg,400,532,0.7519,212800,39.12,RGB
Clothes,clothes138_1.jpg,.jpg,400,440,0.9091,176000,21.34,RGB
Clothes,clothes1380_1.jpg,.jpg,653,400,1.6325,261200,25.98,RGB
Clothes,clothes1381_1.jpg,.jpg,533,400,1.3325,213200,25.94,RGB
Clothes,clothes1382_1.jpg,.jpg,400,534,0.7491,213600,41.66,RGB
Clothes,clothes1383_1.jpg,.jpg,533,400,1.3325,213200,18.67,RGB
Clothes,clothes1384_1.jpg,.jpg,400,468,0.8547,187200,28.86,RGB
Clothes,clothes1385_1.jpg,.jpg,400,533,0.7505,213200,43.02,RGB
Clothes,clothes1386_1.jpg,.jpg,400,534,0.7491,213600,13.46,RGB
Clothes,clothes1387_1.jpg,.jpg,400,533,0.7505,213200,30.34,RGB
Clothes,clothes1388_1.jpg,.jpg,400,711,0.5626,284400,53.11,RGB
Clothes,clothes1389_1.jpg,.jpg,400,534,0.7491,213600,20.59,RGB
Clothes,clothes139_1.jpg,.jpg,400,533,0.7505,213200,14.02,RGB
Clothes,clothes1390_1.jpg,.jpg,713,400,1.7825,285200,33.57,RGB
Clothes,clothes1391_1.jpg,.jpg,400,533,0.7505,213200,18.76,RGB
Clothes,clothes1392_1.jpg,.jpg,400,534,0.7491,213600,19.58,RGB
Clothes,clothes1393_1.jpg,.jpg,400,400,1.0,160000,17.67,RGB
Clothes,clothes1394_1.jpg,.jpg,400,533,0.7505,213200,19.99,RGB
Clothes,clothes1395_1.jpg,.jpg,400,533,0.7505,213200,25.88,RGB
Clothes,clothes1396_1.jpg,.jpg,400,533,0.7505,213200,19.41,RGB
Clothes,clothes1397_1.jpg,.jpg,400,534,0.7491,213600,31.67,RGB
Clothes,clothes1398_1.jpg,.jpg,400,533,0.7505,213200,30.17,RGB
Clothes,clothes1399_1.jpg,.jpg,400,483,0.8282,193200,19.25,RGB
Clothes,clothes14_1.jpg,.jpg,400,534,0.7491,213600,20.48,RGB
Clothes,clothes140_1.jpg,.jpg,400,533,0.7505,213200,29.07,RGB
Clothes,clothes1400_1.jpg,.jpg,400,534,0.7491,213600,35.66,RGB
Clothes,clothes1401_1.jpg,.jpg,400,533,0.7505,213200,37.2,RGB
Clothes,clothes1402_1.jpg,.jpg,400,533,0.7505,213200,62.9,RGB
Clothes,clothes1403_1.jpg,.jpg,400,534,0.7491,213600,19.94,RGB
Clothes,clothes1404_1.jpg,.jpg,400,533,0.7505,213200,20.39,RGB
Clothes,clothes1405_1.jpg,.jpg,400,482,0.8299,192800,17.52,RGB
Clothes,clothes1406_1.jpg,.jpg,400,533,0.7505,213200,13.72,RGB
Clothes,clothes1407_1.jpg,.jpg,400,533,0.7505,213200,35.26,RGB
Clothes,clothes1408_1.jpg,.jpg,400,533,0.7505,213200,21.66,RGB
Clothes,clothes1409_1.jpg,.jpg,400,533,0.7505,213200,38.91,RGB
Clothes,clothes141_1.jpg,.jpg,400,533,0.7505,213200,33.77,RGB
Clothes,clothes1410_1.jpg,.jpg,400,400,1.0,160000,23.8,RGB
Clothes,clothes1411_1.jpg,.jpg,457,400,1.1425,182800,48.14,RGB
Clothes,clothes1412_1.jpg,.jpg,400,600,0.6667,240000,33.12,RGB
Clothes,clothes1413_1.jpg,.jpg,533,400,1.3325,213200,34.61,RGB
Clothes,clothes1414_1.jpg,.jpg,400,533,0.7505,213200,20.09,RGB
Clothes,clothes1415_1.jpg,.jpg,400,443,0.9029,177200,31.14,RGB
Clothes,clothes1416_1.jpg,.jpg,400,534,0.7491,213600,20.64,RGB
Clothes,clothes1417_1.jpg,.jpg,400,533,0.7505,213200,34.89,RGB
Clothes,clothes1418_1.jpg,.jpg,400,533,0.7505,213200,47.39,RGB
Clothes,clothes1419_1.jpg,.jpg,400,533,0.7505,213200,49.32,RGB
Clothes,clothes142_1.jpg,.jpg,400,533,0.7505,213200,18.92,RGB
Clothes,clothes1420_1.jpg,.jpg,400,416,0.9615,166400,13.68,RGB
Clothes,clothes1421_1.jpg,.jpg,673,400,1.6825,269200,34.34,RGB
Clothes,clothes1422_1.jpg,.jpg,400,474,0.8439,189600,22.51,RGB
Clothes,clothes1423_1.jpg,.jpg,400,533,0.7505,213200,11.32,RGB
Clothes,clothes1424_1.jpg,.jpg,400,527,0.759,210800,27.81,RGB
Clothes,clothes1425_1.jpg,.jpg,400,533,0.7505,213200,42.55,RGB
Clothes,clothes1426_1.jpg,.jpg,400,711,0.5626,284400,70.36,RGB
Clothes,clothes1427_1.jpg,.jpg,400,533,0.7505,213200,28.48,RGB
Clothes,clothes1428_1.jpg,.jpg,400,533,0.7505,213200,14.36,RGB
Clothes,clothes1429_1.jpg,.jpg,400,533,0.7505,213200,34.37,RGB
Clothes,clothes143_1.jpg,.jpg,400,441,0.907,176400,20.39,RGB
Clothes,clothes1430_1.jpg,.jpg,400,451,0.8869,180400,33.54,RGB
Clothes,clothes1431_1.jpg,.jpg,747,400,1.8675,298800,25.7,RGB
Clothes,clothes1432_1.jpg,.jpg,400,400,1.0,160000,19.6,RGB
Clothes,clothes1433_1.jpg,.jpg,400,533,0.7505,213200,27.06,RGB
Clothes,clothes1434_1.jpg,.jpg,400,400,1.0,160000,17.93,RGB
Clothes,clothes1435_1.jpg,.jpg,400,482,0.8299,192800,27.91,RGB
Clothes,clothes1436_1.jpg,.jpg,400,534,0.7491,213600,31.53,RGB
Clothes,clothes1437_1.jpg,.jpg,400,533,0.7505,213200,35.06,RGB
Clothes,clothes1438_1.jpg,.jpg,400,533,0.7505,213200,16.87,RGB
Clothes,clothes1439_1.jpg,.jpg,400,533,0.7505,213200,24.33,RGB
Clothes,clothes144_1.jpg,.jpg,400,533,0.7505,213200,52.08,RGB
Clothes,clothes1440_1.jpg,.jpg,400,533,0.7505,213200,17.12,RGB
Clothes,clothes1441_1.jpg,.jpg,400,534,0.7491,213600,22.36,RGB
Clothes,clothes1442_1.jpg,.jpg,400,532,0.7519,212800,35.03,RGB
Clothes,clothes1443_1.jpg,.jpg,400,533,0.7505,213200,23.75,RGB
Clothes,clothes1444_1.jpg,.jpg,400,533,0.7505,213200,34.25,RGB
Clothes,clothes1445_1.jpg,.jpg,400,533,0.7505,213200,46.21,RGB
Clothes,clothes1446_1.jpg,.jpg,400,534,0.7491,213600,15.86,RGB
Clothes,clothes1447_1.jpg,.jpg,400,533,0.7505,213200,16.83,RGB
Clothes,clothes1448_1.jpg,.jpg,533,400,1.3325,213200,48.78,RGB
Clothes,clothes1449_1.jpg,.jpg,400,534,0.7491,213600,38.81,RGB
Clothes,clothes145_1.jpg,.jpg,400,533,0.7505,213200,15.41,RGB
Clothes,clothes1450_1.jpg,.jpg,400,533,0.7505,213200,18.82,RGB
Clothes,clothes1451_1.jpg,.jpg,400,533,0.7505,213200,24.53,RGB
Clothes,clothes1452_1.jpg,.jpg,400,711,0.5626,284400,40.38,RGB
Clothes,clothes1453_1.jpg,.jpg,400,533,0.7505,213200,20.98,RGB
Clothes,clothes1454_1.jpg,.jpg,400,533,0.7505,213200,17.64,RGB
Clothes,clothes1455_1.jpg,.jpg,400,450,0.8889,180000,13.79,RGB
Clothes,clothes1456_1.jpg,.jpg,400,533,0.7505,213200,49.57,RGB
Clothes,clothes1457_1.jpg,.jpg,400,533,0.7505,213200,33.5,RGB
Clothes,clothes1458_1.jpg,.jpg,400,533,0.7505,213200,19.78,RGB
Clothes,clothes1459_1.jpg,.jpg,400,470,0.8511,188000,19.75,RGB
Clothes,clothes146_1.jpg,.jpg,400,533,0.7505,213200,35.32,RGB
Clothes,clothes1460_1.jpg,.jpg,400,534,0.7491,213600,18.44,RGB
Clothes,clothes1461_1.jpg,.jpg,400,533,0.7505,213200,17.64,RGB
Clothes,clothes1462_1.jpg,.jpg,533,400,1.3325,213200,25.3,RGB
Clothes,clothes1463_1.jpg,.jpg,400,469,0.8529,187600,25.02,RGB
Clothes,clothes1464_1.jpg,.jpg,400,533,0.7505,213200,35.18,RGB
Clothes,clothes1465_1.jpg,.jpg,400,533,0.7505,213200,26.48,RGB
Clothes,clothes1466_1.jpg,.jpg,400,534,0.7491,213600,18.72,RGB
Clothes,clothes1467_1.jpg,.jpg,400,534,0.7491,213600,15.16,RGB
Clothes,clothes1468_1.jpg,.jpg,534,400,1.335,213600,18.35,RGB
Clothes,clothes1469_1.jpg,.jpg,400,534,0.7491,213600,19.87,RGB
Clothes,clothes147_1.jpg,.jpg,400,435,0.9195,174000,11.3,RGB
Clothes,clothes1470_1.jpg,.jpg,400,534,0.7491,213600,27.6,RGB
Clothes,clothes1471_1.jpg,.jpg,400,533,0.7505,213200,24.31,RGB
Clothes,clothes1472_1.jpg,.jpg,533,400,1.3325,213200,26.47,RGB
Clothes,clothes1473_1.jpg,.jpg,400,534,0.7491,213600,17.22,RGB
Clothes,clothes1474_1.jpg,.jpg,400,533,0.7505,213200,24.83,RGB
Clothes,clothes1475_1.jpg,.jpg,400,534,0.7491,213600,17.17,RGB
Clothes,clothes1476_1.jpg,.jpg,534,400,1.335,213600,21.53,RGB
Clothes,clothes1477_1.jpg,.jpg,400,533,0.7505,213200,43.98,RGB
Clothes,clothes1478_1.jpg,.jpg,400,400,1.0,160000,43.72,RGB
Clothes,clothes1479_1.jpg,.jpg,400,533,0.7505,213200,19.02,RGB
Clothes,clothes148_1.jpg,.jpg,847,400,2.1175,338800,48.04,RGB
Clothes,clothes1480_1.jpg,.jpg,400,533,0.7505,213200,15.3,RGB
Clothes,clothes1481_1.jpg,.jpg,534,400,1.335,213600,13.88,RGB
Clothes,clothes1482_1.jpg,.jpg,400,533,0.7505,213200,30.24,RGB
Clothes,clothes1483_1.jpg,.jpg,400,533,0.7505,213200,24.43,RGB
Clothes,clothes1484_1.jpg,.jpg,400,533,0.7505,213200,42.17,RGB
Clothes,clothes1485_1.jpg,.jpg,400,533,0.7505,213200,30.26,RGB
Clothes,clothes1486_1.jpg,.jpg,400,533,0.7505,213200,41.24,RGB
Clothes,clothes1487_1.jpg,.jpg,400,533,0.7505,213200,30.71,RGB
Clothes,clothes1488_1.jpg,.jpg,400,533,0.7505,213200,24.18,RGB
Clothes,clothes1489_1.jpg,.jpg,400,476,0.8403,190400,14.55,RGB
Clothes,clothes149_1.jpg,.jpg,400,534,0.7491,213600,28.47,RGB
Clothes,clothes1490_1.jpg,.jpg,534,400,1.335,213600,25.8,RGB
Clothes,clothes1491_1.jpg,.jpg,400,533,0.7505,213200,39.25,RGB
Clothes,clothes1492_1.jpg,.jpg,400,434,0.9217,173600,10.72,RGB
Clothes,clothes1493_1.jpg,.jpg,400,533,0.7505,213200,21.84,RGB
Clothes,clothes1494_1.jpg,.jpg,533,400,1.3325,213200,29.08,RGB
Clothes,clothes1495_1.jpg,.jpg,534,400,1.335,213600,18.81,RGB
Clothes,clothes1496_1.jpg,.jpg,400,576,0.6944,230400,25.72,RGB
Clothes,clothes1497_1.jpg,.jpg,400,534,0.7491,213600,38.88,RGB
Clothes,clothes1498_1.jpg,.jpg,400,534,0.7491,213600,20.44,RGB
Clothes,clothes1499_1.jpg,.jpg,400,400,1.0,160000,19.45,RGB
Clothes,clothes15_1.jpg,.jpg,400,534,0.7491,213600,19.62,RGB
Clothes,clothes150_1.jpg,.jpg,400,533,0.7505,213200,21.23,RGB
Clothes,clothes1500_1.jpg,.jpg,400,533,0.7505,213200,32.73,RGB
Clothes,clothes1501_1.jpg,.jpg,400,400,1.0,160000,22.73,RGB
Clothes,clothes1502_1.jpg,.jpg,400,711,0.5626,284400,28.45,RGB
Clothes,clothes1503_1.jpg,.jpg,429,400,1.0725,171600,25.31,RGB
Clothes,clothes1504_1.jpg,.jpg,400,533,0.7505,213200,20.34,RGB
Clothes,clothes1505_1.jpg,.jpg,400,534,0.7491,213600,33.56,RGB
Clothes,clothes1506_1.jpg,.jpg,400,533,0.7505,213200,32.93,RGB
Clothes,clothes1507_1.jpg,.jpg,400,533,0.7505,213200,27.62,RGB
Clothes,clothes1508_1.jpg,.jpg,400,534,0.7491,213600,16.99,RGB
Clothes,clothes1509_1.jpg,.jpg,481,400,1.2025,192400,25.35,RGB
Clothes,clothes151_1.jpg,.jpg,400,534,0.7491,213600,16.01,RGB
Clothes,clothes1510_1.jpg,.jpg,400,711,0.5626,284400,34.8,RGB
Clothes,clothes1511_1.jpg,.jpg,400,533,0.7505,213200,42.03,RGB
Clothes,clothes1512_1.jpg,.jpg,400,533,0.7505,213200,23.2,RGB
Clothes,clothes1513_1.jpg,.jpg,400,533,0.7505,213200,13.96,RGB
Clothes,clothes1514_1.jpg,.jpg,533,400,1.3325,213200,37.89,RGB
Clothes,clothes1515_1.jpg,.jpg,400,533,0.7505,213200,31.5,RGB
Clothes,clothes1516_1.jpg,.jpg,411,400,1.0275,164400,27.11,RGB
Clothes,clothes1517_1.jpg,.jpg,400,533,0.7505,213200,20.99,RGB
Clothes,clothes1518_1.jpg,.jpg,400,451,0.8869,180400,24.96,RGB
Clothes,clothes1519_1.jpg,.jpg,400,711,0.5626,284400,37.54,RGB
Clothes,clothes152_1.jpg,.jpg,400,533,0.7505,213200,27.38,RGB
Clothes,clothes1520_1.jpg,.jpg,400,533,0.7505,213200,17.43,RGB
Clothes,clothes1521_1.jpg,.jpg,400,533,0.7505,213200,23.63,RGB
Clothes,clothes1522_1.jpg,.jpg,400,711,0.5626,284400,26.14,RGB
Clothes,clothes1523_1.jpg,.jpg,400,533,0.7505,213200,17.46,RGB
Clothes,clothes1524_1.jpg,.jpg,400,533,0.7505,213200,23.89,RGB
Clothes,clothes1525_1.jpg,.jpg,400,400,1.0,160000,34.1,RGB
Clothes,clothes1526_1.jpg,.jpg,400,533,0.7505,213200,35.05,RGB
Clothes,clothes1527_1.jpg,.jpg,711,400,1.7775,284400,30.58,RGB
Clothes,clothes1528_1.jpg,.jpg,400,711,0.5626,284400,84.27,RGB
Clothes,clothes1529_1.jpg,.jpg,400,533,0.7505,213200,32.17,RGB
Clothes,clothes153_1.jpg,.jpg,400,436,0.9174,174400,32.68,RGB
Clothes,clothes1530_1.jpg,.jpg,400,534,0.7491,213600,20.62,RGB
Clothes,clothes1531_1.jpg,.jpg,400,532,0.7519,212800,37.21,RGB
Clothes,clothes1532_1.jpg,.jpg,400,533,0.7505,213200,17.55,RGB
Clothes,clothes1533_1.jpg,.jpg,533,400,1.3325,213200,23.76,RGB
Clothes,clothes1534_1.jpg,.jpg,400,711,0.5626,284400,51.96,RGB
Clothes,clothes1535_1.jpg,.jpg,400,533,0.7505,213200,59.26,RGB
Clothes,clothes1536_1.jpg,.jpg,400,476,0.8403,190400,25.56,RGB
Clothes,clothes1537_1.jpg,.jpg,400,533,0.7505,213200,34.74,RGB
Clothes,clothes1538_1.jpg,.jpg,410,400,1.025,164000,36.55,RGB
Clothes,clothes1539_1.jpg,.jpg,400,711,0.5626,284400,32.39,RGB
Clothes,clothes154_1.jpg,.jpg,400,408,0.9804,163200,12.09,RGB
Clothes,clothes1540_1.jpg,.jpg,400,533,0.7505,213200,19.81,RGB
Clothes,clothes1541_1.jpg,.jpg,400,412,0.9709,164800,20.74,RGB
Clothes,clothes1542_1.jpg,.jpg,400,513,0.7797,205200,18.51,RGB
Clothes,clothes1543_1.jpg,.jpg,400,533,0.7505,213200,22.38,RGB
Clothes,clothes1544_1.jpg,.jpg,400,534,0.7491,213600,50.5,RGB
Clothes,clothes1545_1.jpg,.jpg,711,400,1.7775,284400,39.63,RGB
Clothes,clothes1546_1.jpg,.jpg,400,532,0.7519,212800,18.85,RGB
Clothes,clothes1547_1.jpg,.jpg,400,454,0.8811,181600,23.22,RGB
Clothes,clothes1548_1.jpg,.jpg,400,534,0.7491,213600,14.87,RGB
Clothes,clothes1549_1.jpg,.jpg,400,533,0.7505,213200,15.45,RGB
Clothes,clothes155_1.jpg,.jpg,400,533,0.7505,213200,24.85,RGB
Clothes,clothes1550_1.jpg,.jpg,400,533,0.7505,213200,18.77,RGB
Clothes,clothes1551_1.jpg,.jpg,400,533,0.7505,213200,22.75,RGB
Clothes,clothes1552_1.jpg,.jpg,400,534,0.7491,213600,19.45,RGB
Clothes,clothes1553_1.jpg,.jpg,400,533,0.7505,213200,16.05,RGB
Clothes,clothes1554_1.jpg,.jpg,534,400,1.335,213600,20.92,RGB
Clothes,clothes1555_1.jpg,.jpg,400,533,0.7505,213200,36.29,RGB
Clothes,clothes1556_1.jpg,.jpg,400,533,0.7505,213200,18.9,RGB
Clothes,clothes1557_1.jpg,.jpg,400,468,0.8547,187200,27.03,RGB
Clothes,clothes1558_1.jpg,.jpg,400,533,0.7505,213200,16.76,RGB
Clothes,clothes1559_1.jpg,.jpg,400,533,0.7505,213200,31.64,RGB
Clothes,clothes156_1.jpg,.jpg,400,533,0.7505,213200,25.62,RGB
Clothes,clothes1560_1.jpg,.jpg,533,400,1.3325,213200,23.57,RGB
Clothes,clothes1561_1.jpg,.jpg,400,534,0.7491,213600,14.7,RGB
Clothes,clothes1562_1.jpg,.jpg,400,661,0.6051,264400,45.57,RGB
Clothes,clothes1563_1.jpg,.jpg,400,533,0.7505,213200,25.93,RGB
Clothes,clothes1564_1.jpg,.jpg,533,400,1.3325,213200,21.94,RGB
Clothes,clothes1565_1.jpg,.jpg,400,533,0.7505,213200,24.15,RGB
Clothes,clothes1566_1.jpg,.jpg,533,400,1.3325,213200,33.65,RGB
Clothes,clothes1567_1.jpg,.jpg,533,400,1.3325,213200,18.12,RGB
Clothes,clothes1568_1.jpg,.jpg,400,533,0.7505,213200,38.87,RGB
Clothes,clothes1569_1.jpg,.jpg,410,400,1.025,164000,33.15,RGB
Clothes,clothes157_1.jpg,.jpg,400,485,0.8247,194000,20.26,RGB
Clothes,clothes1570_1.jpg,.jpg,400,534,0.7491,213600,17.52,RGB
Clothes,clothes1571_1.jpg,.jpg,533,400,1.3325,213200,25.22,RGB
Clothes,clothes1572_1.jpg,.jpg,400,533,0.7505,213200,20.92,RGB
Clothes,clothes1573_1.jpg,.jpg,400,533,0.7505,213200,35.11,RGB
Clothes,clothes1574_1.jpg,.jpg,400,534,0.7491,213600,19.33,RGB
Clothes,clothes1575_1.jpg,.jpg,400,534,0.7491,213600,19.47,RGB
Clothes,clothes1576_1.jpg,.jpg,431,400,1.0775,172400,24.18,RGB
Clothes,clothes1577_1.jpg,.jpg,534,400,1.335,213600,25.26,RGB
Clothes,clothes1578_1.jpg,.jpg,400,533,0.7505,213200,42.69,RGB
Clothes,clothes1579_1.jpg,.jpg,400,711,0.5626,284400,21.23,RGB
Clothes,clothes158_1.jpg,.jpg,400,533,0.7505,213200,47.11,RGB
Clothes,clothes1580_1.jpg,.jpg,400,533,0.7505,213200,46.15,RGB
Clothes,clothes1581_1.jpg,.jpg,400,420,0.9524,168000,13.07,RGB
Clothes,clothes1582_1.jpg,.jpg,400,584,0.6849,233600,22.19,RGB
Clothes,clothes1583_1.jpg,.jpg,533,400,1.3325,213200,49.71,RGB
Clothes,clothes1584_1.jpg,.jpg,400,533,0.7505,213200,36.34,RGB
Clothes,clothes1585_1.jpg,.jpg,400,533,0.7505,213200,18.85,RGB
Clothes,clothes1586_1.jpg,.jpg,400,449,0.8909,179600,32.93,RGB
Clothes,clothes1587_1.jpg,.jpg,400,534,0.7491,213600,18.68,RGB
Clothes,clothes1588_1.jpg,.jpg,713,400,1.7825,285200,39.85,RGB
Clothes,clothes1589_1.jpg,.jpg,400,533,0.7505,213200,38.33,RGB
Clothes,clothes159_1.jpg,.jpg,400,533,0.7505,213200,36.87,RGB
Clothes,clothes1590_1.jpg,.jpg,400,533,0.7505,213200,16.63,RGB
Clothes,clothes1591_1.jpg,.jpg,400,711,0.5626,284400,18.0,RGB
Clothes,clothes1592_1.jpg,.jpg,400,533,0.7505,213200,25.4,RGB
Clothes,clothes1593_1.jpg,.jpg,400,534,0.7491,213600,16.26,RGB
Clothes,clothes1594_1.jpg,.jpg,407,400,1.0175,162800,15.26,RGB
Clothes,clothes1595_1.jpg,.jpg,400,533,0.7505,213200,30.22,RGB
Clothes,clothes1596_1.jpg,.jpg,400,533,0.7505,213200,21.17,RGB
Clothes,clothes1597_1.jpg,.jpg,400,533,0.7505,213200,50.48,RGB
Clothes,clothes1598_1.jpg,.jpg,400,823,0.486,329200,32.31,RGB
Clothes,clothes1599_1.jpg,.jpg,400,534,0.7491,213600,20.5,RGB
Clothes,clothes16_1.jpg,.jpg,400,533,0.7505,213200,40.65,RGB
Clothes,clothes160_1.jpg,.jpg,400,400,1.0,160000,25.47,RGB
Clothes,clothes1600_1.jpg,.jpg,400,534,0.7491,213600,23.25,RGB
Clothes,clothes1601_1.jpg,.jpg,400,533,0.7505,213200,52.23,RGB
Clothes,clothes1602_1.jpg,.jpg,400,533,0.7505,213200,25.14,RGB
Clothes,clothes1603_1.jpg,.jpg,533,400,1.3325,213200,24.78,RGB
Clothes,clothes1604_1.jpg,.jpg,400,457,0.8753,182800,20.49,RGB
Clothes,clothes1605_1.jpg,.jpg,400,503,0.7952,201200,21.09,RGB
Clothes,clothes1606_1.jpg,.jpg,400,533,0.7505,213200,25.29,RGB
Clothes,clothes1607_1.jpg,.jpg,400,533,0.7505,213200,24.87,RGB
Clothes,clothes1608_1.jpg,.jpg,400,528,0.7576,211200,23.33,RGB
Clothes,clothes1609_1.jpg,.jpg,400,533,0.7505,213200,33.43,RGB
Clothes,clothes161_1.jpg,.jpg,400,532,0.7519,212800,29.78,RGB
Clothes,clothes1610_1.jpg,.jpg,400,534,0.7491,213600,45.99,RGB
Clothes,clothes1611_1.jpg,.jpg,533,400,1.3325,213200,35.43,RGB
Clothes,clothes1612_1.jpg,.jpg,400,534,0.7491,213600,22.66,RGB
Clothes,clothes1613_1.jpg,.jpg,400,711,0.5626,284400,41.32,RGB
Clothes,clothes1614_1.jpg,.jpg,400,476,0.8403,190400,21.95,RGB
Clothes,clothes1615_1.jpg,.jpg,400,481,0.8316,192400,22.21,RGB
Clothes,clothes1616_1.jpg,.jpg,400,533,0.7505,213200,19.02,RGB
Clothes,clothes1617_1.jpg,.jpg,400,534,0.7491,213600,16.81,RGB
Clothes,clothes1618_1.jpg,.jpg,400,533,0.7505,213200,24.12,RGB
Clothes,clothes1619_1.jpg,.jpg,602,400,1.505,240800,32.63,RGB
Clothes,clothes162_1.jpg,.jpg,400,711,0.5626,284400,18.25,RGB
Clothes,clothes1620_1.jpg,.jpg,400,533,0.7505,213200,40.46,RGB
Clothes,clothes1621_1.jpg,.jpg,400,534,0.7491,213600,17.63,RGB
Clothes,clothes1622_1.jpg,.jpg,400,534,0.7491,213600,21.63,RGB
Clothes,clothes1623_1.jpg,.jpg,400,400,1.0,160000,18.56,RGB
Clothes,clothes1624_1.jpg,.jpg,400,442,0.905,176800,10.71,RGB
Clothes,clothes1625_1.jpg,.jpg,445,400,1.1125,178000,23.52,RGB
Clothes,clothes1626_1.jpg,.jpg,400,563,0.7105,225200,41.86,RGB
Clothes,clothes1627_1.jpg,.jpg,400,533,0.7505,213200,19.58,RGB
Clothes,clothes1628_1.jpg,.jpg,400,533,0.7505,213200,38.02,RGB
Clothes,clothes1629_1.jpg,.jpg,400,533,0.7505,213200,27.6,RGB
Clothes,clothes163_1.jpg,.jpg,400,534,0.7491,213600,21.49,RGB
Clothes,clothes1630_1.jpg,.jpg,400,533,0.7505,213200,23.44,RGB
Clothes,clothes1631_1.jpg,.jpg,400,534,0.7491,213600,37.0,RGB
Clothes,clothes1632_1.jpg,.jpg,400,533,0.7505,213200,61.81,RGB
Clothes,clothes1633_1.jpg,.jpg,400,533,0.7505,213200,30.7,RGB
Clothes,clothes1634_1.jpg,.jpg,400,533,0.7505,213200,32.88,RGB
Clothes,clothes1635_1.jpg,.jpg,400,533,0.7505,213200,16.41,RGB
Clothes,clothes1636_1.jpg,.jpg,400,486,0.823,194400,22.13,RGB
Clothes,clothes1637_1.jpg,.jpg,400,576,0.6944,230400,20.28,RGB
Clothes,clothes1638_1.jpg,.jpg,400,534,0.7491,213600,20.15,RGB
Clothes,clothes1639_1.jpg,.jpg,400,534,0.7491,213600,19.46,RGB
Clothes,clothes164_1.jpg,.jpg,400,448,0.8929,179200,16.95,RGB
Clothes,clothes1640_1.jpg,.jpg,533,400,1.3325,213200,17.84,RGB
Clothes,clothes1641_1.jpg,.jpg,400,476,0.8403,190400,28.47,RGB
Clothes,clothes1642_1.jpg,.jpg,400,533,0.7505,213200,19.11,RGB
Clothes,clothes1643_1.jpg,.jpg,400,697,0.5739,278800,37.12,RGB
Clothes,clothes1644_1.jpg,.jpg,400,534,0.7491,213600,28.5,RGB
Clothes,clothes1645_1.jpg,.jpg,400,533,0.7505,213200,26.59,RGB
Clothes,clothes1646_1.jpg,.jpg,533,400,1.3325,213200,15.33,RGB
Clothes,clothes1647_1.jpg,.jpg,400,533,0.7505,213200,22.11,RGB
Clothes,clothes1648_1.jpg,.jpg,533,400,1.3325,213200,26.2,RGB
Clothes,clothes1649_1.jpg,.jpg,400,533,0.7505,213200,27.77,RGB
Clothes,clothes165_1.jpg,.jpg,400,533,0.7505,213200,29.4,RGB
Clothes,clothes1650_1.jpg,.jpg,400,534,0.7491,213600,17.83,RGB
Clothes,clothes1651_1.jpg,.jpg,446,400,1.115,178400,21.66,RGB
Clothes,clothes1652_1.jpg,.jpg,400,534,0.7491,213600,20.98,RGB
Clothes,clothes1653_1.jpg,.jpg,400,401,0.9975,160400,12.97,RGB
Clothes,clothes1654_1.jpg,.jpg,534,400,1.335,213600,25.92,RGB
Clothes,clothes1655_1.jpg,.jpg,400,533,0.7505,213200,26.88,RGB
Clothes,clothes1656_1.jpg,.jpg,534,400,1.335,213600,19.41,RGB
Clothes,clothes1657_1.jpg,.jpg,400,533,0.7505,213200,34.57,RGB
Clothes,clothes1658_1.jpg,.jpg,590,400,1.475,236000,35.6,RGB
Clothes,clothes1659_1.jpg,.jpg,400,400,1.0,160000,14.14,RGB
Clothes,clothes166_1.jpg,.jpg,400,533,0.7505,213200,40.95,RGB
Clothes,clothes1660_1.jpg,.jpg,400,534,0.7491,213600,18.55,RGB
Clothes,clothes1661_1.jpg,.jpg,426,400,1.065,170400,33.76,RGB
Clothes,clothes1662_1.jpg,.jpg,533,400,1.3325,213200,33.99,RGB
Clothes,clothes1663_1.jpg,.jpg,400,530,0.7547,212000,23.4,RGB
Clothes,clothes1664_1.jpg,.jpg,400,400,1.0,160000,39.23,RGB
Clothes,clothes1665_1.jpg,.jpg,487,400,1.2175,194800,28.58,RGB
Clothes,clothes1666_1.jpg,.jpg,400,533,0.7505,213200,12.37,RGB
Clothes,clothes1667_1.jpg,.jpg,400,417,0.9592,166800,13.95,RGB
Clothes,clothes1668_1.jpg,.jpg,400,534,0.7491,213600,21.82,RGB
Clothes,clothes1669_1.jpg,.jpg,400,533,0.7505,213200,19.57,RGB
Clothes,clothes167_1.jpg,.jpg,400,403,0.9926,161200,27.83,RGB
Clothes,clothes1670_1.jpg,.jpg,533,400,1.3325,213200,19.7,RGB
Clothes,clothes1671_1.jpg,.jpg,400,533,0.7505,213200,22.99,RGB
Clothes,clothes1672_1.jpg,.jpg,400,432,0.9259,172800,31.08,RGB
Clothes,clothes1673_1.jpg,.jpg,400,533,0.7505,213200,16.91,RGB
Clothes,clothes1674_1.jpg,.jpg,400,465,0.8602,186000,41.75,RGB
Clothes,clothes1675_1.jpg,.jpg,400,533,0.7505,213200,26.37,RGB
Clothes,clothes1676_1.jpg,.jpg,533,400,1.3325,213200,40.08,RGB
Clothes,clothes1677_1.jpg,.jpg,534,400,1.335,213600,26.23,RGB
Clothes,clothes1678_1.jpg,.jpg,400,533,0.7505,213200,40.67,RGB
Clothes,clothes1679_1.jpg,.jpg,400,533,0.7505,213200,15.97,RGB
Clothes,clothes168_1.jpg,.jpg,400,712,0.5618,284800,33.04,RGB
Clothes,clothes1680_1.jpg,.jpg,533,400,1.3325,213200,44.0,RGB
Clothes,clothes1681_1.jpg,.jpg,533,400,1.3325,213200,34.12,RGB
Clothes,clothes1682_1.jpg,.jpg,400,533,0.7505,213200,54.62,RGB
Clothes,clothes1683_1.jpg,.jpg,400,532,0.7519,212800,25.31,RGB
Clothes,clothes1684_1.jpg,.jpg,400,473,0.8457,189200,14.46,RGB
Clothes,clothes1685_1.jpg,.jpg,400,462,0.8658,184800,16.78,RGB
Clothes,clothes1686_1.jpg,.jpg,400,400,1.0,160000,37.74,RGB
Clothes,clothes1687_1.jpg,.jpg,400,534,0.7491,213600,26.82,RGB
Clothes,clothes1688_1.jpg,.jpg,400,467,0.8565,186800,17.72,RGB
Clothes,clothes1689_1.jpg,.jpg,400,533,0.7505,213200,25.48,RGB
Clothes,clothes169_1.jpg,.jpg,400,533,0.7505,213200,39.02,RGB
Clothes,clothes1690_1.jpg,.jpg,498,400,1.245,199200,27.18,RGB
Clothes,clothes1691_1.jpg,.jpg,534,400,1.335,213600,23.86,RGB
Clothes,clothes1692_1.jpg,.jpg,400,534,0.7491,213600,17.9,RGB
Clothes,clothes1693_1.jpg,.jpg,560,400,1.4,224000,32.51,RGB
Clothes,clothes1694_1.jpg,.jpg,400,534,0.7491,213600,18.49,RGB
Clothes,clothes1695_1.jpg,.jpg,400,533,0.7505,213200,32.51,RGB
Clothes,clothes1696_1.jpg,.jpg,400,533,0.7505,213200,25.3,RGB
Clothes,clothes1697_1.jpg,.jpg,400,533,0.7505,213200,16.24,RGB
Clothes,clothes1698_1.jpg,.jpg,400,533,0.7505,213200,16.83,RGB
Clothes,clothes1699_1.jpg,.jpg,400,534,0.7491,213600,41.61,RGB
Clothes,clothes17_1.jpg,.jpg,400,400,1.0,160000,15.01,RGB
Clothes,clothes170_1.jpg,.jpg,400,533,0.7505,213200,30.66,RGB
Clothes,clothes1700_1.jpg,.jpg,534,400,1.335,213600,26.2,RGB
Clothes,clothes1701_1.jpg,.jpg,400,534,0.7491,213600,13.72,RGB
Clothes,clothes1702_1.jpg,.jpg,400,533,0.7505,213200,50.54,RGB
Clothes,clothes1703_1.jpg,.jpg,400,533,0.7505,213200,26.65,RGB
Clothes,clothes1704_1.jpg,.jpg,400,533,0.7505,213200,34.38,RGB
Clothes,clothes1705_1.jpg,.jpg,400,533,0.7505,213200,23.02,RGB
Clothes,clothes1706_1.jpg,.jpg,400,534,0.7491,213600,23.37,RGB
Clothes,clothes1707_1.jpg,.jpg,400,533,0.7505,213200,29.53,RGB
Clothes,clothes1708_1.jpg,.jpg,400,533,0.7505,213200,21.62,RGB
Clothes,clothes1709_1.jpg,.jpg,400,533,0.7505,213200,32.9,RGB
Clothes,clothes171_1.jpg,.jpg,400,533,0.7505,213200,14.5,RGB
Clothes,clothes1710_1.jpg,.jpg,400,533,0.7505,213200,23.78,RGB
Clothes,clothes1711_1.jpg,.jpg,400,533,0.7505,213200,16.73,RGB
Clothes,clothes1712_1.jpg,.jpg,400,449,0.8909,179600,27.89,RGB
Clothes,clothes1713_1.jpg,.jpg,400,533,0.7505,213200,27.08,RGB
Clothes,clothes1714_1.jpg,.jpg,400,534,0.7491,213600,23.62,RGB
Clothes,clothes1715_1.jpg,.jpg,400,459,0.8715,183600,13.93,RGB
Clothes,clothes1716_1.jpg,.jpg,400,711,0.5626,284400,14.75,RGB
Clothes,clothes1717_1.jpg,.jpg,400,533,0.7505,213200,12.05,RGB
Clothes,clothes1718_1.jpg,.jpg,400,533,0.7505,213200,23.91,RGB
Clothes,clothes1719_1.jpg,.jpg,711,400,1.7775,284400,31.96,RGB
Clothes,clothes172_1.jpg,.jpg,400,533,0.7505,213200,18.53,RGB
Clothes,clothes1720_1.jpg,.jpg,400,533,0.7505,213200,26.28,RGB
Clothes,clothes1721_1.jpg,.jpg,400,533,0.7505,213200,37.63,RGB
Clothes,clothes1722_1.jpg,.jpg,400,533,0.7505,213200,23.95,RGB
Clothes,clothes1723_1.jpg,.jpg,400,533,0.7505,213200,12.98,RGB
Clothes,clothes1724_1.jpg,.jpg,534,400,1.335,213600,23.46,RGB
Clothes,clothes1725_1.jpg,.jpg,400,532,0.7519,212800,25.69,RGB
Clothes,clothes1726_1.jpg,.jpg,400,711,0.5626,284400,19.22,RGB
Clothes,clothes1727_1.jpg,.jpg,400,533,0.7505,213200,27.52,RGB
Clothes,clothes1728_1.jpg,.jpg,400,400,1.0,160000,44.08,RGB
Clothes,clothes1729_1.jpg,.jpg,400,533,0.7505,213200,32.45,RGB
Clothes,clothes173_1.jpg,.jpg,400,533,0.7505,213200,27.98,RGB
Clothes,clothes1730_1.jpg,.jpg,533,400,1.3325,213200,19.54,RGB
Clothes,clothes1731_1.jpg,.jpg,400,534,0.7491,213600,20.15,RGB
Clothes,clothes1732_1.jpg,.jpg,400,533,0.7505,213200,23.01,RGB
Clothes,clothes1733_1.jpg,.jpg,400,534,0.7491,213600,44.04,RGB
Clothes,clothes1734_1.jpg,.jpg,400,641,0.624,256400,31.44,RGB
Clothes,clothes1735_1.jpg,.jpg,400,711,0.5626,284400,34.57,RGB
Clothes,clothes1736_1.jpg,.jpg,711,400,1.7775,284400,38.42,RGB
Clothes,clothes1737_1.jpg,.jpg,533,400,1.3325,213200,27.51,RGB
Clothes,clothes1738_1.jpg,.jpg,400,822,0.4866,328800,37.87,RGB
Clothes,clothes1739_1.jpg,.jpg,400,533,0.7505,213200,29.85,RGB
Clothes,clothes174_1.jpg,.jpg,400,534,0.7491,213600,15.48,RGB
Clothes,clothes1740_1.jpg,.jpg,400,770,0.5195,308000,24.05,RGB
Clothes,clothes1741_1.jpg,.jpg,534,400,1.335,213600,31.38,RGB
Clothes,clothes1742_1.jpg,.jpg,400,533,0.7505,213200,19.8,RGB
Clothes,clothes1743_1.jpg,.jpg,400,533,0.7505,213200,21.1,RGB
Clothes,clothes1744_1.jpg,.jpg,400,533,0.7505,213200,20.48,RGB
Clothes,clothes1745_1.jpg,.jpg,400,533,0.7505,213200,21.54,RGB
Clothes,clothes1746_1.jpg,.jpg,437,400,1.0925,174800,19.98,RGB
Clothes,clothes1747_1.jpg,.jpg,439,400,1.0975,175600,12.8,RGB
Clothes,clothes1748_1.jpg,.jpg,400,533,0.7505,213200,17.66,RGB
Clothes,clothes1749_1.jpg,.jpg,400,533,0.7505,213200,23.82,RGB
Clothes,clothes175_1.jpg,.jpg,400,534,0.7491,213600,15.49,RGB
Clothes,clothes1750_1.jpg,.jpg,400,533,0.7505,213200,38.16,RGB
Clothes,clothes1751_1.jpg,.jpg,400,533,0.7505,213200,30.33,RGB
Clothes,clothes1752_1.jpg,.jpg,533,400,1.3325,213200,22.76,RGB
Clothes,clothes1753_1.jpg,.jpg,400,533,0.7505,213200,44.4,RGB
Clothes,clothes1754_1.jpg,.jpg,400,534,0.7491,213600,36.99,RGB
Clothes,clothes1755_1.jpg,.jpg,400,534,0.7491,213600,17.35,RGB
Clothes,clothes1756_1.jpg,.jpg,400,448,0.8929,179200,37.99,RGB
Clothes,clothes1757_1.jpg,.jpg,400,416,0.9615,166400,26.94,RGB
Clothes,clothes1758_1.jpg,.jpg,400,533,0.7505,213200,19.62,RGB
Clothes,clothes1759_1.jpg,.jpg,400,533,0.7505,213200,19.65,RGB
Clothes,clothes176_1.jpg,.jpg,400,533,0.7505,213200,16.47,RGB
Clothes,clothes1760_1.jpg,.jpg,711,400,1.7775,284400,51.52,RGB
Clothes,clothes1761_1.jpg,.jpg,400,533,0.7505,213200,47.2,RGB
Clothes,clothes1762_1.jpg,.jpg,400,442,0.905,176800,24.19,RGB
Clothes,clothes1763_1.jpg,.jpg,400,534,0.7491,213600,27.82,RGB
Clothes,clothes1764_1.jpg,.jpg,400,534,0.7491,213600,22.49,RGB
Clothes,clothes1765_1.jpg,.jpg,400,533,0.7505,213200,25.82,RGB
Clothes,clothes1766_1.jpg,.jpg,533,400,1.3325,213200,27.16,RGB
Clothes,clothes1767_1.jpg,.jpg,400,534,0.7491,213600,25.67,RGB
Clothes,clothes1768_1.jpg,.jpg,400,534,0.7491,213600,17.09,RGB
Clothes,clothes1769_1.jpg,.jpg,400,533,0.7505,213200,36.0,RGB
Clothes,clothes177_1.jpg,.jpg,400,534,0.7491,213600,23.69,RGB
Clothes,clothes1770_1.jpg,.jpg,400,533,0.7505,213200,27.02,RGB
Clothes,clothes1771_1.jpg,.jpg,400,440,0.9091,176000,22.83,RGB
Clothes,clothes1772_1.jpg,.jpg,434,400,1.085,173600,15.82,RGB
Clothes,clothes1773_1.jpg,.jpg,400,712,0.5618,284800,32.28,RGB
Clothes,clothes1774_1.jpg,.jpg,400,533,0.7505,213200,58.35,RGB
Clothes,clothes1775_1.jpg,.jpg,400,694,0.5764,277600,38.32,RGB
Clothes,clothes1776_1.jpg,.jpg,400,541,0.7394,216400,28.13,RGB
Clothes,clothes1777_1.jpg,.jpg,400,533,0.7505,213200,20.93,RGB
Clothes,clothes1778_1.jpg,.jpg,400,533,0.7505,213200,16.8,RGB
Clothes,clothes1779_1.jpg,.jpg,400,533,0.7505,213200,38.39,RGB
Clothes,clothes178_1.jpg,.jpg,533,400,1.3325,213200,34.81,RGB
Clothes,clothes1780_1.jpg,.jpg,533,400,1.3325,213200,23.41,RGB
Clothes,clothes1781_1.jpg,.jpg,400,533,0.7505,213200,36.64,RGB
Clothes,clothes1782_1.jpg,.jpg,400,534,0.7491,213600,18.98,RGB
Clothes,clothes1783_1.jpg,.jpg,400,534,0.7491,213600,34.88,RGB
Clothes,clothes1784_1.jpg,.jpg,400,533,0.7505,213200,22.11,RGB
Clothes,clothes1785_1.jpg,.jpg,400,533,0.7505,213200,20.43,RGB
Clothes,clothes1786_1.jpg,.jpg,467,400,1.1675,186800,27.44,RGB
Clothes,clothes1787_1.jpg,.jpg,400,600,0.6667,240000,36.9,RGB
Clothes,clothes1788_1.jpg,.jpg,400,534,0.7491,213600,25.1,RGB
Clothes,clothes1789_1.jpg,.jpg,400,533,0.7505,213200,15.51,RGB
Clothes,clothes179_1.jpg,.jpg,481,400,1.2025,192400,17.62,RGB
Clothes,clothes1790_1.jpg,.jpg,400,533,0.7505,213200,27.72,RGB
Clothes,clothes1791_1.jpg,.jpg,400,534,0.7491,213600,24.72,RGB
Clothes,clothes1792_1.jpg,.jpg,400,533,0.7505,213200,22.04,RGB
Clothes,clothes1793_1.jpg,.jpg,400,533,0.7505,213200,18.0,RGB
Clothes,clothes1794_1.jpg,.jpg,400,533,0.7505,213200,20.43,RGB
Clothes,clothes1795_1.jpg,.jpg,400,533,0.7505,213200,53.29,RGB
Clothes,clothes1796_1.jpg,.jpg,400,533,0.7505,213200,34.35,RGB
Clothes,clothes1797_1.jpg,.jpg,400,534,0.7491,213600,18.03,RGB
Clothes,clothes1798_1.jpg,.jpg,400,534,0.7491,213600,19.63,RGB
Clothes,clothes1799_1.jpg,.jpg,400,533,0.7505,213200,23.02,RGB
Clothes,clothes18_1.jpg,.jpg,400,400,1.0,160000,14.25,RGB
Clothes,clothes180_1.jpg,.jpg,400,533,0.7505,213200,17.04,RGB
Clothes,clothes1800_1.jpg,.jpg,400,533,0.7505,213200,33.73,RGB
Clothes,clothes1801_1.jpg,.jpg,400,534,0.7491,213600,16.43,RGB
Clothes,clothes1802_1.jpg,.jpg,535,400,1.3375,214000,36.83,RGB
Clothes,clothes1803_1.jpg,.jpg,400,447,0.8949,178800,19.98,RGB
Clothes,clothes1804_1.jpg,.jpg,406,400,1.015,162400,25.75,RGB
Clothes,clothes1805_1.jpg,.jpg,400,533,0.7505,213200,34.95,RGB
Clothes,clothes1806_1.jpg,.jpg,400,533,0.7505,213200,20.46,RGB
Clothes,clothes1807_1.jpg,.jpg,400,613,0.6525,245200,32.26,RGB
Clothes,clothes1808_1.jpg,.jpg,400,422,0.9479,168800,10.92,RGB
Clothes,clothes1809_1.jpg,.jpg,400,533,0.7505,213200,25.31,RGB
Clothes,clothes181_1.jpg,.jpg,400,533,0.7505,213200,42.17,RGB
Clothes,clothes1810_1.jpg,.jpg,400,533,0.7505,213200,16.28,RGB
Clothes,clothes1811_1.jpg,.jpg,400,533,0.7505,213200,51.84,RGB
Clothes,clothes1812_1.jpg,.jpg,400,534,0.7491,213600,26.11,RGB
Clothes,clothes1813_1.jpg,.jpg,400,533,0.7505,213200,32.83,RGB
Clothes,clothes1814_1.jpg,.jpg,400,533,0.7505,213200,28.85,RGB
Clothes,clothes1815_1.jpg,.jpg,400,533,0.7505,213200,32.53,RGB
Clothes,clothes1816_1.jpg,.jpg,400,533,0.7505,213200,37.73,RGB
Clothes,clothes1817_1.jpg,.jpg,400,533,0.7505,213200,34.49,RGB
Clothes,clothes1818_1.jpg,.jpg,400,400,1.0,160000,20.02,RGB
Clothes,clothes1819_1.jpg,.jpg,400,533,0.7505,213200,20.61,RGB
Clothes,clothes182_1.jpg,.jpg,533,400,1.3325,213200,37.31,RGB
Clothes,clothes1820_1.jpg,.jpg,400,711,0.5626,284400,42.26,RGB
Clothes,clothes1821_1.jpg,.jpg,427,400,1.0675,170800,23.12,RGB
Clothes,clothes1822_1.jpg,.jpg,400,534,0.7491,213600,23.36,RGB
Clothes,clothes1823_1.jpg,.jpg,533,400,1.3325,213200,27.5,RGB
Clothes,clothes1824_1.jpg,.jpg,400,533,0.7505,213200,34.96,RGB
Clothes,clothes1825_1.jpg,.jpg,400,533,0.7505,213200,34.83,RGB
Clothes,clothes1826_1.jpg,.jpg,400,533,0.7505,213200,39.77,RGB
Clothes,clothes1827_1.jpg,.jpg,400,533,0.7505,213200,17.89,RGB
Clothes,clothes1828_1.jpg,.jpg,533,400,1.3325,213200,16.23,RGB
Clothes,clothes1829_1.jpg,.jpg,400,533,0.7505,213200,27.38,RGB
Clothes,clothes183_1.jpg,.jpg,711,400,1.7775,284400,39.36,RGB
Clothes,clothes1830_1.jpg,.jpg,400,533,0.7505,213200,17.92,RGB
Clothes,clothes1831_1.jpg,.jpg,400,427,0.9368,170800,40.37,RGB
Clothes,clothes1832_1.jpg,.jpg,400,533,0.7505,213200,21.46,RGB
Clothes,clothes1833_1.jpg,.jpg,400,533,0.7505,213200,41.81,RGB
Clothes,clothes1834_1.jpg,.jpg,400,533,0.7505,213200,44.48,RGB
Clothes,clothes1835_1.jpg,.jpg,400,533,0.7505,213200,47.23,RGB
Clothes,clothes1836_1.jpg,.jpg,400,533,0.7505,213200,28.36,RGB
Clothes,clothes1837_1.jpg,.jpg,400,533,0.7505,213200,29.26,RGB
Clothes,clothes1838_1.jpg,.jpg,400,534,0.7491,213600,36.06,RGB
Clothes,clothes1839_1.jpg,.jpg,400,438,0.9132,175200,17.38,RGB
Clothes,clothes184_1.jpg,.jpg,711,400,1.7775,284400,46.95,RGB
Clothes,clothes1840_1.jpg,.jpg,451,400,1.1275,180400,25.83,RGB
Clothes,clothes1841_1.jpg,.jpg,400,711,0.5626,284400,36.33,RGB
Clothes,clothes1842_1.jpg,.jpg,400,533,0.7505,213200,22.57,RGB
Clothes,clothes1843_1.jpg,.jpg,400,533,0.7505,213200,20.18,RGB
Clothes,clothes1844_1.jpg,.jpg,400,534,0.7491,213600,19.97,RGB
Clothes,clothes1845_1.jpg,.jpg,533,400,1.3325,213200,20.32,RGB
Clothes,clothes1846_1.jpg,.jpg,400,711,0.5626,284400,21.64,RGB
Clothes,clothes1847_1.jpg,.jpg,400,533,0.7505,213200,50.11,RGB
Clothes,clothes1848_1.jpg,.jpg,400,533,0.7505,213200,34.06,RGB
Clothes,clothes1849_1.jpg,.jpg,400,534,0.7491,213600,48.45,RGB
Clothes,clothes185_1.jpg,.jpg,400,533,0.7505,213200,18.96,RGB
Clothes,clothes1850_1.jpg,.jpg,400,533,0.7505,213200,31.33,RGB
Clothes,clothes1851_1.jpg,.jpg,533,400,1.3325,213200,40.15,RGB
Clothes,clothes1852_1.jpg,.jpg,400,533,0.7505,213200,21.43,RGB
Clothes,clothes1853_1.jpg,.jpg,400,533,0.7505,213200,24.46,RGB
Clothes,clothes1854_1.jpg,.jpg,400,533,0.7505,213200,37.83,RGB
Clothes,clothes1855_1.jpg,.jpg,400,533,0.7505,213200,36.3,RGB
Clothes,clothes1856_1.jpg,.jpg,400,711,0.5626,284400,19.57,RGB
Clothes,clothes1857_1.jpg,.jpg,400,533,0.7505,213200,33.06,RGB
Clothes,clothes1858_1.jpg,.jpg,534,400,1.335,213600,26.52,RGB
Clothes,clothes1859_1.jpg,.jpg,400,533,0.7505,213200,20.62,RGB
Clothes,clothes186_1.jpg,.jpg,400,533,0.7505,213200,20.97,RGB
Clothes,clothes1860_1.jpg,.jpg,400,533,0.7505,213200,47.97,RGB
Clothes,clothes1861_1.jpg,.jpg,400,534,0.7491,213600,21.15,RGB
Clothes,clothes1862_1.jpg,.jpg,400,533,0.7505,213200,22.55,RGB
Clothes,clothes1863_1.jpg,.jpg,400,711,0.5626,284400,53.28,RGB
Clothes,clothes1864_1.jpg,.jpg,400,533,0.7505,213200,23.4,RGB
Clothes,clothes1865_1.jpg,.jpg,411,400,1.0275,164400,18.72,RGB
Clothes,clothes1866_1.jpg,.jpg,400,534,0.7491,213600,29.37,RGB
Clothes,clothes1867_1.jpg,.jpg,400,534,0.7491,213600,24.52,RGB
Clothes,clothes1868_1.jpg,.jpg,400,533,0.7505,213200,31.28,RGB
Clothes,clothes1869_1.jpg,.jpg,533,400,1.3325,213200,16.67,RGB
Clothes,clothes187_1.jpg,.jpg,847,400,2.1175,338800,27.28,RGB
Clothes,clothes1870_1.jpg,.jpg,533,400,1.3325,213200,18.04,RGB
Clothes,clothes1871_1.jpg,.jpg,400,534,0.7491,213600,13.58,RGB
Clothes,clothes1872_1.jpg,.jpg,400,533,0.7505,213200,30.62,RGB
Clothes,clothes1873_1.jpg,.jpg,400,533,0.7505,213200,26.99,RGB
Clothes,clothes1874_1.jpg,.jpg,533,400,1.3325,213200,36.2,RGB
Clothes,clothes1875_1.jpg,.jpg,533,400,1.3325,213200,28.12,RGB
Clothes,clothes1876_1.jpg,.jpg,400,534,0.7491,213600,26.29,RGB
Clothes,clothes1877_1.jpg,.jpg,400,534,0.7491,213600,33.74,RGB
Clothes,clothes1878_1.jpg,.jpg,400,533,0.7505,213200,24.63,RGB
Clothes,clothes1879_1.jpg,.jpg,400,711,0.5626,284400,35.94,RGB
Clothes,clothes188_1.jpg,.jpg,534,400,1.335,213600,32.68,RGB
Clothes,clothes1880_1.jpg,.jpg,400,533,0.7505,213200,48.72,RGB
Clothes,clothes1881_1.jpg,.jpg,400,534,0.7491,213600,18.4,RGB
Clothes,clothes1882_1.jpg,.jpg,400,534,0.7491,213600,19.6,RGB
Clothes,clothes1883_1.jpg,.jpg,400,533,0.7505,213200,23.56,RGB
Clothes,clothes1884_1.jpg,.jpg,400,534,0.7491,213600,15.11,RGB
Clothes,clothes1885_1.jpg,.jpg,400,533,0.7505,213200,27.98,RGB
Clothes,clothes1886_1.jpg,.jpg,400,533,0.7505,213200,34.7,RGB
Clothes,clothes1887_1.jpg,.jpg,455,400,1.1375,182000,18.09,RGB
Clothes,clothes1888_1.jpg,.jpg,471,400,1.1775,188400,24.05,RGB
Clothes,clothes1889_1.jpg,.jpg,400,534,0.7491,213600,21.41,RGB
Clothes,clothes189_1.jpg,.jpg,400,533,0.7505,213200,23.53,RGB
Clothes,clothes1890_1.jpg,.jpg,400,533,0.7505,213200,21.04,RGB
Clothes,clothes1891_1.jpg,.jpg,400,533,0.7505,213200,26.79,RGB
Clothes,clothes1892_1.jpg,.jpg,400,441,0.907,176400,17.4,RGB
Clothes,clothes1893_1.jpg,.jpg,400,533,0.7505,213200,24.08,RGB
Clothes,clothes1894_1.jpg,.jpg,533,400,1.3325,213200,20.85,RGB
Clothes,clothes1895_1.jpg,.jpg,533,400,1.3325,213200,24.04,RGB
Clothes,clothes1896_1.jpg,.jpg,400,533,0.7505,213200,16.65,RGB
Clothes,clothes1897_1.jpg,.jpg,400,533,0.7505,213200,29.77,RGB
Clothes,clothes1898_1.jpg,.jpg,400,534,0.7491,213600,20.12,RGB
Clothes,clothes1899_1.jpg,.jpg,400,711,0.5626,284400,16.45,RGB
Clothes,clothes19_1.jpg,.jpg,400,430,0.9302,172000,21.88,RGB
Clothes,clothes190_1.jpg,.jpg,400,534,0.7491,213600,22.54,RGB
Clothes,clothes1900_1.jpg,.jpg,400,711,0.5626,284400,19.31,RGB
Clothes,clothes1901_1.jpg,.jpg,711,400,1.7775,284400,37.62,RGB
Clothes,clothes1902_1.jpg,.jpg,711,400,1.7775,284400,79.17,RGB
Clothes,clothes1903_1.jpg,.jpg,400,533,0.7505,213200,37.24,RGB
Clothes,clothes1904_1.jpg,.jpg,400,533,0.7505,213200,34.16,RGB
Clothes,clothes1905_1.jpg,.jpg,400,533,0.7505,213200,31.27,RGB
Clothes,clothes1906_1.jpg,.jpg,425,400,1.0625,170000,14.01,RGB
Clothes,clothes1907_1.jpg,.jpg,400,533,0.7505,213200,14.91,RGB
Clothes,clothes1908_1.jpg,.jpg,400,533,0.7505,213200,25.92,RGB
Clothes,clothes1909_1.jpg,.jpg,400,533,0.7505,213200,25.5,RGB
Clothes,clothes191_1.jpg,.jpg,400,534,0.7491,213600,19.86,RGB
Clothes,clothes1910_1.jpg,.jpg,400,533,0.7505,213200,34.05,RGB
Clothes,clothes1911_1.jpg,.jpg,400,711,0.5626,284400,36.05,RGB
Clothes,clothes1912_1.jpg,.jpg,400,533,0.7505,213200,45.82,RGB
Clothes,clothes1913_1.jpg,.jpg,400,533,0.7505,213200,15.79,RGB
Clothes,clothes1914_1.jpg,.jpg,400,534,0.7491,213600,18.42,RGB
Clothes,clothes1915_1.jpg,.jpg,534,400,1.335,213600,19.07,RGB
Clothes,clothes1916_1.jpg,.jpg,400,533,0.7505,213200,24.35,RGB
Clothes,clothes1917_1.jpg,.jpg,400,711,0.5626,284400,25.8,RGB
Clothes,clothes1918_1.jpg,.jpg,400,533,0.7505,213200,28.65,RGB
Clothes,clothes1919_1.jpg,.jpg,400,533,0.7505,213200,32.05,RGB
Clothes,clothes192_1.jpg,.jpg,400,533,0.7505,213200,47.45,RGB
Clothes,clothes1920_1.jpg,.jpg,400,534,0.7491,213600,11.3,RGB
Clothes,clothes1921_1.jpg,.jpg,400,533,0.7505,213200,24.03,RGB
Clothes,clothes1922_1.jpg,.jpg,400,533,0.7505,213200,34.61,RGB
Clothes,clothes1923_1.jpg,.jpg,400,533,0.7505,213200,17.79,RGB
Clothes,clothes1924_1.jpg,.jpg,400,533,0.7505,213200,25.6,RGB
Clothes,clothes1925_1.jpg,.jpg,400,533,0.7505,213200,16.88,RGB
Clothes,clothes1926_1.jpg,.jpg,400,711,0.5626,284400,19.05,RGB
Clothes,clothes1927_1.jpg,.jpg,400,533,0.7505,213200,28.47,RGB
Clothes,clothes1928_1.jpg,.jpg,400,534,0.7491,213600,20.72,RGB
Clothes,clothes1929_1.jpg,.jpg,400,533,0.7505,213200,40.78,RGB
Clothes,clothes193_1.jpg,.jpg,400,456,0.8772,182400,19.57,RGB
Clothes,clothes1930_1.jpg,.jpg,400,533,0.7505,213200,17.72,RGB
Clothes,clothes1931_1.jpg,.jpg,400,533,0.7505,213200,46.39,RGB
Clothes,clothes1932_1.jpg,.jpg,400,533,0.7505,213200,16.69,RGB
Clothes,clothes1933_1.jpg,.jpg,400,711,0.5626,284400,27.01,RGB
Clothes,clothes1934_1.jpg,.jpg,400,433,0.9238,173200,12.29,RGB
Clothes,clothes1935_1.jpg,.jpg,400,533,0.7505,213200,36.89,RGB
Clothes,clothes1936_1.jpg,.jpg,711,400,1.7775,284400,25.06,RGB
Clothes,clothes1937_1.jpg,.jpg,400,534,0.7491,213600,28.62,RGB
Clothes,clothes1938_1.jpg,.jpg,400,533,0.7505,213200,28.83,RGB
Clothes,clothes1939_1.jpg,.jpg,400,534,0.7491,213600,18.47,RGB
Clothes,clothes194_1.jpg,.jpg,400,533,0.7505,213200,27.44,RGB
Clothes,clothes1940_1.jpg,.jpg,400,473,0.8457,189200,28.76,RGB
Clothes,clothes1941_1.jpg,.jpg,400,533,0.7505,213200,23.31,RGB
Clothes,clothes1942_1.jpg,.jpg,400,431,0.9281,172400,18.61,RGB
Clothes,clothes1943_1.jpg,.jpg,400,533,0.7505,213200,23.68,RGB
Clothes,clothes1944_1.jpg,.jpg,400,533,0.7505,213200,41.17,RGB
Clothes,clothes1945_1.jpg,.jpg,400,534,0.7491,213600,22.61,RGB
Clothes,clothes1946_1.jpg,.jpg,400,534,0.7491,213600,19.14,RGB
Clothes,clothes1947_1.jpg,.jpg,476,400,1.19,190400,33.27,RGB
Clothes,clothes1948_1.jpg,.jpg,533,400,1.3325,213200,24.13,RGB
Clothes,clothes1949_1.jpg,.jpg,400,533,0.7505,213200,26.84,RGB
Clothes,clothes195_1.jpg,.jpg,400,533,0.7505,213200,26.63,RGB
Clothes,clothes1950_1.jpg,.jpg,400,533,0.7505,213200,24.85,RGB
Clothes,clothes1951_1.jpg,.jpg,400,533,0.7505,213200,27.06,RGB
Clothes,clothes1952_1.jpg,.jpg,400,533,0.7505,213200,40.12,RGB
Clothes,clothes1953_1.jpg,.jpg,533,400,1.3325,213200,41.57,RGB
Clothes,clothes1954_1.jpg,.jpg,400,533,0.7505,213200,54.96,RGB
Clothes,clothes1955_1.jpg,.jpg,400,402,0.995,160800,19.66,RGB
Clothes,clothes1956_1.jpg,.jpg,400,533,0.7505,213200,52.31,RGB
Clothes,clothes1957_1.jpg,.jpg,400,533,0.7505,213200,30.76,RGB
Clothes,clothes1958_1.jpg,.jpg,534,400,1.335,213600,36.34,RGB
Clothes,clothes1959_1.jpg,.jpg,400,533,0.7505,213200,26.53,RGB
Clothes,clothes196_1.jpg,.jpg,400,534,0.7491,213600,15.16,RGB
Clothes,clothes1960_1.jpg,.jpg,400,533,0.7505,213200,29.36,RGB
Clothes,clothes1961_1.jpg,.jpg,400,533,0.7505,213200,46.98,RGB
Clothes,clothes1962_1.jpg,.jpg,400,400,1.0,160000,22.74,RGB
Clothes,clothes1963_1.jpg,.jpg,400,534,0.7491,213600,23.61,RGB
Clothes,clothes1964_1.jpg,.jpg,400,662,0.6042,264800,20.95,RGB
Clothes,clothes1965_1.jpg,.jpg,493,400,1.2325,197200,14.55,RGB
Clothes,clothes1966_1.jpg,.jpg,400,520,0.7692,208000,20.6,RGB
Clothes,clothes1967_1.jpg,.jpg,400,534,0.7491,213600,17.77,RGB
Clothes,clothes1968_1.jpg,.jpg,400,400,1.0,160000,16.6,RGB
Clothes,clothes1969_1.jpg,.jpg,400,533,0.7505,213200,18.21,RGB
Clothes,clothes197_1.jpg,.jpg,400,533,0.7505,213200,19.97,RGB
Clothes,clothes1970_1.jpg,.jpg,400,534,0.7491,213600,15.87,RGB
Clothes,clothes1971_1.jpg,.jpg,400,533,0.7505,213200,23.74,RGB
Clothes,clothes1972_1.jpg,.jpg,400,533,0.7505,213200,16.38,RGB
Clothes,clothes1973_1.jpg,.jpg,400,533,0.7505,213200,33.21,RGB
Clothes,clothes1974_1.jpg,.jpg,400,533,0.7505,213200,33.38,RGB
Clothes,clothes1975_1.jpg,.jpg,400,534,0.7491,213600,27.11,RGB
Clothes,clothes1976_1.jpg,.jpg,400,533,0.7505,213200,23.46,RGB
Clothes,clothes1977_1.jpg,.jpg,400,533,0.7505,213200,52.15,RGB
Clothes,clothes1978_1.jpg,.jpg,400,534,0.7491,213600,19.45,RGB
Clothes,clothes1979_1.jpg,.jpg,400,435,0.9195,174000,24.5,RGB
Clothes,clothes198_1.jpg,.jpg,400,534,0.7491,213600,21.95,RGB
Clothes,clothes1980_1.jpg,.jpg,400,533,0.7505,213200,31.52,RGB
Clothes,clothes1981_1.jpg,.jpg,400,712,0.5618,284800,50.54,RGB
Clothes,clothes1982_1.jpg,.jpg,400,711,0.5626,284400,32.79,RGB
Clothes,clothes1983_1.jpg,.jpg,400,533,0.7505,213200,23.44,RGB
Clothes,clothes1984_1.jpg,.jpg,400,533,0.7505,213200,32.71,RGB
Clothes,clothes1985_1.jpg,.jpg,400,534,0.7491,213600,14.9,RGB
Clothes,clothes1986_1.jpg,.jpg,400,533,0.7505,213200,19.63,RGB
Clothes,clothes1987_1.jpg,.jpg,400,533,0.7505,213200,20.36,RGB
Clothes,clothes1988_1.jpg,.jpg,400,534,0.7491,213600,17.49,RGB
Clothes,clothes1989_1.jpg,.jpg,400,533,0.7505,213200,26.07,RGB
Clothes,clothes199_1.jpg,.jpg,534,400,1.335,213600,21.73,RGB
Clothes,clothes1990_1.jpg,.jpg,400,534,0.7491,213600,13.22,RGB
Clothes,clothes1991_1.jpg,.jpg,400,534,0.7491,213600,20.29,RGB
Clothes,clothes1992_1.jpg,.jpg,533,400,1.3325,213200,32.8,RGB
Clothes,clothes1993_1.jpg,.jpg,400,536,0.7463,214400,33.94,RGB
Clothes,clothes1994_1.jpg,.jpg,400,533,0.7505,213200,21.13,RGB
Clothes,clothes1995_1.jpg,.jpg,400,533,0.7505,213200,17.24,RGB
Clothes,clothes1996_1.jpg,.jpg,400,533,0.7505,213200,29.23,RGB
Clothes,clothes1997_1.jpg,.jpg,400,711,0.5626,284400,44.16,RGB
Clothes,clothes1998_1.jpg,.jpg,400,533,0.7505,213200,61.18,RGB
Clothes,clothes1999_1.jpg,.jpg,533,400,1.3325,213200,42.43,RGB
Clothes,clothes2_1.jpg,.jpg,400,533,0.7505,213200,34.35,RGB
Clothes,clothes20_1.jpg,.jpg,400,533,0.7505,213200,25.61,RGB
Clothes,clothes200_1.jpg,.jpg,400,444,0.9009,177600,23.25,RGB
Clothes,clothes2000_1.jpg,.jpg,534,400,1.335,213600,20.69,RGB
Clothes,clothes2001_1.jpg,.jpg,400,533,0.7505,213200,43.39,RGB
Clothes,clothes2002_1.jpg,.jpg,400,533,0.7505,213200,29.05,RGB
Clothes,clothes2003_1.jpg,.jpg,400,431,0.9281,172400,15.39,RGB
Clothes,clothes2004_1.jpg,.jpg,400,533,0.7505,213200,38.19,RGB
Clothes,clothes2005_1.jpg,.jpg,400,502,0.7968,200800,40.71,RGB
Clothes,clothes2006_1.jpg,.jpg,400,533,0.7505,213200,16.11,RGB
Clothes,clothes2007_1.jpg,.jpg,400,533,0.7505,213200,35.01,RGB
Clothes,clothes2008_1.jpg,.jpg,400,534,0.7491,213600,21.69,RGB
Clothes,clothes2009_1.jpg,.jpg,400,533,0.7505,213200,34.42,RGB
Clothes,clothes201_1.jpg,.jpg,400,711,0.5626,284400,19.7,RGB
Clothes,clothes2010_1.jpg,.jpg,400,710,0.5634,284000,61.17,RGB
Clothes,clothes2011_1.jpg,.jpg,711,400,1.7775,284400,62.18,RGB
Clothes,clothes2012_1.jpg,.jpg,400,534,0.7491,213600,22.26,RGB
Clothes,clothes2013_1.jpg,.jpg,400,533,0.7505,213200,21.89,RGB
Clothes,clothes2014_1.jpg,.jpg,406,400,1.015,162400,16.88,RGB
Clothes,clothes2015_1.jpg,.jpg,400,533,0.7505,213200,29.23,RGB
Clothes,clothes2016_1.jpg,.jpg,400,709,0.5642,283600,50.12,RGB
Clothes,clothes2017_1.jpg,.jpg,400,533,0.7505,213200,19.5,RGB
Clothes,clothes2018_1.jpg,.jpg,400,534,0.7491,213600,11.12,RGB
Clothes,clothes2019_1.jpg,.jpg,400,533,0.7505,213200,32.48,RGB
Clothes,clothes202_1.jpg,.jpg,400,473,0.8457,189200,20.03,RGB
Clothes,clothes2020_1.jpg,.jpg,533,400,1.3325,213200,24.36,RGB
Clothes,clothes2021_1.jpg,.jpg,400,533,0.7505,213200,16.02,RGB
Clothes,clothes2022_1.jpg,.jpg,400,533,0.7505,213200,20.25,RGB
Clothes,clothes2023_1.jpg,.jpg,400,532,0.7519,212800,24.43,RGB
Clothes,clothes2024_1.jpg,.jpg,400,534,0.7491,213600,26.12,RGB
Clothes,clothes2025_1.jpg,.jpg,400,711,0.5626,284400,16.44,RGB
Clothes,clothes2026_1.jpg,.jpg,400,533,0.7505,213200,32.07,RGB
Clothes,clothes2027_1.jpg,.jpg,533,400,1.3325,213200,30.98,RGB
Clothes,clothes2028_1.jpg,.jpg,400,533,0.7505,213200,16.56,RGB
Clothes,clothes2029_1.jpg,.jpg,400,533,0.7505,213200,33.62,RGB
Clothes,clothes203_1.jpg,.jpg,400,533,0.7505,213200,25.45,RGB
Clothes,clothes2030_1.jpg,.jpg,400,533,0.7505,213200,39.98,RGB
Clothes,clothes2031_1.jpg,.jpg,400,533,0.7505,213200,23.55,RGB
Clothes,clothes2032_1.jpg,.jpg,534,400,1.335,213600,18.89,RGB
Clothes,clothes2033_1.jpg,.jpg,400,465,0.8602,186000,34.97,RGB
Clothes,clothes2034_1.jpg,.jpg,400,711,0.5626,284400,16.77,RGB
Clothes,clothes2035_1.jpg,.jpg,400,712,0.5618,284800,51.07,RGB
Clothes,clothes2036_1.jpg,.jpg,400,533,0.7505,213200,25.58,RGB
Clothes,clothes2037_1.jpg,.jpg,400,533,0.7505,213200,32.79,RGB
Clothes,clothes2038_1.jpg,.jpg,400,533,0.7505,213200,29.34,RGB
Clothes,clothes2039_1.jpg,.jpg,400,533,0.7505,213200,14.83,RGB
Clothes,clothes204_1.jpg,.jpg,400,533,0.7505,213200,21.17,RGB
Clothes,clothes2040_1.jpg,.jpg,711,400,1.7775,284400,42.17,RGB
Clothes,clothes2041_1.jpg,.jpg,534,400,1.335,213600,18.9,RGB
Clothes,clothes2042_1.jpg,.jpg,400,533,0.7505,213200,15.03,RGB
Clothes,clothes2043_1.jpg,.jpg,400,533,0.7505,213200,14.42,RGB
Clothes,clothes2044_1.jpg,.jpg,400,533,0.7505,213200,21.84,RGB
Clothes,clothes2045_1.jpg,.jpg,400,533,0.7505,213200,40.41,RGB
Clothes,clothes2046_1.jpg,.jpg,400,533,0.7505,213200,27.07,RGB
Clothes,clothes2047_1.jpg,.jpg,400,533,0.7505,213200,44.11,RGB
Clothes,clothes2048_1.jpg,.jpg,400,512,0.7812,204800,41.1,RGB
Clothes,clothes2049_1.jpg,.jpg,418,400,1.045,167200,10.32,RGB
Clothes,clothes205_1.jpg,.jpg,400,533,0.7505,213200,22.35,RGB
Clothes,clothes2050_1.jpg,.jpg,400,534,0.7491,213600,20.87,RGB
Clothes,clothes2051_1.jpg,.jpg,400,533,0.7505,213200,23.4,RGB
Clothes,clothes2052_1.jpg,.jpg,400,533,0.7505,213200,33.01,RGB
Clothes,clothes2053_1.jpg,.jpg,400,533,0.7505,213200,24.72,RGB
Clothes,clothes2054_1.jpg,.jpg,400,534,0.7491,213600,15.17,RGB
Clothes,clothes2055_1.jpg,.jpg,400,532,0.7519,212800,27.05,RGB
Clothes,clothes2056_1.jpg,.jpg,400,533,0.7505,213200,21.27,RGB
Clothes,clothes2057_1.jpg,.jpg,533,400,1.3325,213200,49.26,RGB
Clothes,clothes2058_1.jpg,.jpg,412,400,1.03,164800,15.66,RGB
Clothes,clothes2059_1.jpg,.jpg,400,533,0.7505,213200,36.63,RGB
Clothes,clothes206_1.jpg,.jpg,400,711,0.5626,284400,44.29,RGB
Clothes,clothes2060_1.jpg,.jpg,400,533,0.7505,213200,47.67,RGB
Clothes,clothes2061_1.jpg,.jpg,400,534,0.7491,213600,15.55,RGB
Clothes,clothes2062_1.jpg,.jpg,400,712,0.5618,284800,44.18,RGB
Clothes,clothes2063_1.jpg,.jpg,534,400,1.335,213600,27.77,RGB
Clothes,clothes2064_1.jpg,.jpg,400,533,0.7505,213200,45.78,RGB
Clothes,clothes2065_1.jpg,.jpg,400,533,0.7505,213200,29.46,RGB
Clothes,clothes2066_1.jpg,.jpg,847,400,2.1175,338800,39.64,RGB
Clothes,clothes2067_1.jpg,.jpg,400,627,0.638,250800,28.95,RGB
Clothes,clothes2068_1.jpg,.jpg,400,533,0.7505,213200,19.94,RGB
Clothes,clothes2069_1.jpg,.jpg,400,534,0.7491,213600,25.64,RGB
Clothes,clothes207_1.jpg,.jpg,400,711,0.5626,284400,26.61,RGB
Clothes,clothes2070_1.jpg,.jpg,400,635,0.6299,254000,28.05,RGB
Clothes,clothes2071_1.jpg,.jpg,400,711,0.5626,284400,53.36,RGB
Clothes,clothes2072_1.jpg,.jpg,400,711,0.5626,284400,61.66,RGB
Clothes,clothes2073_1.jpg,.jpg,594,400,1.485,237600,31.55,RGB
Clothes,clothes2074_1.jpg,.jpg,400,533,0.7505,213200,9.16,RGB
Clothes,clothes2075_1.jpg,.jpg,400,533,0.7505,213200,30.9,RGB
Clothes,clothes2076_1.jpg,.jpg,400,533,0.7505,213200,31.77,RGB
Clothes,clothes2077_1.jpg,.jpg,400,533,0.7505,213200,22.31,RGB
Clothes,clothes2078_1.jpg,.jpg,400,533,0.7505,213200,20.1,RGB
Clothes,clothes2079_1.jpg,.jpg,400,533,0.7505,213200,39.49,RGB
Clothes,clothes208_1.jpg,.jpg,400,533,0.7505,213200,16.42,RGB
Clothes,clothes2080_1.jpg,.jpg,400,533,0.7505,213200,26.79,RGB
Clothes,clothes2081_1.jpg,.jpg,400,533,0.7505,213200,37.99,RGB
Clothes,clothes2082_1.jpg,.jpg,400,505,0.7921,202000,17.16,RGB
Clothes,clothes2083_1.jpg,.jpg,400,533,0.7505,213200,32.34,RGB
Clothes,clothes2084_1.jpg,.jpg,400,534,0.7491,213600,26.56,RGB
Clothes,clothes2085_1.jpg,.jpg,400,533,0.7505,213200,18.12,RGB
Clothes,clothes2086_1.jpg,.jpg,400,533,0.7505,213200,19.36,RGB
Clothes,clothes2087_1.jpg,.jpg,400,534,0.7491,213600,20.86,RGB
Clothes,clothes2088_1.jpg,.jpg,400,533,0.7505,213200,31.57,RGB
Clothes,clothes2089_1.jpg,.jpg,400,409,0.978,163600,10.31,RGB
Clothes,clothes209_1.jpg,.jpg,400,711,0.5626,284400,42.02,RGB
Clothes,clothes2090_1.jpg,.jpg,400,575,0.6957,230000,47.19,RGB
Clothes,clothes2091_1.jpg,.jpg,400,533,0.7505,213200,30.31,RGB
Clothes,clothes2092_1.jpg,.jpg,533,400,1.3325,213200,23.64,RGB
Clothes,clothes2093_1.jpg,.jpg,400,409,0.978,163600,24.54,RGB
Clothes,clothes2094_1.jpg,.jpg,533,400,1.3325,213200,16.83,RGB
Clothes,clothes2095_1.jpg,.jpg,400,533,0.7505,213200,18.58,RGB
Clothes,clothes2096_1.jpg,.jpg,400,533,0.7505,213200,29.43,RGB
Clothes,clothes2097_1.jpg,.jpg,416,400,1.04,166400,16.8,RGB
Clothes,clothes2098_1.jpg,.jpg,400,533,0.7505,213200,16.37,RGB
Clothes,clothes2099_1.jpg,.jpg,400,534,0.7491,213600,21.37,RGB
Clothes,clothes21_1.jpg,.jpg,534,400,1.335,213600,28.81,RGB
Clothes,clothes210_1.jpg,.jpg,400,466,0.8584,186400,24.91,RGB
Clothes,clothes2100_1.jpg,.jpg,400,533,0.7505,213200,25.93,RGB
Clothes,clothes2101_1.jpg,.jpg,400,533,0.7505,213200,52.78,RGB
Clothes,clothes2102_1.jpg,.jpg,400,660,0.6061,264000,29.03,RGB
Clothes,clothes2103_1.jpg,.jpg,711,400,1.7775,284400,41.64,RGB
Clothes,clothes2104_1.jpg,.jpg,400,533,0.7505,213200,26.11,RGB
Clothes,clothes2105_1.jpg,.jpg,400,533,0.7505,213200,28.77,RGB
Clothes,clothes2106_1.jpg,.jpg,400,533,0.7505,213200,38.51,RGB
Clothes,clothes2107_1.jpg,.jpg,534,400,1.335,213600,38.0,RGB
Clothes,clothes2108_1.jpg,.jpg,400,491,0.8147,196400,16.82,RGB
Clothes,clothes2109_1.jpg,.jpg,533,400,1.3325,213200,38.96,RGB
Clothes,clothes211_1.jpg,.jpg,400,533,0.7505,213200,14.27,RGB
Clothes,clothes2110_1.jpg,.jpg,400,533,0.7505,213200,36.02,RGB
Clothes,clothes2111_1.jpg,.jpg,400,533,0.7505,213200,29.12,RGB
Clothes,clothes2112_1.jpg,.jpg,400,534,0.7491,213600,24.4,RGB
Clothes,clothes2113_1.jpg,.jpg,400,447,0.8949,178800,29.79,RGB
Clothes,clothes2114_1.jpg,.jpg,400,533,0.7505,213200,21.92,RGB
Clothes,clothes2115_1.jpg,.jpg,400,711,0.5626,284400,39.55,RGB
Clothes,clothes2116_1.jpg,.jpg,400,447,0.8949,178800,24.53,RGB
Clothes,clothes2117_1.jpg,.jpg,533,400,1.3325,213200,23.82,RGB
Clothes,clothes2118_1.jpg,.jpg,400,533,0.7505,213200,24.37,RGB
Clothes,clothes2119_1.jpg,.jpg,400,457,0.8753,182800,23.38,RGB
Clothes,clothes212_1.jpg,.jpg,400,400,1.0,160000,14.59,RGB
Clothes,clothes2120_1.jpg,.jpg,400,533,0.7505,213200,34.45,RGB
Clothes,clothes2121_1.jpg,.jpg,400,534,0.7491,213600,29.33,RGB
Clothes,clothes2122_1.jpg,.jpg,400,534,0.7491,213600,30.61,RGB
Clothes,clothes2123_1.jpg,.jpg,400,473,0.8457,189200,42.38,RGB
Clothes,clothes2124_1.jpg,.jpg,400,711,0.5626,284400,41.66,RGB
Clothes,clothes2125_1.jpg,.jpg,400,533,0.7505,213200,22.79,RGB
Clothes,clothes2126_1.jpg,.jpg,400,533,0.7505,213200,38.82,RGB
Clothes,clothes2127_1.jpg,.jpg,400,533,0.7505,213200,25.16,RGB
Clothes,clothes2128_1.jpg,.jpg,533,400,1.3325,213200,21.41,RGB
Clothes,clothes2129_1.jpg,.jpg,400,533,0.7505,213200,21.25,RGB
Clothes,clothes213_1.jpg,.jpg,400,533,0.7505,213200,26.5,RGB
Clothes,clothes2130_1.jpg,.jpg,400,712,0.5618,284800,59.91,RGB
Clothes,clothes2131_1.jpg,.jpg,400,519,0.7707,207600,25.57,RGB
Clothes,clothes2132_1.jpg,.jpg,400,534,0.7491,213600,23.17,RGB
Clothes,clothes2133_1.jpg,.jpg,400,480,0.8333,192000,24.22,RGB
Clothes,clothes2134_1.jpg,.jpg,400,457,0.8753,182800,16.94,RGB
Clothes,clothes2135_1.jpg,.jpg,400,534,0.7491,213600,19.37,RGB
Clothes,clothes2136_1.jpg,.jpg,400,711,0.5626,284400,33.71,RGB
Clothes,clothes2137_1.jpg,.jpg,400,533,0.7505,213200,45.11,RGB
Clothes,clothes2138_1.jpg,.jpg,400,533,0.7505,213200,28.35,RGB
Clothes,clothes2139_1.jpg,.jpg,400,533,0.7505,213200,20.02,RGB
Clothes,clothes214_1.jpg,.jpg,400,534,0.7491,213600,23.56,RGB
Clothes,clothes2140_1.jpg,.jpg,400,534,0.7491,213600,16.31,RGB
Clothes,clothes2141_1.jpg,.jpg,400,534,0.7491,213600,17.68,RGB
Clothes,clothes2142_1.jpg,.jpg,400,533,0.7505,213200,15.2,RGB
Clothes,clothes2143_1.jpg,.jpg,400,533,0.7505,213200,53.35,RGB
Clothes,clothes2144_1.jpg,.jpg,400,533,0.7505,213200,20.87,RGB
Clothes,clothes2145_1.jpg,.jpg,400,534,0.7491,213600,22.68,RGB
Clothes,clothes2146_1.jpg,.jpg,400,534,0.7491,213600,24.02,RGB
Clothes,clothes2147_1.jpg,.jpg,400,533,0.7505,213200,26.69,RGB
Clothes,clothes2148_1.jpg,.jpg,400,533,0.7505,213200,23.05,RGB
Clothes,clothes2149_1.jpg,.jpg,400,534,0.7491,213600,28.27,RGB
Clothes,clothes215_1.jpg,.jpg,400,533,0.7505,213200,16.42,RGB
Clothes,clothes2150_1.jpg,.jpg,400,534,0.7491,213600,34.15,RGB
Clothes,clothes2151_1.jpg,.jpg,400,533,0.7505,213200,33.05,RGB
Clothes,clothes2152_1.jpg,.jpg,400,533,0.7505,213200,23.63,RGB
Clothes,clothes2153_1.jpg,.jpg,534,400,1.335,213600,39.25,RGB
Clothes,clothes2154_1.jpg,.jpg,400,533,0.7505,213200,36.18,RGB
Clothes,clothes2155_1.jpg,.jpg,400,533,0.7505,213200,15.09,RGB
Clothes,clothes2156_1.jpg,.jpg,400,534,0.7491,213600,24.08,RGB
Clothes,clothes2157_1.jpg,.jpg,400,533,0.7505,213200,27.17,RGB
Clothes,clothes2158_1.jpg,.jpg,400,533,0.7505,213200,18.01,RGB
Clothes,clothes2159_1.jpg,.jpg,535,400,1.3375,214000,14.5,RGB
Clothes,clothes216_1.jpg,.jpg,400,428,0.9346,171200,21.26,RGB
Clothes,clothes2160_1.jpg,.jpg,400,400,1.0,160000,23.54,RGB
Clothes,clothes2161_1.jpg,.jpg,400,533,0.7505,213200,14.17,RGB
Clothes,clothes2162_1.jpg,.jpg,533,400,1.3325,213200,23.23,RGB
Clothes,clothes2163_1.jpg,.jpg,400,534,0.7491,213600,13.31,RGB
Clothes,clothes2164_1.jpg,.jpg,400,711,0.5626,284400,28.12,RGB
Clothes,clothes2165_1.jpg,.jpg,400,533,0.7505,213200,24.28,RGB
Clothes,clothes2166_1.jpg,.jpg,400,533,0.7505,213200,29.24,RGB
Clothes,clothes2167_1.jpg,.jpg,400,711,0.5626,284400,30.8,RGB
Clothes,clothes2168_1.jpg,.jpg,400,534,0.7491,213600,15.77,RGB
Clothes,clothes2169_1.jpg,.jpg,613,400,1.5325,245200,34.66,RGB
Clothes,clothes217_1.jpg,.jpg,400,533,0.7505,213200,20.04,RGB
Clothes,clothes2170_1.jpg,.jpg,400,400,1.0,160000,40.66,RGB
Clothes,clothes2171_1.jpg,.jpg,711,400,1.7775,284400,50.21,RGB
Clothes,clothes2172_1.jpg,.jpg,400,451,0.8869,180400,31.81,RGB
Clothes,clothes2173_1.jpg,.jpg,400,533,0.7505,213200,22.79,RGB
Clothes,clothes2174_1.jpg,.jpg,533,400,1.3325,213200,36.66,RGB
Clothes,clothes2175_1.jpg,.jpg,400,533,0.7505,213200,15.17,RGB
Clothes,clothes2176_1.jpg,.jpg,400,400,1.0,160000,18.64,RGB
Clothes,clothes2177_1.jpg,.jpg,400,533,0.7505,213200,31.92,RGB
Clothes,clothes2178_1.jpg,.jpg,400,534,0.7491,213600,17.28,RGB
Clothes,clothes2179_1.jpg,.jpg,400,533,0.7505,213200,17.45,RGB
Clothes,clothes218_1.jpg,.jpg,400,533,0.7505,213200,21.78,RGB
Clothes,clothes2180_1.jpg,.jpg,534,400,1.335,213600,36.38,RGB
Clothes,clothes2181_1.jpg,.jpg,400,534,0.7491,213600,24.94,RGB
Clothes,clothes2182_1.jpg,.jpg,400,533,0.7505,213200,20.14,RGB
Clothes,clothes2183_1.jpg,.jpg,400,711,0.5626,284400,32.12,RGB
Clothes,clothes2184_1.jpg,.jpg,400,533,0.7505,213200,35.42,RGB
Clothes,clothes2185_1.jpg,.jpg,533,400,1.3325,213200,47.94,RGB
Clothes,clothes2186_1.jpg,.jpg,400,533,0.7505,213200,17.36,RGB
Clothes,clothes2187_1.jpg,.jpg,400,433,0.9238,173200,30.93,RGB
Clothes,clothes2188_1.jpg,.jpg,400,533,0.7505,213200,15.24,RGB
Clothes,clothes2189_1.jpg,.jpg,400,534,0.7491,213600,19.29,RGB
Clothes,clothes219_1.jpg,.jpg,534,400,1.335,213600,34.92,RGB
Clothes,clothes2190_1.jpg,.jpg,400,533,0.7505,213200,14.06,RGB
Clothes,clothes2191_1.jpg,.jpg,400,533,0.7505,213200,26.34,RGB
Clothes,clothes2192_1.jpg,.jpg,400,533,0.7505,213200,27.23,RGB
Clothes,clothes2193_1.jpg,.jpg,400,533,0.7505,213200,26.04,RGB
Clothes,clothes2194_1.jpg,.jpg,533,400,1.3325,213200,25.91,RGB
Clothes,clothes2195_1.jpg,.jpg,567,400,1.4175,226800,36.18,RGB
Clothes,clothes2196_1.jpg,.jpg,400,533,0.7505,213200,19.08,RGB
Clothes,clothes2197_1.jpg,.jpg,429,400,1.0725,171600,21.97,RGB
Clothes,clothes2198_1.jpg,.jpg,400,533,0.7505,213200,18.04,RGB
Clothes,clothes2199_1.jpg,.jpg,400,533,0.7505,213200,19.17,RGB
Clothes,clothes22_1.jpg,.jpg,400,533,0.7505,213200,29.51,RGB
Clothes,clothes220_1.jpg,.jpg,400,533,0.7505,213200,32.56,RGB
Clothes,clothes2200_1.jpg,.jpg,400,617,0.6483,246800,26.59,RGB
Clothes,clothes2201_1.jpg,.jpg,400,533,0.7505,213200,36.16,RGB
Clothes,clothes2202_1.jpg,.jpg,400,400,1.0,160000,12.64,RGB
Clothes,clothes2203_1.jpg,.jpg,400,533,0.7505,213200,38.28,RGB
Clothes,clothes2204_1.jpg,.jpg,533,400,1.3325,213200,19.57,RGB
Clothes,clothes2205_1.jpg,.jpg,400,533,0.7505,213200,32.06,RGB
Clothes,clothes2206_1.jpg,.jpg,400,468,0.8547,187200,29.8,RGB
Clothes,clothes2207_1.jpg,.jpg,400,711,0.5626,284400,66.54,RGB
Clothes,clothes2208_1.jpg,.jpg,400,533,0.7505,213200,34.45,RGB
Clothes,clothes2209_1.jpg,.jpg,400,533,0.7505,213200,32.72,RGB
Clothes,clothes221_1.jpg,.jpg,602,400,1.505,240800,28.1,RGB
Clothes,clothes2210_1.jpg,.jpg,400,400,1.0,160000,17.2,RGB
Clothes,clothes2211_1.jpg,.jpg,400,534,0.7491,213600,34.37,RGB
Clothes,clothes2212_1.jpg,.jpg,400,514,0.7782,205600,40.58,RGB
Clothes,clothes2213_1.jpg,.jpg,533,400,1.3325,213200,24.12,RGB
Clothes,clothes2214_1.jpg,.jpg,533,400,1.3325,213200,49.8,RGB
Clothes,clothes2215_1.jpg,.jpg,400,534,0.7491,213600,16.28,RGB
Clothes,clothes2216_1.jpg,.jpg,400,533,0.7505,213200,69.83,RGB
Clothes,clothes2217_1.jpg,.jpg,400,534,0.7491,213600,24.79,RGB
Clothes,clothes2218_1.jpg,.jpg,400,533,0.7505,213200,24.12,RGB
Clothes,clothes2219_1.jpg,.jpg,400,533,0.7505,213200,19.7,RGB
Clothes,clothes222_1.jpg,.jpg,533,400,1.3325,213200,26.41,RGB
Clothes,clothes2220_1.jpg,.jpg,400,533,0.7505,213200,26.64,RGB
Clothes,clothes2221_1.jpg,.jpg,400,533,0.7505,213200,19.32,RGB
Clothes,clothes2222_1.jpg,.jpg,400,533,0.7505,213200,41.28,RGB
Clothes,clothes2223_1.jpg,.jpg,400,533,0.7505,213200,24.46,RGB
Clothes,clothes2224_1.jpg,.jpg,400,533,0.7505,213200,21.86,RGB
Clothes,clothes2225_1.jpg,.jpg,400,534,0.7491,213600,22.55,RGB
Clothes,clothes2226_1.jpg,.jpg,400,533,0.7505,213200,29.83,RGB
Clothes,clothes2227_1.jpg,.jpg,400,533,0.7505,213200,28.95,RGB
Clothes,clothes2228_1.jpg,.jpg,400,534,0.7491,213600,17.92,RGB
Clothes,clothes2229_1.jpg,.jpg,400,533,0.7505,213200,68.3,RGB
Clothes,clothes223_1.jpg,.jpg,400,427,0.9368,170800,22.94,RGB
Clothes,clothes2230_1.jpg,.jpg,400,408,0.9804,163200,16.6,RGB
Clothes,clothes2231_1.jpg,.jpg,400,534,0.7491,213600,14.6,RGB
Clothes,clothes2232_1.jpg,.jpg,533,400,1.3325,213200,31.65,RGB
Clothes,clothes2233_1.jpg,.jpg,400,498,0.8032,199200,22.92,RGB
Clothes,clothes2234_1.jpg,.jpg,534,400,1.335,213600,18.45,RGB
Clothes,clothes2235_1.jpg,.jpg,404,400,1.01,161600,16.42,RGB
Clothes,clothes2236_1.jpg,.jpg,400,534,0.7491,213600,22.46,RGB
Clothes,clothes2237_1.jpg,.jpg,533,400,1.3325,213200,16.29,RGB
Clothes,clothes2238_1.jpg,.jpg,400,797,0.5019,318800,24.84,RGB
Clothes,clothes2239_1.jpg,.jpg,533,400,1.3325,213200,30.6,RGB
Clothes,clothes224_1.jpg,.jpg,400,533,0.7505,213200,42.16,RGB
Clothes,clothes2240_1.jpg,.jpg,533,400,1.3325,213200,39.66,RGB
Clothes,clothes2241_1.jpg,.jpg,533,400,1.3325,213200,22.02,RGB
Clothes,clothes2242_1.jpg,.jpg,400,414,0.9662,165600,13.93,RGB
Clothes,clothes2243_1.jpg,.jpg,400,534,0.7491,213600,23.53,RGB
Clothes,clothes2244_1.jpg,.jpg,400,665,0.6015,266000,28.17,RGB
Clothes,clothes2245_1.jpg,.jpg,400,533,0.7505,213200,29.68,RGB
Clothes,clothes2246_1.jpg,.jpg,400,533,0.7505,213200,24.37,RGB
Clothes,clothes2247_1.jpg,.jpg,400,533,0.7505,213200,14.74,RGB
Clothes,clothes2248_1.jpg,.jpg,711,400,1.7775,284400,19.41,RGB
Clothes,clothes2249_1.jpg,.jpg,400,533,0.7505,213200,16.67,RGB
Clothes,clothes225_1.jpg,.jpg,400,533,0.7505,213200,16.82,RGB
Clothes,clothes2250_1.jpg,.jpg,533,400,1.3325,213200,40.67,RGB
Clothes,clothes2251_1.jpg,.jpg,400,533,0.7505,213200,30.2,RGB
Clothes,clothes2252_1.jpg,.jpg,400,533,0.7505,213200,27.07,RGB
Clothes,clothes2253_1.jpg,.jpg,400,533,0.7505,213200,18.72,RGB
Clothes,clothes2254_1.jpg,.jpg,400,534,0.7491,213600,11.62,RGB
Clothes,clothes2255_1.jpg,.jpg,400,400,1.0,160000,20.14,RGB
Clothes,clothes2256_1.jpg,.jpg,400,534,0.7491,213600,26.47,RGB
Clothes,clothes2257_1.jpg,.jpg,400,533,0.7505,213200,30.82,RGB
Clothes,clothes2258_1.jpg,.jpg,400,533,0.7505,213200,22.48,RGB
Clothes,clothes2259_1.jpg,.jpg,400,533,0.7505,213200,32.26,RGB
Clothes,clothes226_1.jpg,.jpg,400,422,0.9479,168800,15.61,RGB
Clothes,clothes2260_1.jpg,.jpg,400,533,0.7505,213200,19.42,RGB
Clothes,clothes2261_1.jpg,.jpg,400,533,0.7505,213200,26.79,RGB
Clothes,clothes2262_1.jpg,.jpg,400,533,0.7505,213200,14.07,RGB
Clothes,clothes2263_1.jpg,.jpg,400,534,0.7491,213600,16.26,RGB
Clothes,clothes2264_1.jpg,.jpg,400,400,1.0,160000,28.13,RGB
Clothes,clothes2265_1.jpg,.jpg,400,534,0.7491,213600,21.4,RGB
Clothes,clothes2266_1.jpg,.jpg,400,534,0.7491,213600,18.8,RGB
Clothes,clothes2267_1.jpg,.jpg,400,533,0.7505,213200,15.94,RGB
Clothes,clothes2268_1.jpg,.jpg,400,534,0.7491,213600,32.84,RGB
Clothes,clothes2269_1.jpg,.jpg,400,534,0.7491,213600,18.54,RGB
Clothes,clothes227_1.jpg,.jpg,400,533,0.7505,213200,18.4,RGB
Clothes,clothes2270_1.jpg,.jpg,400,534,0.7491,213600,20.43,RGB
Clothes,clothes2271_1.jpg,.jpg,400,533,0.7505,213200,32.01,RGB
Clothes,clothes2272_1.jpg,.jpg,533,400,1.3325,213200,29.45,RGB
Clothes,clothes2273_1.jpg,.jpg,400,533,0.7505,213200,40.65,RGB
Clothes,clothes2274_1.jpg,.jpg,400,533,0.7505,213200,21.16,RGB
Clothes,clothes2275_1.jpg,.jpg,400,534,0.7491,213600,20.87,RGB
Clothes,clothes2276_1.jpg,.jpg,400,533,0.7505,213200,19.29,RGB
Clothes,clothes2277_1.jpg,.jpg,534,400,1.335,213600,17.15,RGB
Clothes,clothes2278_1.jpg,.jpg,534,400,1.335,213600,22.74,RGB
Clothes,clothes2279_1.jpg,.jpg,400,533,0.7505,213200,22.61,RGB
Clothes,clothes228_1.jpg,.jpg,400,533,0.7505,213200,36.21,RGB
Clothes,clothes2280_1.jpg,.jpg,400,533,0.7505,213200,18.81,RGB
Clothes,clothes2281_1.jpg,.jpg,400,533,0.7505,213200,37.23,RGB
Clothes,clothes2282_1.jpg,.jpg,400,534,0.7491,213600,15.6,RGB
Clothes,clothes2283_1.jpg,.jpg,400,533,0.7505,213200,32.03,RGB
Clothes,clothes2284_1.jpg,.jpg,400,533,0.7505,213200,20.61,RGB
Clothes,clothes2285_1.jpg,.jpg,400,400,1.0,160000,23.96,RGB
Clothes,clothes2286_1.jpg,.jpg,400,534,0.7491,213600,26.66,RGB
Clothes,clothes2287_1.jpg,.jpg,400,400,1.0,160000,18.74,RGB
Clothes,clothes2288_1.jpg,.jpg,400,534,0.7491,213600,21.66,RGB
Clothes,clothes2289_1.jpg,.jpg,400,447,0.8949,178800,26.74,RGB
Clothes,clothes229_1.jpg,.jpg,400,533,0.7505,213200,35.34,RGB
Clothes,clothes2290_1.jpg,.jpg,400,533,0.7505,213200,21.57,RGB
Clothes,clothes2291_1.jpg,.jpg,709,400,1.7725,283600,39.27,RGB
Clothes,clothes2292_1.jpg,.jpg,400,413,0.9685,165200,20.47,RGB
Clothes,clothes2293_1.jpg,.jpg,482,400,1.205,192800,30.66,RGB
Clothes,clothes2294_1.jpg,.jpg,400,533,0.7505,213200,34.11,RGB
Clothes,clothes2295_1.jpg,.jpg,400,533,0.7505,213200,29.87,RGB
Clothes,clothes2296_1.jpg,.jpg,400,533,0.7505,213200,33.23,RGB
Clothes,clothes2297_1.jpg,.jpg,400,533,0.7505,213200,18.5,RGB
Clothes,clothes2298_1.jpg,.jpg,602,400,1.505,240800,31.06,RGB
Clothes,clothes2299_1.jpg,.jpg,400,533,0.7505,213200,15.3,RGB
Clothes,clothes23_1.jpg,.jpg,711,400,1.7775,284400,24.78,RGB
Clothes,clothes230_1.jpg,.jpg,400,534,0.7491,213600,19.37,RGB
Clothes,clothes2300_1.jpg,.jpg,400,533,0.7505,213200,20.45,RGB
Clothes,clothes2301_1.jpg,.jpg,400,457,0.8753,182800,17.82,RGB
Clothes,clothes2302_1.jpg,.jpg,534,400,1.335,213600,29.02,RGB
Clothes,clothes2303_1.jpg,.jpg,400,867,0.4614,346800,63.84,RGB
Clothes,clothes2304_1.jpg,.jpg,400,534,0.7491,213600,18.37,RGB
Clothes,clothes2305_1.jpg,.jpg,400,534,0.7491,213600,20.21,RGB
Clothes,clothes2306_1.jpg,.jpg,533,400,1.3325,213200,21.5,RGB
Clothes,clothes2307_1.jpg,.jpg,400,533,0.7505,213200,30.72,RGB
Clothes,clothes2308_1.jpg,.jpg,400,533,0.7505,213200,41.44,RGB
Clothes,clothes2309_1.jpg,.jpg,400,533,0.7505,213200,30.43,RGB
Clothes,clothes231_1.jpg,.jpg,400,533,0.7505,213200,44.01,RGB
Clothes,clothes2310_1.jpg,.jpg,400,710,0.5634,284000,43.01,RGB
Clothes,clothes2311_1.jpg,.jpg,533,400,1.3325,213200,25.13,RGB
Clothes,clothes2312_1.jpg,.jpg,400,533,0.7505,213200,24.49,RGB
Clothes,clothes2313_1.jpg,.jpg,400,533,0.7505,213200,43.11,RGB
Clothes,clothes2314_1.jpg,.jpg,400,468,0.8547,187200,27.32,RGB
Clothes,clothes2315_1.jpg,.jpg,511,400,1.2775,204400,29.28,RGB
Clothes,clothes2316_1.jpg,.jpg,400,533,0.7505,213200,24.22,RGB
Clothes,clothes2317_1.jpg,.jpg,400,534,0.7491,213600,19.39,RGB
Clothes,clothes2318_1.jpg,.jpg,400,533,0.7505,213200,34.03,RGB
Clothes,clothes2319_1.jpg,.jpg,400,534,0.7491,213600,17.6,RGB
Clothes,clothes232_1.jpg,.jpg,400,533,0.7505,213200,30.38,RGB
Clothes,clothes2320_1.jpg,.jpg,400,533,0.7505,213200,24.31,RGB
Clothes,clothes2321_1.jpg,.jpg,400,534,0.7491,213600,13.29,RGB
Clothes,clothes2322_1.jpg,.jpg,400,533,0.7505,213200,32.52,RGB
Clothes,clothes2323_1.jpg,.jpg,400,533,0.7505,213200,17.57,RGB
Clothes,clothes2324_1.jpg,.jpg,400,534,0.7491,213600,25.45,RGB
Clothes,clothes2325_1.jpg,.jpg,400,494,0.8097,197600,20.73,RGB
Clothes,clothes2326_1.jpg,.jpg,400,711,0.5626,284400,35.05,RGB
Clothes,clothes2327_1.jpg,.jpg,400,533,0.7505,213200,30.76,RGB
Clothes,clothes2328_1.jpg,.jpg,400,533,0.7505,213200,23.99,RGB
Clothes,clothes2329_1.jpg,.jpg,400,534,0.7491,213600,21.17,RGB
Clothes,clothes233_1.jpg,.jpg,400,533,0.7505,213200,37.51,RGB
Clothes,clothes2330_1.jpg,.jpg,400,534,0.7491,213600,30.84,RGB
Clothes,clothes2331_1.jpg,.jpg,400,533,0.7505,213200,31.58,RGB
Clothes,clothes2332_1.jpg,.jpg,534,400,1.335,213600,16.84,RGB
Clothes,clothes2333_1.jpg,.jpg,400,534,0.7491,213600,20.43,RGB
Clothes,clothes2334_1.jpg,.jpg,533,400,1.3325,213200,22.47,RGB
Clothes,clothes2335_1.jpg,.jpg,400,533,0.7505,213200,40.64,RGB
Clothes,clothes2336_1.jpg,.jpg,533,400,1.3325,213200,40.6,RGB
Clothes,clothes2337_1.jpg,.jpg,467,400,1.1675,186800,19.59,RGB
Clothes,clothes2338_1.jpg,.jpg,400,533,0.7505,213200,36.03,RGB
Clothes,clothes2339_1.jpg,.jpg,400,534,0.7491,213600,16.14,RGB
Clothes,clothes234_1.jpg,.jpg,400,533,0.7505,213200,41.17,RGB
Clothes,clothes2340_1.jpg,.jpg,400,680,0.5882,272000,28.29,RGB
Clothes,clothes2341_1.jpg,.jpg,533,400,1.3325,213200,34.08,RGB
Clothes,clothes2342_1.jpg,.jpg,400,534,0.7491,213600,21.04,RGB
Clothes,clothes2343_1.jpg,.jpg,400,403,0.9926,161200,25.62,RGB
Clothes,clothes2344_1.jpg,.jpg,400,534,0.7491,213600,49.21,RGB
Clothes,clothes2345_1.jpg,.jpg,400,400,1.0,160000,40.0,RGB
Clothes,clothes2346_1.jpg,.jpg,400,533,0.7505,213200,32.84,RGB
Clothes,clothes2347_1.jpg,.jpg,400,534,0.7491,213600,23.57,RGB
Clothes,clothes2348_1.jpg,.jpg,533,400,1.3325,213200,21.65,RGB
Clothes,clothes2349_1.jpg,.jpg,400,533,0.7505,213200,40.82,RGB
Clothes,clothes235_1.jpg,.jpg,400,617,0.6483,246800,41.74,RGB
Clothes,clothes2350_1.jpg,.jpg,400,400,1.0,160000,14.68,RGB
Clothes,clothes2351_1.jpg,.jpg,400,711,0.5626,284400,26.57,RGB
Clothes,clothes2352_1.jpg,.jpg,400,533,0.7505,213200,34.23,RGB
Clothes,clothes2353_1.jpg,.jpg,400,534,0.7491,213600,19.93,RGB
Clothes,clothes2354_1.jpg,.jpg,400,533,0.7505,213200,38.97,RGB
Clothes,clothes2355_1.jpg,.jpg,400,400,1.0,160000,18.42,RGB
Clothes,clothes2356_1.jpg,.jpg,400,533,0.7505,213200,40.94,RGB
Clothes,clothes2357_1.jpg,.jpg,400,534,0.7491,213600,20.78,RGB
Clothes,clothes2358_1.jpg,.jpg,400,534,0.7491,213600,23.03,RGB
Clothes,clothes2359_1.jpg,.jpg,406,400,1.015,162400,15.09,RGB
Clothes,clothes236_1.jpg,.jpg,400,711,0.5626,284400,20.38,RGB
Clothes,clothes2360_1.jpg,.jpg,400,533,0.7505,213200,27.95,RGB
Clothes,clothes2361_1.jpg,.jpg,400,533,0.7505,213200,23.5,RGB
Clothes,clothes2362_1.jpg,.jpg,400,534,0.7491,213600,44.86,RGB
Clothes,clothes2363_1.jpg,.jpg,400,534,0.7491,213600,13.54,RGB
Clothes,clothes2364_1.jpg,.jpg,400,534,0.7491,213600,18.67,RGB
Clothes,clothes2365_1.jpg,.jpg,400,534,0.7491,213600,17.55,RGB
Clothes,clothes2366_1.jpg,.jpg,400,533,0.7505,213200,36.06,RGB
Clothes,clothes2367_1.jpg,.jpg,400,533,0.7505,213200,29.0,RGB
Clothes,clothes2368_1.jpg,.jpg,534,400,1.335,213600,26.82,RGB
Clothes,clothes2369_1.jpg,.jpg,400,533,0.7505,213200,13.15,RGB
Clothes,clothes237_1.jpg,.jpg,400,533,0.7505,213200,22.16,RGB
Clothes,clothes2370_1.jpg,.jpg,400,533,0.7505,213200,61.21,RGB
Clothes,clothes2371_1.jpg,.jpg,400,533,0.7505,213200,21.31,RGB
Clothes,clothes2372_1.jpg,.jpg,400,533,0.7505,213200,23.94,RGB
Clothes,clothes2373_1.jpg,.jpg,400,534,0.7491,213600,27.25,RGB
Clothes,clothes2374_1.jpg,.jpg,400,533,0.7505,213200,42.54,RGB
Clothes,clothes2375_1.jpg,.jpg,400,711,0.5626,284400,24.03,RGB
Clothes,clothes2376_1.jpg,.jpg,400,406,0.9852,162400,25.39,RGB
Clothes,clothes2377_1.jpg,.jpg,400,533,0.7505,213200,19.14,RGB
Clothes,clothes2378_1.jpg,.jpg,400,711,0.5626,284400,16.49,RGB
Clothes,clothes2379_1.jpg,.jpg,400,534,0.7491,213600,23.73,RGB
Clothes,clothes238_1.jpg,.jpg,407,400,1.0175,162800,22.59,RGB
Clothes,clothes2380_1.jpg,.jpg,533,400,1.3325,213200,25.47,RGB
Clothes,clothes2381_1.jpg,.jpg,400,534,0.7491,213600,21.36,RGB
Clothes,clothes2382_1.jpg,.jpg,400,534,0.7491,213600,15.82,RGB
Clothes,clothes2383_1.jpg,.jpg,400,534,0.7491,213600,28.0,RGB
Clothes,clothes2384_1.jpg,.jpg,533,400,1.3325,213200,40.64,RGB
Clothes,clothes2385_1.jpg,.jpg,400,534,0.7491,213600,19.75,RGB
Clothes,clothes2386_1.jpg,.jpg,400,533,0.7505,213200,24.21,RGB
Clothes,clothes2387_1.jpg,.jpg,400,533,0.7505,213200,29.2,RGB
Clothes,clothes2388_1.jpg,.jpg,407,400,1.0175,162800,11.84,RGB
Clothes,clothes2389_1.jpg,.jpg,400,533,0.7505,213200,55.47,RGB
Clothes,clothes239_1.jpg,.jpg,534,400,1.335,213600,36.95,RGB
Clothes,clothes2390_1.jpg,.jpg,400,711,0.5626,284400,62.97,RGB
Clothes,clothes2391_1.jpg,.jpg,400,533,0.7505,213200,46.4,RGB
Clothes,clothes2392_1.jpg,.jpg,400,533,0.7505,213200,15.08,RGB
Clothes,clothes2393_1.jpg,.jpg,400,534,0.7491,213600,18.76,RGB
Clothes,clothes2394_1.jpg,.jpg,400,534,0.7491,213600,18.76,RGB
Clothes,clothes2395_1.jpg,.jpg,400,608,0.6579,243200,53.77,RGB
Clothes,clothes2396_1.jpg,.jpg,400,560,0.7143,224000,17.8,RGB
Clothes,clothes2397_1.jpg,.jpg,400,533,0.7505,213200,9.6,RGB
Clothes,clothes2398_1.jpg,.jpg,400,533,0.7505,213200,45.98,RGB
Clothes,clothes2399_1.jpg,.jpg,400,534,0.7491,213600,21.1,RGB
Clothes,clothes24_1.jpg,.jpg,400,400,1.0,160000,11.53,RGB
Clothes,clothes240_1.jpg,.jpg,400,533,0.7505,213200,13.52,RGB
Clothes,clothes2400_1.jpg,.jpg,400,555,0.7207,222000,41.34,RGB
Clothes,clothes2401_1.jpg,.jpg,400,498,0.8032,199200,18.69,RGB
Clothes,clothes2402_1.jpg,.jpg,400,533,0.7505,213200,50.6,RGB
Clothes,clothes2403_1.jpg,.jpg,400,534,0.7491,213600,17.34,RGB
Clothes,clothes2404_1.jpg,.jpg,534,400,1.335,213600,25.69,RGB
Clothes,clothes2405_1.jpg,.jpg,400,533,0.7505,213200,30.48,RGB
Clothes,clothes2406_1.jpg,.jpg,400,711,0.5626,284400,16.59,RGB
Clothes,clothes2407_1.jpg,.jpg,400,533,0.7505,213200,45.58,RGB
Clothes,clothes2408_1.jpg,.jpg,400,533,0.7505,213200,13.37,RGB
Clothes,clothes2409_1.jpg,.jpg,400,533,0.7505,213200,37.67,RGB
Clothes,clothes241_1.jpg,.jpg,400,598,0.6689,239200,30.11,RGB
Clothes,clothes2410_1.jpg,.jpg,400,533,0.7505,213200,21.51,RGB
Clothes,clothes2411_1.jpg,.jpg,400,581,0.6885,232400,24.1,RGB
Clothes,clothes2412_1.jpg,.jpg,400,538,0.7435,215200,26.12,RGB
Clothes,clothes2413_1.jpg,.jpg,400,533,0.7505,213200,19.0,RGB
Clothes,clothes2414_1.jpg,.jpg,400,533,0.7505,213200,18.53,RGB
Clothes,clothes2415_1.jpg,.jpg,534,400,1.335,213600,19.96,RGB
Clothes,clothes2416_1.jpg,.jpg,400,484,0.8264,193600,14.83,RGB
Clothes,clothes2417_1.jpg,.jpg,400,533,0.7505,213200,27.47,RGB
Clothes,clothes2418_1.jpg,.jpg,400,533,0.7505,213200,19.33,RGB
Clothes,clothes2419_1.jpg,.jpg,400,533,0.7505,213200,37.91,RGB
Clothes,clothes242_1.jpg,.jpg,533,400,1.3325,213200,34.68,RGB
Clothes,clothes2420_1.jpg,.jpg,533,400,1.3325,213200,38.39,RGB
Clothes,clothes2421_1.jpg,.jpg,400,711,0.5626,284400,37.95,RGB
Clothes,clothes2422_1.jpg,.jpg,400,533,0.7505,213200,26.89,RGB
Clothes,clothes2423_1.jpg,.jpg,400,533,0.7505,213200,28.82,RGB
Clothes,clothes2424_1.jpg,.jpg,400,468,0.8547,187200,15.99,RGB
Clothes,clothes2425_1.jpg,.jpg,400,533,0.7505,213200,43.1,RGB
Clothes,clothes2426_1.jpg,.jpg,400,711,0.5626,284400,35.02,RGB
Clothes,clothes2427_1.jpg,.jpg,534,400,1.335,213600,25.05,RGB
Clothes,clothes2428_1.jpg,.jpg,400,533,0.7505,213200,19.72,RGB
Clothes,clothes2429_1.jpg,.jpg,400,533,0.7505,213200,14.94,RGB
Clothes,clothes243_1.jpg,.jpg,400,400,1.0,160000,24.32,RGB
Clothes,clothes2430_1.jpg,.jpg,400,533,0.7505,213200,17.9,RGB
Clothes,clothes2431_1.jpg,.jpg,400,471,0.8493,188400,36.16,RGB
Clothes,clothes2432_1.jpg,.jpg,400,400,1.0,160000,19.33,RGB
Clothes,clothes2433_1.jpg,.jpg,533,400,1.3325,213200,27.25,RGB
Clothes,clothes2434_1.jpg,.jpg,400,534,0.7491,213600,20.59,RGB
Clothes,clothes2435_1.jpg,.jpg,400,533,0.7505,213200,20.88,RGB
Clothes,clothes2436_1.jpg,.jpg,400,533,0.7505,213200,18.57,RGB
Clothes,clothes2437_1.jpg,.jpg,400,533,0.7505,213200,33.52,RGB
Clothes,clothes2438_1.jpg,.jpg,400,533,0.7505,213200,28.97,RGB
Clothes,clothes2439_1.jpg,.jpg,400,533,0.7505,213200,17.05,RGB
Clothes,clothes244_1.jpg,.jpg,400,533,0.7505,213200,43.49,RGB
Clothes,clothes2440_1.jpg,.jpg,400,711,0.5626,284400,18.37,RGB
Clothes,clothes2441_1.jpg,.jpg,533,400,1.3325,213200,37.13,RGB
Clothes,clothes2442_1.jpg,.jpg,400,746,0.5362,298400,21.04,RGB
Clothes,clothes2443_1.jpg,.jpg,400,534,0.7491,213600,14.66,RGB
Clothes,clothes2444_1.jpg,.jpg,533,400,1.3325,213200,22.4,RGB
Clothes,clothes2445_1.jpg,.jpg,400,533,0.7505,213200,23.92,RGB
Clothes,clothes2446_1.jpg,.jpg,400,533,0.7505,213200,25.48,RGB
Clothes,clothes2447_1.jpg,.jpg,400,533,0.7505,213200,34.63,RGB
Clothes,clothes2448_1.jpg,.jpg,400,534,0.7491,213600,16.09,RGB
Clothes,clothes2449_1.jpg,.jpg,400,533,0.7505,213200,30.37,RGB
Clothes,clothes245_1.jpg,.jpg,533,400,1.3325,213200,19.64,RGB
Clothes,clothes2450_1.jpg,.jpg,400,533,0.7505,213200,40.98,RGB
Clothes,clothes2451_1.jpg,.jpg,400,711,0.5626,284400,49.88,RGB
Clothes,clothes2452_1.jpg,.jpg,400,711,0.5626,284400,33.03,RGB
Clothes,clothes2453_1.jpg,.jpg,400,533,0.7505,213200,36.47,RGB
Clothes,clothes2454_1.jpg,.jpg,400,534,0.7491,213600,14.2,RGB
Clothes,clothes2455_1.jpg,.jpg,400,534,0.7491,213600,23.23,RGB
Clothes,clothes2456_1.jpg,.jpg,400,533,0.7505,213200,30.29,RGB
Clothes,clothes2457_1.jpg,.jpg,400,533,0.7505,213200,27.58,RGB
Clothes,clothes2458_1.jpg,.jpg,400,533,0.7505,213200,31.33,RGB
Clothes,clothes2459_1.jpg,.jpg,711,400,1.7775,284400,46.19,RGB
Clothes,clothes246_1.jpg,.jpg,400,711,0.5626,284400,38.49,RGB
Clothes,clothes2460_1.jpg,.jpg,400,534,0.7491,213600,27.1,RGB
Clothes,clothes2461_1.jpg,.jpg,400,533,0.7505,213200,21.51,RGB
Clothes,clothes2462_1.jpg,.jpg,400,533,0.7505,213200,14.7,RGB
Clothes,clothes2463_1.jpg,.jpg,400,619,0.6462,247600,26.63,RGB
Clothes,clothes2464_1.jpg,.jpg,400,534,0.7491,213600,14.66,RGB
Clothes,clothes2465_1.jpg,.jpg,400,533,0.7505,213200,33.72,RGB
Clothes,clothes2466_1.jpg,.jpg,400,533,0.7505,213200,34.83,RGB
Clothes,clothes2467_1.jpg,.jpg,400,533,0.7505,213200,39.15,RGB
Clothes,clothes2468_1.jpg,.jpg,400,533,0.7505,213200,28.32,RGB
Clothes,clothes2469_1.jpg,.jpg,400,400,1.0,160000,14.85,RGB
Clothes,clothes247_1.jpg,.jpg,400,533,0.7505,213200,53.06,RGB
Clothes,clothes2470_1.jpg,.jpg,400,533,0.7505,213200,16.34,RGB
Clothes,clothes2471_1.jpg,.jpg,400,533,0.7505,213200,42.98,RGB
Clothes,clothes2472_1.jpg,.jpg,400,533,0.7505,213200,30.54,RGB
Clothes,clothes2473_1.jpg,.jpg,400,533,0.7505,213200,43.47,RGB
Clothes,clothes2474_1.jpg,.jpg,400,533,0.7505,213200,35.55,RGB
Clothes,clothes2475_1.jpg,.jpg,400,534,0.7491,213600,13.63,RGB
Clothes,clothes2476_1.jpg,.jpg,400,533,0.7505,213200,33.83,RGB
Clothes,clothes2477_1.jpg,.jpg,400,533,0.7505,213200,25.53,RGB
Clothes,clothes2478_1.jpg,.jpg,400,458,0.8734,183200,22.71,RGB
Clothes,clothes2479_1.jpg,.jpg,400,534,0.7491,213600,20.87,RGB
Clothes,clothes248_1.jpg,.jpg,400,533,0.7505,213200,31.41,RGB
Clothes,clothes2480_1.jpg,.jpg,400,533,0.7505,213200,15.81,RGB
Clothes,clothes2481_1.jpg,.jpg,400,533,0.7505,213200,19.63,RGB
Clothes,clothes2482_1.jpg,.jpg,400,711,0.5626,284400,54.85,RGB
Clothes,clothes2483_1.jpg,.jpg,400,533,0.7505,213200,18.38,RGB
Clothes,clothes2484_1.jpg,.jpg,400,533,0.7505,213200,39.99,RGB
Clothes,clothes2485_1.jpg,.jpg,400,534,0.7491,213600,15.75,RGB
Clothes,clothes2486_1.jpg,.jpg,400,711,0.5626,284400,37.68,RGB
Clothes,clothes2487_1.jpg,.jpg,400,711,0.5626,284400,20.25,RGB
Clothes,clothes2488_1.jpg,.jpg,400,662,0.6042,264800,50.73,RGB
Clothes,clothes2489_1.jpg,.jpg,400,533,0.7505,213200,53.01,RGB
Clothes,clothes249_1.jpg,.jpg,400,533,0.7505,213200,21.92,RGB
Clothes,clothes2490_1.jpg,.jpg,400,534,0.7491,213600,20.62,RGB
Clothes,clothes2491_1.jpg,.jpg,400,413,0.9685,165200,14.92,RGB
Clothes,clothes2492_1.jpg,.jpg,400,533,0.7505,213200,21.44,RGB
Clothes,clothes2493_1.jpg,.jpg,400,567,0.7055,226800,14.83,RGB
Clothes,clothes2494_1.jpg,.jpg,400,446,0.8969,178400,22.65,RGB
Clothes,clothes2495_1.jpg,.jpg,400,480,0.8333,192000,13.58,RGB
Clothes,clothes2496_1.jpg,.jpg,400,533,0.7505,213200,48.75,RGB
Clothes,clothes2497_1.jpg,.jpg,400,533,0.7505,213200,18.95,RGB
Clothes,clothes2498_1.jpg,.jpg,400,711,0.5626,284400,76.22,RGB
Clothes,clothes2499_1.jpg,.jpg,400,533,0.7505,213200,29.81,RGB
Clothes,clothes25_1.jpg,.jpg,400,533,0.7505,213200,21.31,RGB
Clothes,clothes250_1.jpg,.jpg,400,533,0.7505,213200,31.19,RGB
Clothes,clothes2500_1.jpg,.jpg,400,534,0.7491,213600,18.51,RGB
Clothes,clothes2501_1.jpg,.jpg,400,533,0.7505,213200,53.05,RGB
Clothes,clothes2502_1.jpg,.jpg,400,533,0.7505,213200,16.11,RGB
Clothes,clothes2503_1.jpg,.jpg,400,552,0.7246,220800,25.2,RGB
Clothes,clothes2504_1.jpg,.jpg,400,710,0.5634,284000,37.68,RGB
Clothes,clothes2505_1.jpg,.jpg,400,712,0.5618,284800,34.02,RGB
Clothes,clothes2506_1.jpg,.jpg,711,400,1.7775,284400,47.39,RGB
Clothes,clothes2507_1.jpg,.jpg,400,711,0.5626,284400,14.71,RGB
Clothes,clothes2508_1.jpg,.jpg,400,533,0.7505,213200,34.68,RGB
Clothes,clothes2509_1.jpg,.jpg,400,533,0.7505,213200,31.49,RGB
Clothes,clothes251_1.jpg,.jpg,400,711,0.5626,284400,17.2,RGB
Clothes,clothes2510_1.jpg,.jpg,574,400,1.435,229600,27.8,RGB
Clothes,clothes2511_1.jpg,.jpg,400,533,0.7505,213200,28.24,RGB
Clothes,clothes2512_1.jpg,.jpg,400,533,0.7505,213200,35.57,RGB
Clothes,clothes2513_1.jpg,.jpg,400,533,0.7505,213200,33.34,RGB
Clothes,clothes2514_1.jpg,.jpg,711,400,1.7775,284400,36.15,RGB
Clothes,clothes2515_1.jpg,.jpg,400,533,0.7505,213200,39.79,RGB
Clothes,clothes2516_1.jpg,.jpg,400,534,0.7491,213600,14.26,RGB
Clothes,clothes2517_1.jpg,.jpg,400,425,0.9412,170000,30.94,RGB
Clothes,clothes2518_1.jpg,.jpg,400,533,0.7505,213200,15.32,RGB
Clothes,clothes2519_1.jpg,.jpg,400,431,0.9281,172400,15.88,RGB
Clothes,clothes252_1.jpg,.jpg,400,534,0.7491,213600,13.56,RGB
Clothes,clothes2520_1.jpg,.jpg,400,440,0.9091,176000,14.01,RGB
Clothes,clothes2521_1.jpg,.jpg,400,865,0.4624,346000,60.46,RGB
Clothes,clothes2522_1.jpg,.jpg,400,534,0.7491,213600,29.0,RGB
Clothes,clothes2523_1.jpg,.jpg,400,533,0.7505,213200,25.7,RGB
Clothes,clothes2524_1.jpg,.jpg,533,400,1.3325,213200,27.04,RGB
Clothes,clothes2525_1.jpg,.jpg,400,533,0.7505,213200,22.85,RGB
Clothes,clothes2526_1.jpg,.jpg,400,533,0.7505,213200,43.9,RGB
Clothes,clothes2527_1.jpg,.jpg,400,533,0.7505,213200,13.54,RGB
Clothes,clothes2528_1.jpg,.jpg,400,533,0.7505,213200,37.13,RGB
Clothes,clothes2529_1.jpg,.jpg,400,533,0.7505,213200,21.77,RGB
Clothes,clothes253_1.jpg,.jpg,400,496,0.8065,198400,29.95,RGB
Clothes,clothes2530_1.jpg,.jpg,400,534,0.7491,213600,13.59,RGB
Clothes,clothes2531_1.jpg,.jpg,400,533,0.7505,213200,33.09,RGB
Clothes,clothes2532_1.jpg,.jpg,400,418,0.9569,167200,19.69,RGB
Clothes,clothes2533_1.jpg,.jpg,400,534,0.7491,213600,30.58,RGB
Clothes,clothes2534_1.jpg,.jpg,533,400,1.3325,213200,23.1,RGB
Clothes,clothes2535_1.jpg,.jpg,400,534,0.7491,213600,17.47,RGB
Clothes,clothes2536_1.jpg,.jpg,400,534,0.7491,213600,31.04,RGB
Clothes,clothes2537_1.jpg,.jpg,400,533,0.7505,213200,27.11,RGB
Clothes,clothes2538_1.jpg,.jpg,533,400,1.3325,213200,31.49,RGB
Clothes,clothes2539_1.jpg,.jpg,533,400,1.3325,213200,36.93,RGB
Clothes,clothes254_1.jpg,.jpg,400,533,0.7505,213200,23.96,RGB
Clothes,clothes2540_1.jpg,.jpg,400,711,0.5626,284400,61.85,RGB
Clothes,clothes2541_1.jpg,.jpg,400,534,0.7491,213600,33.93,RGB
Clothes,clothes2542_1.jpg,.jpg,400,533,0.7505,213200,19.8,RGB
Clothes,clothes2543_1.jpg,.jpg,400,517,0.7737,206800,52.9,RGB
Clothes,clothes2544_1.jpg,.jpg,400,533,0.7505,213200,29.7,RGB
Clothes,clothes2545_1.jpg,.jpg,400,533,0.7505,213200,49.22,RGB
Clothes,clothes2546_1.jpg,.jpg,400,534,0.7491,213600,17.62,RGB
Clothes,clothes2547_1.jpg,.jpg,400,711,0.5626,284400,21.73,RGB
Clothes,clothes2548_1.jpg,.jpg,400,533,0.7505,213200,23.67,RGB
Clothes,clothes2549_1.jpg,.jpg,400,534,0.7491,213600,23.58,RGB
Clothes,clothes255_1.jpg,.jpg,532,400,1.33,212800,44.87,RGB
Clothes,clothes2550_1.jpg,.jpg,400,533,0.7505,213200,22.38,RGB
Clothes,clothes2551_1.jpg,.jpg,400,711,0.5626,284400,32.15,RGB
Clothes,clothes2552_1.jpg,.jpg,400,534,0.7491,213600,17.5,RGB
Clothes,clothes2553_1.jpg,.jpg,400,533,0.7505,213200,26.74,RGB
Clothes,clothes2554_1.jpg,.jpg,400,526,0.7605,210400,14.76,RGB
Clothes,clothes2555_1.jpg,.jpg,400,533,0.7505,213200,23.99,RGB
Clothes,clothes2556_1.jpg,.jpg,400,711,0.5626,284400,25.36,RGB
Clothes,clothes2557_1.jpg,.jpg,400,533,0.7505,213200,41.19,RGB
Clothes,clothes2558_1.jpg,.jpg,533,400,1.3325,213200,25.3,RGB
Clothes,clothes2559_1.jpg,.jpg,400,648,0.6173,259200,26.66,RGB
Clothes,clothes256_1.jpg,.jpg,400,533,0.7505,213200,15.59,RGB
Clothes,clothes2560_1.jpg,.jpg,400,533,0.7505,213200,41.04,RGB
Clothes,clothes2561_1.jpg,.jpg,400,533,0.7505,213200,21.12,RGB
Clothes,clothes2562_1.jpg,.jpg,711,400,1.7775,284400,23.31,RGB
Clothes,clothes2563_1.jpg,.jpg,400,533,0.7505,213200,22.89,RGB
Clothes,clothes2564_1.jpg,.jpg,400,533,0.7505,213200,32.75,RGB
Clothes,clothes2565_1.jpg,.jpg,400,533,0.7505,213200,37.87,RGB
Clothes,clothes2566_1.jpg,.jpg,400,533,0.7505,213200,28.53,RGB
Clothes,clothes2567_1.jpg,.jpg,400,400,1.0,160000,14.84,RGB
Clothes,clothes2568_1.jpg,.jpg,400,533,0.7505,213200,26.5,RGB
Clothes,clothes2569_1.jpg,.jpg,400,534,0.7491,213600,19.8,RGB
Clothes,clothes257_1.jpg,.jpg,400,533,0.7505,213200,32.42,RGB
Clothes,clothes2570_1.jpg,.jpg,400,534,0.7491,213600,20.28,RGB
Clothes,clothes2571_1.jpg,.jpg,400,533,0.7505,213200,36.22,RGB
Clothes,clothes2572_1.jpg,.jpg,400,534,0.7491,213600,25.76,RGB
Clothes,clothes2573_1.jpg,.jpg,534,400,1.335,213600,21.63,RGB
Clothes,clothes2574_1.jpg,.jpg,400,533,0.7505,213200,19.74,RGB
Clothes,clothes2575_1.jpg,.jpg,785,400,1.9625,314000,45.39,RGB
Clothes,clothes2576_1.jpg,.jpg,400,533,0.7505,213200,19.16,RGB
Clothes,clothes2577_1.jpg,.jpg,711,400,1.7775,284400,30.55,RGB
Clothes,clothes2578_1.jpg,.jpg,400,533,0.7505,213200,14.79,RGB
Clothes,clothes2579_1.jpg,.jpg,400,533,0.7505,213200,16.83,RGB
Clothes,clothes258_1.jpg,.jpg,400,533,0.7505,213200,16.45,RGB
Clothes,clothes2580_1.jpg,.jpg,400,534,0.7491,213600,19.41,RGB
Clothes,clothes2581_1.jpg,.jpg,400,492,0.813,196800,26.96,RGB
Clothes,clothes2582_1.jpg,.jpg,400,474,0.8439,189600,22.44,RGB
Clothes,clothes2583_1.jpg,.jpg,400,533,0.7505,213200,31.92,RGB
Clothes,clothes2584_1.jpg,.jpg,400,533,0.7505,213200,26.29,RGB
Clothes,clothes2585_1.jpg,.jpg,400,534,0.7491,213600,21.25,RGB
Clothes,clothes2586_1.jpg,.jpg,400,533,0.7505,213200,20.75,RGB
Clothes,clothes2587_1.jpg,.jpg,441,400,1.1025,176400,17.73,RGB
Clothes,clothes2588_1.jpg,.jpg,400,534,0.7491,213600,16.66,RGB
Clothes,clothes2589_1.jpg,.jpg,400,533,0.7505,213200,51.85,RGB
Clothes,clothes259_1.jpg,.jpg,400,533,0.7505,213200,26.71,RGB
Clothes,clothes2590_1.jpg,.jpg,533,400,1.3325,213200,26.38,RGB
Clothes,clothes2591_1.jpg,.jpg,400,533,0.7505,213200,44.86,RGB
Clothes,clothes2592_1.jpg,.jpg,400,711,0.5626,284400,59.59,RGB
Clothes,clothes2593_1.jpg,.jpg,400,637,0.6279,254800,26.16,RGB
Clothes,clothes2594_1.jpg,.jpg,400,711,0.5626,284400,50.59,RGB
Clothes,clothes2595_1.jpg,.jpg,711,400,1.7775,284400,65.55,RGB
Clothes,clothes2596_1.jpg,.jpg,400,542,0.738,216800,21.46,RGB
Clothes,clothes2597_1.jpg,.jpg,400,533,0.7505,213200,29.87,RGB
Clothes,clothes2598_1.jpg,.jpg,400,572,0.6993,228800,20.06,RGB
Clothes,clothes2599_1.jpg,.jpg,400,533,0.7505,213200,19.33,RGB
Clothes,clothes26_1.jpg,.jpg,400,533,0.7505,213200,20.84,RGB
Clothes,clothes260_1.jpg,.jpg,400,533,0.7505,213200,27.77,RGB
Clothes,clothes2600_1.jpg,.jpg,400,710,0.5634,284000,83.24,RGB
Clothes,clothes2601_1.jpg,.jpg,400,533,0.7505,213200,27.16,RGB
Clothes,clothes2602_1.jpg,.jpg,400,427,0.9368,170800,15.64,RGB
Clothes,clothes2603_1.jpg,.jpg,400,533,0.7505,213200,21.2,RGB
Clothes,clothes2604_1.jpg,.jpg,400,533,0.7505,213200,25.96,RGB
Clothes,clothes2605_1.jpg,.jpg,400,534,0.7491,213600,36.77,RGB
Clothes,clothes2606_1.jpg,.jpg,400,533,0.7505,213200,25.59,RGB
Clothes,clothes2607_1.jpg,.jpg,400,533,0.7505,213200,24.29,RGB
Clothes,clothes2608_1.jpg,.jpg,400,524,0.7634,209600,24.78,RGB
Clothes,clothes2609_1.jpg,.jpg,400,533,0.7505,213200,13.32,RGB
Clothes,clothes261_1.jpg,.jpg,400,533,0.7505,213200,13.32,RGB
Clothes,clothes2610_1.jpg,.jpg,400,585,0.6838,234000,28.11,RGB
Clothes,clothes2611_1.jpg,.jpg,400,533,0.7505,213200,35.71,RGB
Clothes,clothes2612_1.jpg,.jpg,400,533,0.7505,213200,30.78,RGB
Clothes,clothes2613_1.jpg,.jpg,400,711,0.5626,284400,29.25,RGB
Clothes,clothes2614_1.jpg,.jpg,400,711,0.5626,284400,33.83,RGB
Clothes,clothes2615_1.jpg,.jpg,400,533,0.7505,213200,33.2,RGB
Clothes,clothes2616_1.jpg,.jpg,400,534,0.7491,213600,38.53,RGB
Clothes,clothes2617_1.jpg,.jpg,400,533,0.7505,213200,23.03,RGB
Clothes,clothes2618_1.jpg,.jpg,400,534,0.7491,213600,21.69,RGB
Clothes,clothes2619_1.jpg,.jpg,400,534,0.7491,213600,18.19,RGB
Clothes,clothes262_1.jpg,.jpg,400,537,0.7449,214800,20.34,RGB
Clothes,clothes2620_1.jpg,.jpg,400,533,0.7505,213200,40.27,RGB
Clothes,clothes2621_1.jpg,.jpg,400,437,0.9153,174800,16.67,RGB
Clothes,clothes2622_1.jpg,.jpg,400,533,0.7505,213200,17.31,RGB
Clothes,clothes2623_1.jpg,.jpg,400,533,0.7505,213200,39.12,RGB
Clothes,clothes2624_1.jpg,.jpg,400,533,0.7505,213200,24.36,RGB
Clothes,clothes2625_1.jpg,.jpg,400,533,0.7505,213200,27.21,RGB
Clothes,clothes2626_1.jpg,.jpg,400,533,0.7505,213200,25.92,RGB
Clothes,clothes2627_1.jpg,.jpg,400,533,0.7505,213200,28.27,RGB
Clothes,clothes2628_1.jpg,.jpg,400,533,0.7505,213200,18.85,RGB
Clothes,clothes2629_1.jpg,.jpg,534,400,1.335,213600,47.08,RGB
Clothes,clothes263_1.jpg,.jpg,400,533,0.7505,213200,40.68,RGB
Clothes,clothes2630_1.jpg,.jpg,400,533,0.7505,213200,15.71,RGB
Clothes,clothes2631_1.jpg,.jpg,400,534,0.7491,213600,15.87,RGB
Clothes,clothes2632_1.jpg,.jpg,400,533,0.7505,213200,24.66,RGB
Clothes,clothes2633_1.jpg,.jpg,400,888,0.4505,355200,64.3,RGB
Clothes,clothes2634_1.jpg,.jpg,400,711,0.5626,284400,24.75,RGB
Clothes,clothes2635_1.jpg,.jpg,400,400,1.0,160000,30.77,RGB
Clothes,clothes2636_1.jpg,.jpg,400,533,0.7505,213200,14.18,RGB
Clothes,clothes2637_1.jpg,.jpg,400,533,0.7505,213200,46.29,RGB
Clothes,clothes2638_1.jpg,.jpg,400,465,0.8602,186000,33.56,RGB
Clothes,clothes2639_1.jpg,.jpg,400,479,0.8351,191600,32.67,RGB
Clothes,clothes264_1.jpg,.jpg,400,533,0.7505,213200,15.55,RGB
Clothes,clothes2640_1.jpg,.jpg,400,534,0.7491,213600,15.25,RGB
Clothes,clothes2641_1.jpg,.jpg,400,533,0.7505,213200,24.37,RGB
Clothes,clothes2642_1.jpg,.jpg,533,400,1.3325,213200,25.69,RGB
Clothes,clothes2643_1.jpg,.jpg,400,533,0.7505,213200,23.74,RGB
Clothes,clothes2644_1.jpg,.jpg,400,533,0.7505,213200,20.69,RGB
Clothes,clothes2645_1.jpg,.jpg,400,534,0.7491,213600,18.99,RGB
Clothes,clothes2646_1.jpg,.jpg,400,534,0.7491,213600,18.77,RGB
Clothes,clothes2647_1.jpg,.jpg,400,570,0.7018,228000,29.47,RGB
Clothes,clothes2648_1.jpg,.jpg,534,400,1.335,213600,23.16,RGB
Clothes,clothes2649_1.jpg,.jpg,400,533,0.7505,213200,28.13,RGB
Clothes,clothes265_1.jpg,.jpg,400,533,0.7505,213200,20.2,RGB
Clothes,clothes2650_1.jpg,.jpg,400,533,0.7505,213200,26.2,RGB
Clothes,clothes2651_1.jpg,.jpg,400,489,0.818,195600,20.97,RGB
Clothes,clothes2652_1.jpg,.jpg,400,492,0.813,196800,28.04,RGB
Clothes,clothes2653_1.jpg,.jpg,400,533,0.7505,213200,21.32,RGB
Clothes,clothes2654_1.jpg,.jpg,533,400,1.3325,213200,19.55,RGB
Clothes,clothes2655_1.jpg,.jpg,400,533,0.7505,213200,21.78,RGB
Clothes,clothes2656_1.jpg,.jpg,400,711,0.5626,284400,40.68,RGB
Clothes,clothes2657_1.jpg,.jpg,400,533,0.7505,213200,14.83,RGB
Clothes,clothes2658_1.jpg,.jpg,400,400,1.0,160000,23.0,RGB
Clothes,clothes2659_1.jpg,.jpg,534,400,1.335,213600,29.76,RGB
Clothes,clothes266_1.jpg,.jpg,533,400,1.3325,213200,34.72,RGB
Clothes,clothes2660_1.jpg,.jpg,400,533,0.7505,213200,24.5,RGB
Clothes,clothes2661_1.jpg,.jpg,400,533,0.7505,213200,28.63,RGB
Clothes,clothes2662_1.jpg,.jpg,400,533,0.7505,213200,24.47,RGB
Clothes,clothes2663_1.jpg,.jpg,400,533,0.7505,213200,23.88,RGB
Clothes,clothes2664_1.jpg,.jpg,400,533,0.7505,213200,23.01,RGB
Clothes,clothes2665_1.jpg,.jpg,400,534,0.7491,213600,21.29,RGB
Clothes,clothes2666_1.jpg,.jpg,400,455,0.8791,182000,14.29,RGB
Clothes,clothes2667_1.jpg,.jpg,400,469,0.8529,187600,20.42,RGB
Clothes,clothes2668_1.jpg,.jpg,400,534,0.7491,213600,21.67,RGB
Clothes,clothes2669_1.jpg,.jpg,400,533,0.7505,213200,27.62,RGB
Clothes,clothes267_1.jpg,.jpg,400,533,0.7505,213200,22.17,RGB
Clothes,clothes2670_1.jpg,.jpg,400,533,0.7505,213200,16.23,RGB
Clothes,clothes2671_1.jpg,.jpg,533,400,1.3325,213200,45.92,RGB
Clothes,clothes2672_1.jpg,.jpg,400,587,0.6814,234800,28.95,RGB
Clothes,clothes2673_1.jpg,.jpg,400,533,0.7505,213200,15.19,RGB
Clothes,clothes2674_1.jpg,.jpg,400,534,0.7491,213600,20.06,RGB
Clothes,clothes2675_1.jpg,.jpg,711,400,1.7775,284400,50.41,RGB
Clothes,clothes2676_1.jpg,.jpg,400,400,1.0,160000,32.06,RGB
Clothes,clothes2677_1.jpg,.jpg,400,533,0.7505,213200,24.19,RGB
Clothes,clothes2678_1.jpg,.jpg,400,533,0.7505,213200,41.56,RGB
Clothes,clothes2679_1.jpg,.jpg,400,534,0.7491,213600,38.53,RGB
Clothes,clothes268_1.jpg,.jpg,400,534,0.7491,213600,17.13,RGB
Clothes,clothes2680_1.jpg,.jpg,400,459,0.8715,183600,41.97,RGB
Clothes,clothes2681_1.jpg,.jpg,400,413,0.9685,165200,13.51,RGB
Clothes,clothes2682_1.jpg,.jpg,533,400,1.3325,213200,24.66,RGB
Clothes,clothes2683_1.jpg,.jpg,400,533,0.7505,213200,22.93,RGB
Clothes,clothes2684_1.jpg,.jpg,400,533,0.7505,213200,16.1,RGB
Clothes,clothes2685_1.jpg,.jpg,400,533,0.7505,213200,24.92,RGB
Clothes,clothes2686_1.jpg,.jpg,400,565,0.708,226000,24.87,RGB
Clothes,clothes2687_1.jpg,.jpg,533,400,1.3325,213200,25.89,RGB
Clothes,clothes2688_1.jpg,.jpg,400,533,0.7505,213200,19.92,RGB
Clothes,clothes2689_1.jpg,.jpg,708,400,1.77,283200,29.23,RGB
Clothes,clothes269_1.jpg,.jpg,400,400,1.0,160000,15.5,RGB
Clothes,clothes2690_1.jpg,.jpg,400,797,0.5019,318800,28.78,RGB
Clothes,clothes2691_1.jpg,.jpg,400,533,0.7505,213200,41.36,RGB
Clothes,clothes2692_1.jpg,.jpg,679,400,1.6975,271600,41.58,RGB
Clothes,clothes2693_1.jpg,.jpg,400,533,0.7505,213200,28.52,RGB
Clothes,clothes2694_1.jpg,.jpg,400,400,1.0,160000,20.9,RGB
Clothes,clothes2695_1.jpg,.jpg,400,533,0.7505,213200,21.71,RGB
Clothes,clothes2696_1.jpg,.jpg,400,533,0.7505,213200,43.82,RGB
Clothes,clothes2697_1.jpg,.jpg,400,534,0.7491,213600,17.33,RGB
Clothes,clothes2698_1.jpg,.jpg,533,400,1.3325,213200,47.75,RGB
Clothes,clothes2699_1.jpg,.jpg,400,533,0.7505,213200,37.15,RGB
Clothes,clothes27_1.jpg,.jpg,400,533,0.7505,213200,27.13,RGB
Clothes,clothes270_1.jpg,.jpg,400,533,0.7505,213200,24.77,RGB
Clothes,clothes2700_1.jpg,.jpg,400,533,0.7505,213200,12.47,RGB
Clothes,clothes2701_1.jpg,.jpg,400,599,0.6678,239600,19.71,RGB
Clothes,clothes2702_1.jpg,.jpg,440,400,1.1,176000,11.92,RGB
Clothes,clothes2703_1.jpg,.jpg,400,533,0.7505,213200,24.01,RGB
Clothes,clothes2704_1.jpg,.jpg,400,534,0.7491,213600,22.95,RGB
Clothes,clothes2705_1.jpg,.jpg,533,400,1.3325,213200,16.22,RGB
Clothes,clothes2706_1.jpg,.jpg,463,400,1.1575,185200,25.4,RGB
Clothes,clothes2707_1.jpg,.jpg,400,433,0.9238,173200,30.1,RGB
Clothes,clothes2708_1.jpg,.jpg,400,533,0.7505,213200,18.29,RGB
Clothes,clothes2709_1.jpg,.jpg,400,534,0.7491,213600,56.52,RGB
Clothes,clothes271_1.jpg,.jpg,400,534,0.7491,213600,19.09,RGB
Clothes,clothes2710_1.jpg,.jpg,534,400,1.335,213600,25.95,RGB
Clothes,clothes2711_1.jpg,.jpg,400,533,0.7505,213200,23.1,RGB
Clothes,clothes2712_1.jpg,.jpg,400,620,0.6452,248000,14.3,RGB
Clothes,clothes2713_1.jpg,.jpg,400,711,0.5626,284400,28.02,RGB
Clothes,clothes2714_1.jpg,.jpg,400,400,1.0,160000,15.89,RGB
Clothes,clothes2715_1.jpg,.jpg,400,534,0.7491,213600,19.08,RGB
Clothes,clothes2716_1.jpg,.jpg,400,712,0.5618,284800,29.93,RGB
Clothes,clothes2717_1.jpg,.jpg,400,533,0.7505,213200,30.58,RGB
Clothes,clothes2718_1.jpg,.jpg,400,533,0.7505,213200,19.3,RGB
Clothes,clothes2719_1.jpg,.jpg,711,400,1.7775,284400,44.46,RGB
Clothes,clothes272_1.jpg,.jpg,400,426,0.939,170400,21.99,RGB
Clothes,clothes2720_1.jpg,.jpg,400,534,0.7491,213600,24.4,RGB
Clothes,clothes2721_1.jpg,.jpg,400,533,0.7505,213200,21.2,RGB
Clothes,clothes2722_1.jpg,.jpg,400,533,0.7505,213200,57.75,RGB
Clothes,clothes2723_1.jpg,.jpg,533,400,1.3325,213200,29.48,RGB
Clothes,clothes2724_1.jpg,.jpg,400,533,0.7505,213200,25.37,RGB
Clothes,clothes2725_1.jpg,.jpg,400,533,0.7505,213200,16.14,RGB
Clothes,clothes2726_1.jpg,.jpg,400,533,0.7505,213200,16.39,RGB
Clothes,clothes2727_1.jpg,.jpg,400,533,0.7505,213200,22.34,RGB
Clothes,clothes2728_1.jpg,.jpg,400,533,0.7505,213200,23.71,RGB
Clothes,clothes2729_1.jpg,.jpg,400,533,0.7505,213200,27.34,RGB
Clothes,clothes273_1.jpg,.jpg,400,533,0.7505,213200,45.88,RGB
Clothes,clothes2730_1.jpg,.jpg,400,533,0.7505,213200,20.26,RGB
Clothes,clothes2731_1.jpg,.jpg,400,533,0.7505,213200,35.54,RGB
Clothes,clothes2732_1.jpg,.jpg,400,425,0.9412,170000,19.74,RGB
Clothes,clothes2733_1.jpg,.jpg,400,533,0.7505,213200,29.59,RGB
Clothes,clothes2734_1.jpg,.jpg,400,533,0.7505,213200,24.87,RGB
Clothes,clothes2735_1.jpg,.jpg,400,533,0.7505,213200,33.56,RGB
Clothes,clothes2736_1.jpg,.jpg,400,533,0.7505,213200,32.7,RGB
Clothes,clothes2737_1.jpg,.jpg,711,400,1.7775,284400,34.33,RGB
Clothes,clothes2738_1.jpg,.jpg,416,400,1.04,166400,18.47,RGB
Clothes,clothes2739_1.jpg,.jpg,400,533,0.7505,213200,26.06,RGB
Clothes,clothes274_1.jpg,.jpg,400,533,0.7505,213200,20.53,RGB
Clothes,clothes2740_1.jpg,.jpg,400,533,0.7505,213200,23.12,RGB
Clothes,clothes2741_1.jpg,.jpg,400,533,0.7505,213200,15.32,RGB
Clothes,clothes2742_1.jpg,.jpg,400,403,0.9926,161200,13.33,RGB
Clothes,clothes2743_1.jpg,.jpg,400,533,0.7505,213200,27.57,RGB
Clothes,clothes2744_1.jpg,.jpg,533,400,1.3325,213200,28.7,RGB
Clothes,clothes2745_1.jpg,.jpg,400,533,0.7505,213200,38.2,RGB
Clothes,clothes2746_1.jpg,.jpg,400,533,0.7505,213200,27.72,RGB
Clothes,clothes2747_1.jpg,.jpg,400,711,0.5626,284400,26.94,RGB
Clothes,clothes2748_1.jpg,.jpg,533,400,1.3325,213200,22.4,RGB
Clothes,clothes2749_1.jpg,.jpg,400,711,0.5626,284400,20.47,RGB
Clothes,clothes275_1.jpg,.jpg,400,533,0.7505,213200,28.26,RGB
Clothes,clothes2750_1.jpg,.jpg,400,422,0.9479,168800,16.86,RGB
Clothes,clothes2751_1.jpg,.jpg,400,711,0.5626,284400,42.84,RGB
Clothes,clothes2752_1.jpg,.jpg,400,534,0.7491,213600,12.88,RGB
Clothes,clothes2753_1.jpg,.jpg,533,400,1.3325,213200,27.4,RGB
Clothes,clothes2754_1.jpg,.jpg,400,400,1.0,160000,34.82,RGB
Clothes,clothes2755_1.jpg,.jpg,400,534,0.7491,213600,15.62,RGB
Clothes,clothes2756_1.jpg,.jpg,400,534,0.7491,213600,19.33,RGB
Clothes,clothes2757_1.jpg,.jpg,400,532,0.7519,212800,23.68,RGB
Clothes,clothes2758_1.jpg,.jpg,400,533,0.7505,213200,21.21,RGB
Clothes,clothes2759_1.jpg,.jpg,400,413,0.9685,165200,28.62,RGB
Clothes,clothes276_1.jpg,.jpg,400,532,0.7519,212800,34.6,RGB
Clothes,clothes2760_1.jpg,.jpg,400,534,0.7491,213600,36.88,RGB
Clothes,clothes2761_1.jpg,.jpg,400,400,1.0,160000,13.39,RGB
Clothes,clothes2762_1.jpg,.jpg,400,533,0.7505,213200,27.31,RGB
Clothes,clothes2763_1.jpg,.jpg,400,533,0.7505,213200,21.41,RGB
Clothes,clothes2764_1.jpg,.jpg,533,400,1.3325,213200,34.82,RGB
Clothes,clothes2765_1.jpg,.jpg,400,534,0.7491,213600,35.52,RGB
Clothes,clothes2766_1.jpg,.jpg,400,712,0.5618,284800,43.72,RGB
Clothes,clothes2767_1.jpg,.jpg,400,534,0.7491,213600,17.0,RGB
Clothes,clothes2768_1.jpg,.jpg,400,533,0.7505,213200,14.14,RGB
Clothes,clothes2769_1.jpg,.jpg,711,400,1.7775,284400,30.94,RGB
Clothes,clothes277_1.jpg,.jpg,533,400,1.3325,213200,24.14,RGB
Clothes,clothes2770_1.jpg,.jpg,533,400,1.3325,213200,23.3,RGB
Clothes,clothes2771_1.jpg,.jpg,400,533,0.7505,213200,37.71,RGB
Clothes,clothes2772_1.jpg,.jpg,400,459,0.8715,183600,21.26,RGB
Clothes,clothes2773_1.jpg,.jpg,400,533,0.7505,213200,30.6,RGB
Clothes,clothes2774_1.jpg,.jpg,400,534,0.7491,213600,22.56,RGB
Clothes,clothes2775_1.jpg,.jpg,400,533,0.7505,213200,16.04,RGB
Clothes,clothes2776_1.jpg,.jpg,400,455,0.8791,182000,27.07,RGB
Clothes,clothes2777_1.jpg,.jpg,400,533,0.7505,213200,34.6,RGB
Clothes,clothes2778_1.jpg,.jpg,400,534,0.7491,213600,15.62,RGB
Clothes,clothes2779_1.jpg,.jpg,400,444,0.9009,177600,17.09,RGB
Clothes,clothes278_1.jpg,.jpg,400,534,0.7491,213600,22.91,RGB
Clothes,clothes2780_1.jpg,.jpg,400,403,0.9926,161200,23.58,RGB
Clothes,clothes2781_1.jpg,.jpg,400,533,0.7505,213200,34.62,RGB
Clothes,clothes2782_1.jpg,.jpg,400,534,0.7491,213600,18.86,RGB
Clothes,clothes2783_1.jpg,.jpg,400,533,0.7505,213200,27.19,RGB
Clothes,clothes2784_1.jpg,.jpg,400,538,0.7435,215200,21.37,RGB
Clothes,clothes2785_1.jpg,.jpg,534,400,1.335,213600,30.21,RGB
Clothes,clothes2786_1.jpg,.jpg,400,533,0.7505,213200,29.52,RGB
Clothes,clothes2787_1.jpg,.jpg,533,400,1.3325,213200,26.47,RGB
Clothes,clothes2788_1.jpg,.jpg,533,400,1.3325,213200,28.07,RGB
Clothes,clothes2789_1.jpg,.jpg,400,493,0.8114,197200,29.91,RGB
Clothes,clothes279_1.jpg,.jpg,400,534,0.7491,213600,25.4,RGB
Clothes,clothes2790_1.jpg,.jpg,400,533,0.7505,213200,40.07,RGB
Clothes,clothes2791_1.jpg,.jpg,400,486,0.823,194400,23.43,RGB
Clothes,clothes2792_1.jpg,.jpg,400,400,1.0,160000,15.93,RGB
Clothes,clothes2793_1.jpg,.jpg,400,533,0.7505,213200,27.1,RGB
Clothes,clothes2794_1.jpg,.jpg,400,448,0.8929,179200,20.54,RGB
Clothes,clothes2795_1.jpg,.jpg,400,533,0.7505,213200,24.71,RGB
Clothes,clothes2796_1.jpg,.jpg,400,533,0.7505,213200,38.85,RGB
Clothes,clothes2797_1.jpg,.jpg,400,533,0.7505,213200,18.93,RGB
Clothes,clothes2798_1.jpg,.jpg,400,400,1.0,160000,21.31,RGB
Clothes,clothes2799_1.jpg,.jpg,400,533,0.7505,213200,27.85,RGB
Clothes,clothes28_1.jpg,.jpg,400,533,0.7505,213200,29.5,RGB
Clothes,clothes280_1.jpg,.jpg,533,400,1.3325,213200,22.67,RGB
Clothes,clothes2800_1.jpg,.jpg,400,533,0.7505,213200,13.48,RGB
Clothes,clothes2801_1.jpg,.jpg,400,533,0.7505,213200,24.19,RGB
Clothes,clothes2802_1.jpg,.jpg,418,400,1.045,167200,13.94,RGB
Clothes,clothes2803_1.jpg,.jpg,400,494,0.8097,197600,46.54,RGB
Clothes,clothes2804_1.jpg,.jpg,400,533,0.7505,213200,45.15,RGB
Clothes,clothes2805_1.jpg,.jpg,400,436,0.9174,174400,15.49,RGB
Clothes,clothes2806_1.jpg,.jpg,400,711,0.5626,284400,45.9,RGB
Clothes,clothes2807_1.jpg,.jpg,400,533,0.7505,213200,37.08,RGB
Clothes,clothes2808_1.jpg,.jpg,400,534,0.7491,213600,22.45,RGB
Clothes,clothes2809_1.jpg,.jpg,533,400,1.3325,213200,40.76,RGB
Clothes,clothes281_1.jpg,.jpg,400,533,0.7505,213200,30.51,RGB
Clothes,clothes2810_1.jpg,.jpg,400,534,0.7491,213600,18.51,RGB
Clothes,clothes2811_1.jpg,.jpg,400,712,0.5618,284800,27.2,RGB
Clothes,clothes2812_1.jpg,.jpg,400,533,0.7505,213200,25.81,RGB
Clothes,clothes2813_1.jpg,.jpg,400,533,0.7505,213200,21.65,RGB
Clothes,clothes2814_1.jpg,.jpg,534,400,1.335,213600,20.22,RGB
Clothes,clothes2815_1.jpg,.jpg,400,533,0.7505,213200,18.21,RGB
Clothes,clothes2816_1.jpg,.jpg,400,753,0.5312,301200,50.44,RGB
Clothes,clothes2817_1.jpg,.jpg,533,400,1.3325,213200,18.85,RGB
Clothes,clothes2818_1.jpg,.jpg,400,712,0.5618,284800,35.89,RGB
Clothes,clothes2819_1.jpg,.jpg,400,534,0.7491,213600,16.65,RGB
Clothes,clothes282_1.jpg,.jpg,400,533,0.7505,213200,23.8,RGB
Clothes,clothes2820_1.jpg,.jpg,400,533,0.7505,213200,31.48,RGB
Clothes,clothes2821_1.jpg,.jpg,400,712,0.5618,284800,33.25,RGB
Clothes,clothes2822_1.jpg,.jpg,400,712,0.5618,284800,24.88,RGB
Clothes,clothes2823_1.jpg,.jpg,400,533,0.7505,213200,13.91,RGB
Clothes,clothes2824_1.jpg,.jpg,400,533,0.7505,213200,25.11,RGB
Clothes,clothes2825_1.jpg,.jpg,400,534,0.7491,213600,33.3,RGB
Clothes,clothes2826_1.jpg,.jpg,400,533,0.7505,213200,28.83,RGB
Clothes,clothes2827_1.jpg,.jpg,400,606,0.6601,242400,29.1,RGB
Clothes,clothes2828_1.jpg,.jpg,458,400,1.145,183200,23.55,RGB
Clothes,clothes2829_1.jpg,.jpg,467,400,1.1675,186800,27.28,RGB
Clothes,clothes283_1.jpg,.jpg,400,711,0.5626,284400,52.15,RGB
Clothes,clothes2830_1.jpg,.jpg,400,534,0.7491,213600,24.12,RGB
Clothes,clothes2831_1.jpg,.jpg,400,534,0.7491,213600,17.09,RGB
Clothes,clothes2832_1.jpg,.jpg,400,534,0.7491,213600,18.18,RGB
Clothes,clothes2833_1.jpg,.jpg,400,534,0.7491,213600,22.15,RGB
Clothes,clothes2834_1.jpg,.jpg,400,528,0.7576,211200,38.43,RGB
Clothes,clothes2835_1.jpg,.jpg,400,533,0.7505,213200,32.88,RGB
Clothes,clothes2836_1.jpg,.jpg,400,533,0.7505,213200,27.39,RGB
Clothes,clothes2837_1.jpg,.jpg,400,533,0.7505,213200,24.41,RGB
Clothes,clothes2838_1.jpg,.jpg,400,533,0.7505,213200,19.04,RGB
Clothes,clothes2839_1.jpg,.jpg,400,533,0.7505,213200,24.24,RGB
Clothes,clothes284_1.jpg,.jpg,400,534,0.7491,213600,14.61,RGB
Clothes,clothes2840_1.jpg,.jpg,400,533,0.7505,213200,40.73,RGB
Clothes,clothes2841_1.jpg,.jpg,400,534,0.7491,213600,13.75,RGB
Clothes,clothes2842_1.jpg,.jpg,400,533,0.7505,213200,27.17,RGB
Clothes,clothes2843_1.jpg,.jpg,534,400,1.335,213600,18.11,RGB
Clothes,clothes2844_1.jpg,.jpg,400,533,0.7505,213200,26.12,RGB
Clothes,clothes2845_1.jpg,.jpg,400,533,0.7505,213200,31.29,RGB
Clothes,clothes2846_1.jpg,.jpg,400,533,0.7505,213200,30.22,RGB
Clothes,clothes2847_1.jpg,.jpg,400,533,0.7505,213200,40.21,RGB
Clothes,clothes2848_1.jpg,.jpg,400,443,0.9029,177200,17.72,RGB
Clothes,clothes2849_1.jpg,.jpg,400,533,0.7505,213200,25.41,RGB
Clothes,clothes285_1.jpg,.jpg,400,663,0.6033,265200,27.95,RGB
Clothes,clothes2850_1.jpg,.jpg,533,400,1.3325,213200,23.03,RGB
Clothes,clothes2851_1.jpg,.jpg,400,533,0.7505,213200,24.83,RGB
Clothes,clothes2852_1.jpg,.jpg,400,487,0.8214,194800,31.75,RGB
Clothes,clothes2853_1.jpg,.jpg,400,534,0.7491,213600,13.13,RGB
Clothes,clothes2854_1.jpg,.jpg,400,711,0.5626,284400,41.92,RGB
Clothes,clothes2855_1.jpg,.jpg,400,400,1.0,160000,18.16,RGB
Clothes,clothes2856_1.jpg,.jpg,400,533,0.7505,213200,33.7,RGB
Clothes,clothes2857_1.jpg,.jpg,400,533,0.7505,213200,22.15,RGB
Clothes,clothes2858_1.jpg,.jpg,400,533,0.7505,213200,43.46,RGB
Clothes,clothes2859_1.jpg,.jpg,533,400,1.3325,213200,18.36,RGB
Clothes,clothes286_1.jpg,.jpg,400,466,0.8584,186400,34.98,RGB
Clothes,clothes2860_1.jpg,.jpg,400,533,0.7505,213200,25.98,RGB
Clothes,clothes2861_1.jpg,.jpg,400,534,0.7491,213600,15.91,RGB
Clothes,clothes2862_1.jpg,.jpg,400,534,0.7491,213600,34.49,RGB
Clothes,clothes2863_1.jpg,.jpg,400,513,0.7797,205200,14.98,RGB
Clothes,clothes2864_1.jpg,.jpg,534,400,1.335,213600,22.5,RGB
Clothes,clothes2865_1.jpg,.jpg,597,400,1.4925,238800,26.47,RGB
Clothes,clothes2866_1.jpg,.jpg,400,533,0.7505,213200,17.3,RGB
Clothes,clothes2867_1.jpg,.jpg,400,533,0.7505,213200,15.06,RGB
Clothes,clothes2868_1.jpg,.jpg,400,534,0.7491,213600,14.1,RGB
Clothes,clothes2869_1.jpg,.jpg,534,400,1.335,213600,9.86,RGB
Clothes,clothes287_1.jpg,.jpg,400,533,0.7505,213200,17.29,RGB
Clothes,clothes2870_1.jpg,.jpg,400,537,0.7449,214800,26.75,RGB
Clothes,clothes2871_1.jpg,.jpg,400,533,0.7505,213200,25.69,RGB
Clothes,clothes2872_1.jpg,.jpg,400,533,0.7505,213200,49.26,RGB
Clothes,clothes2873_1.jpg,.jpg,400,534,0.7491,213600,37.71,RGB
Clothes,clothes2874_1.jpg,.jpg,400,534,0.7491,213600,15.95,RGB
Clothes,clothes2875_1.jpg,.jpg,400,534,0.7491,213600,17.47,RGB
Clothes,clothes2876_1.jpg,.jpg,400,533,0.7505,213200,51.55,RGB
Clothes,clothes2877_1.jpg,.jpg,400,533,0.7505,213200,24.01,RGB
Clothes,clothes2878_1.jpg,.jpg,400,533,0.7505,213200,49.23,RGB
Clothes,clothes2879_1.jpg,.jpg,400,533,0.7505,213200,20.09,RGB
Clothes,clothes288_1.jpg,.jpg,400,533,0.7505,213200,27.93,RGB
Clothes,clothes2880_1.jpg,.jpg,533,400,1.3325,213200,28.57,RGB
Clothes,clothes2881_1.jpg,.jpg,400,534,0.7491,213600,19.47,RGB
Clothes,clothes2882_1.jpg,.jpg,534,400,1.335,213600,25.74,RGB
Clothes,clothes2883_1.jpg,.jpg,400,533,0.7505,213200,22.45,RGB
Clothes,clothes2884_1.jpg,.jpg,400,469,0.8529,187600,16.51,RGB
Clothes,clothes2885_1.jpg,.jpg,400,533,0.7505,213200,18.7,RGB
Clothes,clothes2886_1.jpg,.jpg,400,533,0.7505,213200,16.45,RGB
Clothes,clothes2887_1.jpg,.jpg,400,534,0.7491,213600,15.39,RGB
Clothes,clothes2888_1.jpg,.jpg,400,543,0.7366,217200,17.37,RGB
Clothes,clothes2889_1.jpg,.jpg,400,534,0.7491,213600,19.18,RGB
Clothes,clothes289_1.jpg,.jpg,400,533,0.7505,213200,14.52,RGB
Clothes,clothes2890_1.jpg,.jpg,400,534,0.7491,213600,14.29,RGB
Clothes,clothes2891_1.jpg,.jpg,400,533,0.7505,213200,16.71,RGB
Clothes,clothes2892_1.jpg,.jpg,534,400,1.335,213600,33.57,RGB
Clothes,clothes2893_1.jpg,.jpg,400,533,0.7505,213200,25.02,RGB
Clothes,clothes2894_1.jpg,.jpg,400,537,0.7449,214800,45.29,RGB
Clothes,clothes2895_1.jpg,.jpg,400,534,0.7491,213600,19.32,RGB
Clothes,clothes2896_1.jpg,.jpg,533,400,1.3325,213200,10.88,RGB
Clothes,clothes2897_1.jpg,.jpg,400,533,0.7505,213200,28.0,RGB
Clothes,clothes2898_1.jpg,.jpg,533,400,1.3325,213200,30.21,RGB
Clothes,clothes2899_1.jpg,.jpg,414,400,1.035,165600,21.55,RGB
Clothes,clothes29_1.jpg,.jpg,400,534,0.7491,213600,15.48,RGB
Clothes,clothes290_1.jpg,.jpg,422,400,1.055,168800,28.15,RGB
Clothes,clothes2900_1.jpg,.jpg,400,533,0.7505,213200,20.55,RGB
Clothes,clothes2901_1.jpg,.jpg,711,400,1.7775,284400,35.81,RGB
Clothes,clothes2902_1.jpg,.jpg,400,445,0.8989,178000,19.5,RGB
Clothes,clothes2903_1.jpg,.jpg,400,406,0.9852,162400,21.52,RGB
Clothes,clothes2904_1.jpg,.jpg,400,533,0.7505,213200,34.63,RGB
Clothes,clothes2905_1.jpg,.jpg,400,533,0.7505,213200,23.92,RGB
Clothes,clothes2906_1.jpg,.jpg,400,533,0.7505,213200,18.46,RGB
Clothes,clothes2907_1.jpg,.jpg,400,711,0.5626,284400,20.76,RGB
Clothes,clothes2908_1.jpg,.jpg,400,450,0.8889,180000,21.02,RGB
Clothes,clothes2909_1.jpg,.jpg,400,533,0.7505,213200,31.81,RGB
Clothes,clothes291_1.jpg,.jpg,400,533,0.7505,213200,24.29,RGB
Clothes,clothes2910_1.jpg,.jpg,400,534,0.7491,213600,22.27,RGB
Clothes,clothes2911_1.jpg,.jpg,400,534,0.7491,213600,13.9,RGB
Clothes,clothes2912_1.jpg,.jpg,400,533,0.7505,213200,20.68,RGB
Clothes,clothes2913_1.jpg,.jpg,400,533,0.7505,213200,29.54,RGB
Clothes,clothes2914_1.jpg,.jpg,400,533,0.7505,213200,42.47,RGB
Clothes,clothes2915_1.jpg,.jpg,400,533,0.7505,213200,32.21,RGB
Clothes,clothes2916_1.jpg,.jpg,400,710,0.5634,284000,59.06,RGB
Clothes,clothes2917_1.jpg,.jpg,400,533,0.7505,213200,20.42,RGB
Clothes,clothes2918_1.jpg,.jpg,400,533,0.7505,213200,21.99,RGB
Clothes,clothes2919_1.jpg,.jpg,400,533,0.7505,213200,37.56,RGB
Clothes,clothes292_1.jpg,.jpg,534,400,1.335,213600,29.46,RGB
Clothes,clothes2920_1.jpg,.jpg,533,400,1.3325,213200,16.86,RGB
Clothes,clothes2921_1.jpg,.jpg,533,400,1.3325,213200,24.68,RGB
Clothes,clothes2922_1.jpg,.jpg,400,557,0.7181,222800,30.71,RGB
Clothes,clothes2923_1.jpg,.jpg,400,533,0.7505,213200,49.33,RGB
Clothes,clothes2924_1.jpg,.jpg,400,533,0.7505,213200,20.33,RGB
Clothes,clothes2925_1.jpg,.jpg,400,533,0.7505,213200,27.75,RGB
Clothes,clothes2926_1.jpg,.jpg,400,711,0.5626,284400,15.98,RGB
Clothes,clothes2927_1.jpg,.jpg,400,533,0.7505,213200,17.78,RGB
Clothes,clothes2928_1.jpg,.jpg,400,533,0.7505,213200,25.91,RGB
Clothes,clothes2929_1.jpg,.jpg,400,533,0.7505,213200,20.57,RGB
Clothes,clothes293_1.jpg,.jpg,400,533,0.7505,213200,25.17,RGB
Clothes,clothes2930_1.jpg,.jpg,400,534,0.7491,213600,18.02,RGB
Clothes,clothes2931_1.jpg,.jpg,400,533,0.7505,213200,28.63,RGB
Clothes,clothes2932_1.jpg,.jpg,407,400,1.0175,162800,13.94,RGB
Clothes,clothes2933_1.jpg,.jpg,400,534,0.7491,213600,16.14,RGB
Clothes,clothes2934_1.jpg,.jpg,534,400,1.335,213600,17.22,RGB
Clothes,clothes2935_1.jpg,.jpg,400,534,0.7491,213600,17.9,RGB
Clothes,clothes2936_1.jpg,.jpg,400,533,0.7505,213200,31.15,RGB
Clothes,clothes2937_1.jpg,.jpg,400,534,0.7491,213600,25.49,RGB
Clothes,clothes2938_1.jpg,.jpg,400,532,0.7519,212800,43.75,RGB
Clothes,clothes2939_1.jpg,.jpg,400,533,0.7505,213200,54.2,RGB
Clothes,clothes294_1.jpg,.jpg,400,711,0.5626,284400,39.97,RGB
Clothes,clothes2940_1.jpg,.jpg,533,400,1.3325,213200,30.84,RGB
Clothes,clothes2941_1.jpg,.jpg,400,533,0.7505,213200,27.08,RGB
Clothes,clothes2942_1.jpg,.jpg,534,400,1.335,213600,23.19,RGB
Clothes,clothes2943_1.jpg,.jpg,533,400,1.3325,213200,19.64,RGB
Clothes,clothes2944_1.jpg,.jpg,865,400,2.1625,346000,54.69,RGB
Clothes,clothes2945_1.jpg,.jpg,400,589,0.6791,235600,24.13,RGB
Clothes,clothes2946_1.jpg,.jpg,400,533,0.7505,213200,23.84,RGB
Clothes,clothes2947_1.jpg,.jpg,400,533,0.7505,213200,24.45,RGB
Clothes,clothes2948_1.jpg,.jpg,400,533,0.7505,213200,20.9,RGB
Clothes,clothes2949_1.jpg,.jpg,400,411,0.9732,164400,15.76,RGB
Clothes,clothes295_1.jpg,.jpg,400,534,0.7491,213600,13.5,RGB
Clothes,clothes2950_1.jpg,.jpg,400,533,0.7505,213200,44.42,RGB
Clothes,clothes2951_1.jpg,.jpg,711,400,1.7775,284400,40.75,RGB
Clothes,clothes2952_1.jpg,.jpg,400,533,0.7505,213200,19.81,RGB
Clothes,clothes2953_1.jpg,.jpg,400,533,0.7505,213200,21.16,RGB
Clothes,clothes2954_1.jpg,.jpg,400,533,0.7505,213200,23.06,RGB
Clothes,clothes2955_1.jpg,.jpg,400,533,0.7505,213200,25.28,RGB
Clothes,clothes2956_1.jpg,.jpg,400,533,0.7505,213200,13.14,RGB
Clothes,clothes2957_1.jpg,.jpg,400,533,0.7505,213200,26.51,RGB
Clothes,clothes2958_1.jpg,.jpg,400,533,0.7505,213200,11.41,RGB
Clothes,clothes2959_1.jpg,.jpg,400,533,0.7505,213200,29.37,RGB
Clothes,clothes296_1.jpg,.jpg,400,444,0.9009,177600,18.64,RGB
Clothes,clothes2960_1.jpg,.jpg,400,711,0.5626,284400,36.17,RGB
Clothes,clothes2961_1.jpg,.jpg,629,400,1.5725,251600,32.94,RGB
Clothes,clothes2962_1.jpg,.jpg,525,400,1.3125,210000,26.81,RGB
Clothes,clothes2963_1.jpg,.jpg,400,533,0.7505,213200,28.47,RGB
Clothes,clothes2964_1.jpg,.jpg,533,400,1.3325,213200,42.57,RGB
Clothes,clothes2965_1.jpg,.jpg,400,400,1.0,160000,35.88,RGB
Clothes,clothes2966_1.jpg,.jpg,400,533,0.7505,213200,33.97,RGB
Clothes,clothes2967_1.jpg,.jpg,425,400,1.0625,170000,15.78,RGB
Clothes,clothes2968_1.jpg,.jpg,400,431,0.9281,172400,24.58,RGB
Clothes,clothes2969_1.jpg,.jpg,533,400,1.3325,213200,22.75,RGB
Clothes,clothes297_1.jpg,.jpg,400,400,1.0,160000,13.37,RGB
Clothes,clothes2970_1.jpg,.jpg,400,533,0.7505,213200,18.23,RGB
Clothes,clothes2971_1.jpg,.jpg,400,534,0.7491,213600,31.53,RGB
Clothes,clothes2972_1.jpg,.jpg,400,451,0.8869,180400,31.86,RGB
Clothes,clothes2973_1.jpg,.jpg,400,635,0.6299,254000,16.23,RGB
Clothes,clothes2974_1.jpg,.jpg,400,888,0.4505,355200,50.18,RGB
Clothes,clothes2975_1.jpg,.jpg,400,533,0.7505,213200,24.38,RGB
Clothes,clothes2976_1.jpg,.jpg,400,490,0.8163,196000,22.49,RGB
Clothes,clothes2977_1.jpg,.jpg,400,720,0.5556,288000,37.46,RGB
Clothes,clothes2978_1.jpg,.jpg,617,400,1.5425,246800,26.18,RGB
Clothes,clothes2979_1.jpg,.jpg,400,533,0.7505,213200,14.08,RGB
Clothes,clothes298_1.jpg,.jpg,400,533,0.7505,213200,17.44,RGB
Clothes,clothes2980_1.jpg,.jpg,400,534,0.7491,213600,18.28,RGB
Clothes,clothes2981_1.jpg,.jpg,400,534,0.7491,213600,16.2,RGB
Clothes,clothes2982_1.jpg,.jpg,400,533,0.7505,213200,30.25,RGB
Clothes,clothes2983_1.jpg,.jpg,400,448,0.8929,179200,16.52,RGB
Clothes,clothes2984_1.jpg,.jpg,400,534,0.7491,213600,19.35,RGB
Clothes,clothes2985_1.jpg,.jpg,400,533,0.7505,213200,25.44,RGB
Clothes,clothes2986_1.jpg,.jpg,400,534,0.7491,213600,12.64,RGB
Clothes,clothes2987_1.jpg,.jpg,533,400,1.3325,213200,21.84,RGB
Clothes,clothes2988_1.jpg,.jpg,400,533,0.7505,213200,21.71,RGB
Clothes,clothes2989_1.jpg,.jpg,400,711,0.5626,284400,30.97,RGB
Clothes,clothes299_1.jpg,.jpg,400,447,0.8949,178800,13.13,RGB
Clothes,clothes2990_1.jpg,.jpg,534,400,1.335,213600,37.61,RGB
Clothes,clothes2991_1.jpg,.jpg,400,505,0.7921,202000,33.73,RGB
Clothes,clothes2992_1.jpg,.jpg,533,400,1.3325,213200,24.03,RGB
Clothes,clothes2993_1.jpg,.jpg,400,533,0.7505,213200,59.2,RGB
Clothes,clothes2994_1.jpg,.jpg,400,533,0.7505,213200,23.99,RGB
Clothes,clothes2995_1.jpg,.jpg,400,533,0.7505,213200,25.59,RGB
Clothes,clothes2996_1.jpg,.jpg,400,533,0.7505,213200,29.72,RGB
Clothes,clothes2997_1.jpg,.jpg,400,532,0.7519,212800,20.69,RGB
Clothes,clothes2998_1.jpg,.jpg,400,534,0.7491,213600,23.39,RGB
Clothes,clothes2999_1.jpg,.jpg,400,533,0.7505,213200,19.82,RGB
Clothes,clothes3_1.jpg,.jpg,400,534,0.7491,213600,20.66,RGB
Clothes,clothes30_1.jpg,.jpg,400,554,0.722,221600,25.65,RGB
Clothes,clothes300_1.jpg,.jpg,400,533,0.7505,213200,26.19,RGB
Clothes,clothes3000_1.jpg,.jpg,400,712,0.5618,284800,27.59,RGB
Clothes,clothes3001_1.jpg,.jpg,439,400,1.0975,175600,35.36,RGB
Clothes,clothes3002_1.jpg,.jpg,533,400,1.3325,213200,23.01,RGB
Clothes,clothes3003_1.jpg,.jpg,400,533,0.7505,213200,16.42,RGB
Clothes,clothes3004_1.jpg,.jpg,400,711,0.5626,284400,26.01,RGB
Clothes,clothes3005_1.jpg,.jpg,400,533,0.7505,213200,16.81,RGB
Clothes,clothes3006_1.jpg,.jpg,533,400,1.3325,213200,45.53,RGB
Clothes,clothes3007_1.jpg,.jpg,400,534,0.7491,213600,15.97,RGB
Clothes,clothes3008_1.jpg,.jpg,400,533,0.7505,213200,24.49,RGB
Clothes,clothes3009_1.jpg,.jpg,533,400,1.3325,213200,27.78,RGB
Clothes,clothes301_1.jpg,.jpg,400,534,0.7491,213600,25.72,RGB
Clothes,clothes3010_1.jpg,.jpg,400,534,0.7491,213600,19.96,RGB
Clothes,clothes3011_1.jpg,.jpg,400,533,0.7505,213200,22.68,RGB
Clothes,clothes3012_1.jpg,.jpg,400,533,0.7505,213200,27.38,RGB
Clothes,clothes3013_1.jpg,.jpg,400,534,0.7491,213600,20.87,RGB
Clothes,clothes3014_1.jpg,.jpg,400,533,0.7505,213200,25.99,RGB
Clothes,clothes3015_1.jpg,.jpg,400,533,0.7505,213200,39.21,RGB
Clothes,clothes3016_1.jpg,.jpg,400,533,0.7505,213200,24.0,RGB
Clothes,clothes3017_1.jpg,.jpg,400,534,0.7491,213600,25.15,RGB
Clothes,clothes3018_1.jpg,.jpg,400,534,0.7491,213600,19.64,RGB
Clothes,clothes3019_1.jpg,.jpg,400,533,0.7505,213200,30.75,RGB
Clothes,clothes302_1.jpg,.jpg,400,533,0.7505,213200,18.26,RGB
Clothes,clothes3020_1.jpg,.jpg,400,534,0.7491,213600,12.45,RGB
Clothes,clothes3021_1.jpg,.jpg,400,533,0.7505,213200,27.43,RGB
Clothes,clothes3022_1.jpg,.jpg,410,400,1.025,164000,18.88,RGB
Clothes,clothes3023_1.jpg,.jpg,400,533,0.7505,213200,28.53,RGB
Clothes,clothes3024_1.jpg,.jpg,400,533,0.7505,213200,45.93,RGB
Clothes,clothes3025_1.jpg,.jpg,534,400,1.335,213600,32.58,RGB
Clothes,clothes3026_1.jpg,.jpg,400,711,0.5626,284400,30.58,RGB
Clothes,clothes3027_1.jpg,.jpg,865,400,2.1625,346000,53.68,RGB
Clothes,clothes3028_1.jpg,.jpg,400,534,0.7491,213600,23.83,RGB
Clothes,clothes3029_1.jpg,.jpg,400,534,0.7491,213600,39.48,RGB
Clothes,clothes303_1.jpg,.jpg,400,533,0.7505,213200,59.48,RGB
Clothes,clothes3030_1.jpg,.jpg,400,575,0.6957,230000,14.86,RGB
Clothes,clothes3031_1.jpg,.jpg,400,712,0.5618,284800,26.13,RGB
Clothes,clothes3032_1.jpg,.jpg,400,533,0.7505,213200,43.82,RGB
Clothes,clothes3033_1.jpg,.jpg,400,451,0.8869,180400,19.46,RGB
Clothes,clothes3034_1.jpg,.jpg,400,454,0.8811,181600,21.72,RGB
Clothes,clothes3035_1.jpg,.jpg,400,534,0.7491,213600,18.65,RGB
Clothes,clothes3036_1.jpg,.jpg,400,533,0.7505,213200,17.92,RGB
Clothes,clothes3037_1.jpg,.jpg,400,534,0.7491,213600,23.14,RGB
Clothes,clothes3038_1.jpg,.jpg,400,533,0.7505,213200,21.02,RGB
Clothes,clothes3039_1.jpg,.jpg,400,533,0.7505,213200,27.59,RGB
Clothes,clothes304_1.jpg,.jpg,400,533,0.7505,213200,31.15,RGB
Clothes,clothes3040_1.jpg,.jpg,400,533,0.7505,213200,32.37,RGB
Clothes,clothes3041_1.jpg,.jpg,400,533,0.7505,213200,39.41,RGB
Clothes,clothes3042_1.jpg,.jpg,400,533,0.7505,213200,15.83,RGB
Clothes,clothes3043_1.jpg,.jpg,400,534,0.7491,213600,19.47,RGB
Clothes,clothes3044_1.jpg,.jpg,533,400,1.3325,213200,21.24,RGB
Clothes,clothes3045_1.jpg,.jpg,400,533,0.7505,213200,22.69,RGB
Clothes,clothes3046_1.jpg,.jpg,400,533,0.7505,213200,41.68,RGB
Clothes,clothes3047_1.jpg,.jpg,400,533,0.7505,213200,19.36,RGB
Clothes,clothes3048_1.jpg,.jpg,400,533,0.7505,213200,27.79,RGB
Clothes,clothes3049_1.jpg,.jpg,400,534,0.7491,213600,20.69,RGB
Clothes,clothes305_1.jpg,.jpg,400,533,0.7505,213200,39.33,RGB
Clothes,clothes3050_1.jpg,.jpg,400,534,0.7491,213600,20.32,RGB
Clothes,clothes3051_1.jpg,.jpg,400,533,0.7505,213200,28.67,RGB
Clothes,clothes3052_1.jpg,.jpg,534,400,1.335,213600,30.45,RGB
Clothes,clothes3053_1.jpg,.jpg,400,533,0.7505,213200,37.37,RGB
Clothes,clothes3054_1.jpg,.jpg,400,418,0.9569,167200,22.67,RGB
Clothes,clothes3055_1.jpg,.jpg,400,534,0.7491,213600,13.22,RGB
Clothes,clothes3056_1.jpg,.jpg,400,533,0.7505,213200,40.33,RGB
Clothes,clothes3057_1.jpg,.jpg,400,533,0.7505,213200,31.27,RGB
Clothes,clothes3058_1.jpg,.jpg,400,533,0.7505,213200,55.09,RGB
Clothes,clothes3059_1.jpg,.jpg,400,533,0.7505,213200,16.87,RGB
Clothes,clothes306_1.jpg,.jpg,533,400,1.3325,213200,29.48,RGB
Clothes,clothes3060_1.jpg,.jpg,496,400,1.24,198400,17.75,RGB
Clothes,clothes3061_1.jpg,.jpg,400,534,0.7491,213600,19.85,RGB
Clothes,clothes3062_1.jpg,.jpg,532,400,1.33,212800,14.66,RGB
Clothes,clothes3063_1.jpg,.jpg,533,400,1.3325,213200,32.85,RGB
Clothes,clothes3064_1.jpg,.jpg,711,400,1.7775,284400,48.27,RGB
Clothes,clothes3065_1.jpg,.jpg,400,533,0.7505,213200,30.5,RGB
Clothes,clothes3066_1.jpg,.jpg,400,533,0.7505,213200,23.67,RGB
Clothes,clothes3067_1.jpg,.jpg,400,533,0.7505,213200,22.22,RGB
Clothes,clothes3068_1.jpg,.jpg,400,534,0.7491,213600,20.73,RGB
Clothes,clothes3069_1.jpg,.jpg,400,534,0.7491,213600,18.24,RGB
Clothes,clothes307_1.jpg,.jpg,600,400,1.5,240000,39.65,RGB
Clothes,clothes3070_1.jpg,.jpg,400,400,1.0,160000,23.9,RGB
Clothes,clothes3071_1.jpg,.jpg,400,534,0.7491,213600,17.53,RGB
Clothes,clothes3072_1.jpg,.jpg,533,400,1.3325,213200,31.54,RGB
Clothes,clothes3073_1.jpg,.jpg,400,533,0.7505,213200,31.32,RGB
Clothes,clothes3074_1.jpg,.jpg,400,533,0.7505,213200,25.66,RGB
Clothes,clothes3075_1.jpg,.jpg,400,533,0.7505,213200,15.58,RGB
Clothes,clothes3076_1.jpg,.jpg,400,534,0.7491,213600,32.12,RGB
Clothes,clothes3077_1.jpg,.jpg,445,400,1.1125,178000,15.56,RGB
Clothes,clothes3078_1.jpg,.jpg,400,711,0.5626,284400,57.83,RGB
Clothes,clothes3079_1.jpg,.jpg,400,534,0.7491,213600,17.34,RGB
Clothes,clothes308_1.jpg,.jpg,400,534,0.7491,213600,22.01,RGB
Clothes,clothes3080_1.jpg,.jpg,400,533,0.7505,213200,17.26,RGB
Clothes,clothes3081_1.jpg,.jpg,533,400,1.3325,213200,22.78,RGB
Clothes,clothes3082_1.jpg,.jpg,400,534,0.7491,213600,35.03,RGB
Clothes,clothes3083_1.jpg,.jpg,400,534,0.7491,213600,15.79,RGB
Clothes,clothes3084_1.jpg,.jpg,602,400,1.505,240800,41.52,RGB
Clothes,clothes3085_1.jpg,.jpg,400,533,0.7505,213200,16.73,RGB
Clothes,clothes3086_1.jpg,.jpg,400,533,0.7505,213200,34.16,RGB
Clothes,clothes3087_1.jpg,.jpg,400,533,0.7505,213200,41.92,RGB
Clothes,clothes3088_1.jpg,.jpg,400,533,0.7505,213200,25.03,RGB
Clothes,clothes3089_1.jpg,.jpg,400,533,0.7505,213200,16.36,RGB
Clothes,clothes309_1.jpg,.jpg,400,533,0.7505,213200,21.11,RGB
Clothes,clothes3090_1.jpg,.jpg,400,433,0.9238,173200,17.9,RGB
Clothes,clothes3091_1.jpg,.jpg,400,438,0.9132,175200,16.81,RGB
Clothes,clothes3092_1.jpg,.jpg,400,534,0.7491,213600,21.4,RGB
Clothes,clothes3093_1.jpg,.jpg,533,400,1.3325,213200,24.61,RGB
Clothes,clothes3094_1.jpg,.jpg,400,533,0.7505,213200,19.3,RGB
Clothes,clothes3095_1.jpg,.jpg,400,500,0.8,200000,29.09,RGB
Clothes,clothes3096_1.jpg,.jpg,534,400,1.335,213600,46.75,RGB
Clothes,clothes3097_1.jpg,.jpg,400,533,0.7505,213200,25.84,RGB
Clothes,clothes3098_1.jpg,.jpg,400,533,0.7505,213200,27.78,RGB
Clothes,clothes3099_1.jpg,.jpg,533,400,1.3325,213200,41.16,RGB
Clothes,clothes31_1.jpg,.jpg,410,400,1.025,164000,12.39,RGB
Clothes,clothes310_1.jpg,.jpg,400,404,0.9901,161600,19.44,RGB
Clothes,clothes3100_1.jpg,.jpg,534,400,1.335,213600,50.43,RGB
Clothes,clothes3101_1.jpg,.jpg,400,534,0.7491,213600,19.87,RGB
Clothes,clothes3102_1.jpg,.jpg,400,533,0.7505,213200,25.06,RGB
Clothes,clothes3103_1.jpg,.jpg,400,534,0.7491,213600,32.31,RGB
Clothes,clothes3104_1.jpg,.jpg,400,533,0.7505,213200,33.42,RGB
Clothes,clothes3105_1.jpg,.jpg,463,400,1.1575,185200,27.19,RGB
Clothes,clothes3106_1.jpg,.jpg,400,533,0.7505,213200,27.04,RGB
Clothes,clothes3107_1.jpg,.jpg,400,534,0.7491,213600,23.69,RGB
Clothes,clothes3108_1.jpg,.jpg,400,533,0.7505,213200,35.42,RGB
Clothes,clothes3109_1.jpg,.jpg,400,600,0.6667,240000,34.78,RGB
Clothes,clothes311_1.jpg,.jpg,400,534,0.7491,213600,38.39,RGB
Clothes,clothes3110_1.jpg,.jpg,400,533,0.7505,213200,31.26,RGB
Clothes,clothes3111_1.jpg,.jpg,400,534,0.7491,213600,22.56,RGB
Clothes,clothes3112_1.jpg,.jpg,400,533,0.7505,213200,19.27,RGB
Clothes,clothes3113_1.jpg,.jpg,400,534,0.7491,213600,17.53,RGB
Clothes,clothes3114_1.jpg,.jpg,400,533,0.7505,213200,25.05,RGB
Clothes,clothes3115_1.jpg,.jpg,711,400,1.7775,284400,56.49,RGB
Clothes,clothes3116_1.jpg,.jpg,400,400,1.0,160000,17.91,RGB
Clothes,clothes3117_1.jpg,.jpg,400,534,0.7491,213600,18.9,RGB
Clothes,clothes3118_1.jpg,.jpg,400,533,0.7505,213200,32.09,RGB
Clothes,clothes3119_1.jpg,.jpg,400,533,0.7505,213200,31.12,RGB
Clothes,clothes312_1.jpg,.jpg,629,400,1.5725,251600,33.39,RGB
Clothes,clothes3120_1.jpg,.jpg,400,533,0.7505,213200,23.67,RGB
Clothes,clothes3121_1.jpg,.jpg,400,711,0.5626,284400,25.68,RGB
Clothes,clothes3122_1.jpg,.jpg,400,471,0.8493,188400,39.63,RGB
Clothes,clothes3123_1.jpg,.jpg,400,534,0.7491,213600,13.86,RGB
Clothes,clothes3124_1.jpg,.jpg,400,534,0.7491,213600,17.94,RGB
Clothes,clothes3125_1.jpg,.jpg,400,533,0.7505,213200,12.5,RGB
Clothes,clothes3126_1.jpg,.jpg,400,533,0.7505,213200,22.09,RGB
Clothes,clothes3127_1.jpg,.jpg,400,640,0.625,256000,21.62,RGB
Clothes,clothes3128_1.jpg,.jpg,533,400,1.3325,213200,26.98,RGB
Clothes,clothes3129_1.jpg,.jpg,400,537,0.7449,214800,61.97,RGB
Clothes,clothes313_1.jpg,.jpg,400,480,0.8333,192000,34.87,RGB
Clothes,clothes3130_1.jpg,.jpg,400,534,0.7491,213600,20.52,RGB
Clothes,clothes3131_1.jpg,.jpg,400,533,0.7505,213200,36.93,RGB
Clothes,clothes3132_1.jpg,.jpg,400,711,0.5626,284400,22.94,RGB
Clothes,clothes3133_1.jpg,.jpg,400,534,0.7491,213600,29.44,RGB
Clothes,clothes3134_1.jpg,.jpg,400,524,0.7634,209600,15.77,RGB
Clothes,clothes3135_1.jpg,.jpg,400,533,0.7505,213200,23.6,RGB
Clothes,clothes3136_1.jpg,.jpg,400,533,0.7505,213200,36.58,RGB
Clothes,clothes3137_1.jpg,.jpg,400,534,0.7491,213600,19.51,RGB
Clothes,clothes3138_1.jpg,.jpg,400,533,0.7505,213200,13.05,RGB
Clothes,clothes3139_1.jpg,.jpg,533,400,1.3325,213200,33.26,RGB
Clothes,clothes314_1.jpg,.jpg,400,533,0.7505,213200,32.33,RGB
Clothes,clothes3140_1.jpg,.jpg,533,400,1.3325,213200,34.43,RGB
Clothes,clothes3141_1.jpg,.jpg,400,534,0.7491,213600,20.17,RGB
Clothes,clothes3142_1.jpg,.jpg,534,400,1.335,213600,25.8,RGB
Clothes,clothes3143_1.jpg,.jpg,400,533,0.7505,213200,23.08,RGB
Clothes,clothes3144_1.jpg,.jpg,400,534,0.7491,213600,13.73,RGB
Clothes,clothes3145_1.jpg,.jpg,400,534,0.7491,213600,21.94,RGB
Clothes,clothes3146_1.jpg,.jpg,400,533,0.7505,213200,15.24,RGB
Clothes,clothes3147_1.jpg,.jpg,533,400,1.3325,213200,56.47,RGB
Clothes,clothes3148_1.jpg,.jpg,400,533,0.7505,213200,42.72,RGB
Clothes,clothes3149_1.jpg,.jpg,400,533,0.7505,213200,60.99,RGB
Clothes,clothes315_1.jpg,.jpg,400,534,0.7491,213600,16.61,RGB
Clothes,clothes3150_1.jpg,.jpg,533,400,1.3325,213200,38.46,RGB
Clothes,clothes3151_1.jpg,.jpg,400,533,0.7505,213200,51.34,RGB
Clothes,clothes3152_1.jpg,.jpg,400,533,0.7505,213200,34.9,RGB
Clothes,clothes3153_1.jpg,.jpg,400,711,0.5626,284400,35.71,RGB
Clothes,clothes3154_1.jpg,.jpg,400,533,0.7505,213200,58.83,RGB
Clothes,clothes3155_1.jpg,.jpg,432,400,1.08,172800,31.41,RGB
Clothes,clothes3156_1.jpg,.jpg,400,533,0.7505,213200,26.19,RGB
Clothes,clothes3157_1.jpg,.jpg,534,400,1.335,213600,40.34,RGB
Clothes,clothes3158_1.jpg,.jpg,534,400,1.335,213600,30.12,RGB
Clothes,clothes3159_1.jpg,.jpg,400,533,0.7505,213200,27.62,RGB
Clothes,clothes316_1.jpg,.jpg,400,497,0.8048,198800,28.56,RGB
Clothes,clothes3160_1.jpg,.jpg,400,534,0.7491,213600,21.3,RGB
Clothes,clothes3161_1.jpg,.jpg,400,711,0.5626,284400,29.6,RGB
Clothes,clothes3162_1.jpg,.jpg,400,533,0.7505,213200,19.69,RGB
Clothes,clothes3163_1.jpg,.jpg,400,400,1.0,160000,16.58,RGB
Clothes,clothes3164_1.jpg,.jpg,400,533,0.7505,213200,14.6,RGB
Clothes,clothes3165_1.jpg,.jpg,400,710,0.5634,284000,54.54,RGB
Clothes,clothes3166_1.jpg,.jpg,400,533,0.7505,213200,27.55,RGB
Clothes,clothes3167_1.jpg,.jpg,400,533,0.7505,213200,53.25,RGB
Clothes,clothes3168_1.jpg,.jpg,400,500,0.8,200000,14.5,RGB
Clothes,clothes3169_1.jpg,.jpg,400,533,0.7505,213200,28.69,RGB
Clothes,clothes317_1.jpg,.jpg,400,534,0.7491,213600,17.46,RGB
Clothes,clothes3170_1.jpg,.jpg,400,534,0.7491,213600,13.48,RGB
Clothes,clothes3171_1.jpg,.jpg,400,433,0.9238,173200,15.87,RGB
Clothes,clothes3172_1.jpg,.jpg,400,711,0.5626,284400,33.87,RGB
Clothes,clothes3173_1.jpg,.jpg,400,534,0.7491,213600,14.83,RGB
Clothes,clothes3174_1.jpg,.jpg,400,533,0.7505,213200,29.6,RGB
Clothes,clothes3175_1.jpg,.jpg,400,533,0.7505,213200,30.92,RGB
Clothes,clothes3176_1.jpg,.jpg,400,534,0.7491,213600,18.02,RGB
Clothes,clothes3177_1.jpg,.jpg,400,534,0.7491,213600,15.07,RGB
Clothes,clothes3178_1.jpg,.jpg,400,533,0.7505,213200,24.69,RGB
Clothes,clothes3179_1.jpg,.jpg,400,533,0.7505,213200,26.27,RGB
Clothes,clothes318_1.jpg,.jpg,400,534,0.7491,213600,23.22,RGB
Clothes,clothes3180_1.jpg,.jpg,400,533,0.7505,213200,20.03,RGB
Clothes,clothes3181_1.jpg,.jpg,400,465,0.8602,186000,28.23,RGB
Clothes,clothes3182_1.jpg,.jpg,400,686,0.5831,274400,45.53,RGB
Clothes,clothes3183_1.jpg,.jpg,400,400,1.0,160000,21.01,RGB
Clothes,clothes3184_1.jpg,.jpg,400,534,0.7491,213600,26.55,RGB
Clothes,clothes3185_1.jpg,.jpg,400,534,0.7491,213600,22.24,RGB
Clothes,clothes3186_1.jpg,.jpg,400,533,0.7505,213200,17.74,RGB
Clothes,clothes3187_1.jpg,.jpg,400,533,0.7505,213200,37.03,RGB
Clothes,clothes3188_1.jpg,.jpg,400,533,0.7505,213200,23.97,RGB
Clothes,clothes3189_1.jpg,.jpg,400,533,0.7505,213200,20.9,RGB
Clothes,clothes319_1.jpg,.jpg,400,533,0.7505,213200,23.22,RGB
Clothes,clothes3190_1.jpg,.jpg,533,400,1.3325,213200,26.6,RGB
Clothes,clothes3191_1.jpg,.jpg,605,400,1.5125,242000,54.06,RGB
Clothes,clothes3192_1.jpg,.jpg,534,400,1.335,213600,22.47,RGB
Clothes,clothes3193_1.jpg,.jpg,888,400,2.22,355200,52.15,RGB
Clothes,clothes3194_1.jpg,.jpg,400,532,0.7519,212800,23.14,RGB
Clothes,clothes3195_1.jpg,.jpg,400,533,0.7505,213200,33.25,RGB
Clothes,clothes3196_1.jpg,.jpg,533,400,1.3325,213200,34.98,RGB
Clothes,clothes3197_1.jpg,.jpg,400,534,0.7491,213600,25.46,RGB
Clothes,clothes3198_1.jpg,.jpg,400,533,0.7505,213200,27.97,RGB
Clothes,clothes3199_1.jpg,.jpg,400,437,0.9153,174800,22.54,RGB
Clothes,clothes32_1.jpg,.jpg,400,498,0.8032,199200,29.15,RGB
Clothes,clothes320_1.jpg,.jpg,400,533,0.7505,213200,18.34,RGB
Clothes,clothes3200_1.jpg,.jpg,400,533,0.7505,213200,33.42,RGB
Clothes,clothes3201_1.jpg,.jpg,400,534,0.7491,213600,20.6,RGB
Clothes,clothes3202_1.jpg,.jpg,534,400,1.335,213600,31.65,RGB
Clothes,clothes3203_1.jpg,.jpg,533,400,1.3325,213200,30.96,RGB
Clothes,clothes3204_1.jpg,.jpg,400,534,0.7491,213600,20.55,RGB
Clothes,clothes3205_1.jpg,.jpg,533,400,1.3325,213200,33.44,RGB
Clothes,clothes3206_1.jpg,.jpg,571,400,1.4275,228400,44.09,RGB
Clothes,clothes3207_1.jpg,.jpg,400,533,0.7505,213200,31.51,RGB
Clothes,clothes3208_1.jpg,.jpg,400,533,0.7505,213200,31.09,RGB
Clothes,clothes3209_1.jpg,.jpg,400,534,0.7491,213600,22.94,RGB
Clothes,clothes321_1.jpg,.jpg,400,533,0.7505,213200,25.82,RGB
Clothes,clothes3210_1.jpg,.jpg,400,642,0.6231,256800,26.45,RGB
Clothes,clothes3211_1.jpg,.jpg,400,533,0.7505,213200,26.72,RGB
Clothes,clothes3212_1.jpg,.jpg,400,533,0.7505,213200,53.8,RGB
Clothes,clothes3213_1.jpg,.jpg,400,533,0.7505,213200,46.44,RGB
Clothes,clothes3214_1.jpg,.jpg,534,400,1.335,213600,17.71,RGB
Clothes,clothes3215_1.jpg,.jpg,400,533,0.7505,213200,51.56,RGB
Clothes,clothes3216_1.jpg,.jpg,533,400,1.3325,213200,17.66,RGB
Clothes,clothes3217_1.jpg,.jpg,400,533,0.7505,213200,33.32,RGB
Clothes,clothes3218_1.jpg,.jpg,400,535,0.7477,214000,22.96,RGB
Clothes,clothes3219_1.jpg,.jpg,675,400,1.6875,270000,24.68,RGB
Clothes,clothes322_1.jpg,.jpg,400,533,0.7505,213200,23.6,RGB
Clothes,clothes3220_1.jpg,.jpg,400,712,0.5618,284800,41.6,RGB
Clothes,clothes3221_1.jpg,.jpg,400,533,0.7505,213200,14.64,RGB
Clothes,clothes3222_1.jpg,.jpg,400,533,0.7505,213200,19.11,RGB
Clothes,clothes3223_1.jpg,.jpg,400,534,0.7491,213600,26.49,RGB
Clothes,clothes3224_1.jpg,.jpg,400,533,0.7505,213200,50.13,RGB
Clothes,clothes3225_1.jpg,.jpg,400,711,0.5626,284400,16.78,RGB
Clothes,clothes3226_1.jpg,.jpg,400,496,0.8065,198400,20.49,RGB
Clothes,clothes3227_1.jpg,.jpg,400,533,0.7505,213200,27.48,RGB
Clothes,clothes3228_1.jpg,.jpg,400,400,1.0,160000,16.19,RGB
Clothes,clothes3229_1.jpg,.jpg,577,400,1.4425,230800,35.81,RGB
Clothes,clothes323_1.jpg,.jpg,400,447,0.8949,178800,14.83,RGB
Clothes,clothes3230_1.jpg,.jpg,400,400,1.0,160000,36.67,RGB
Clothes,clothes3231_1.jpg,.jpg,400,533,0.7505,213200,41.38,RGB
Clothes,clothes3232_1.jpg,.jpg,400,605,0.6612,242000,51.88,RGB
Clothes,clothes3233_1.jpg,.jpg,534,400,1.335,213600,17.27,RGB
Clothes,clothes3234_1.jpg,.jpg,534,400,1.335,213600,23.7,RGB
Clothes,clothes3235_1.jpg,.jpg,400,533,0.7505,213200,28.95,RGB
Clothes,clothes3236_1.jpg,.jpg,400,533,0.7505,213200,47.8,RGB
Clothes,clothes3237_1.jpg,.jpg,535,400,1.3375,214000,28.81,RGB
Clothes,clothes3238_1.jpg,.jpg,400,533,0.7505,213200,21.75,RGB
Clothes,clothes3239_1.jpg,.jpg,400,533,0.7505,213200,13.14,RGB
Clothes,clothes324_1.jpg,.jpg,400,534,0.7491,213600,16.8,RGB
Clothes,clothes3240_1.jpg,.jpg,400,435,0.9195,174000,17.75,RGB
Clothes,clothes3241_1.jpg,.jpg,400,533,0.7505,213200,21.11,RGB
Clothes,clothes3242_1.jpg,.jpg,400,533,0.7505,213200,25.91,RGB
Clothes,clothes3243_1.jpg,.jpg,400,533,0.7505,213200,28.3,RGB
Clothes,clothes3244_1.jpg,.jpg,400,867,0.4614,346800,33.02,RGB
Clothes,clothes3245_1.jpg,.jpg,533,400,1.3325,213200,20.09,RGB
Clothes,clothes3246_1.jpg,.jpg,400,400,1.0,160000,14.76,RGB
Clothes,clothes3247_1.jpg,.jpg,400,533,0.7505,213200,20.81,RGB
Clothes,clothes3248_1.jpg,.jpg,400,533,0.7505,213200,25.76,RGB
Clothes,clothes3249_1.jpg,.jpg,400,428,0.9346,171200,18.34,RGB
Clothes,clothes325_1.jpg,.jpg,400,666,0.6006,266400,25.67,RGB
Clothes,clothes3250_1.jpg,.jpg,400,533,0.7505,213200,25.55,RGB
Clothes,clothes3251_1.jpg,.jpg,400,534,0.7491,213600,14.41,RGB
Clothes,clothes3252_1.jpg,.jpg,460,400,1.15,184000,17.82,RGB
Clothes,clothes3253_1.jpg,.jpg,400,533,0.7505,213200,19.36,RGB
Clothes,clothes3254_1.jpg,.jpg,400,533,0.7505,213200,44.75,RGB
Clothes,clothes3255_1.jpg,.jpg,400,533,0.7505,213200,36.78,RGB
Clothes,clothes3256_1.jpg,.jpg,400,533,0.7505,213200,43.32,RGB
Clothes,clothes3257_1.jpg,.jpg,400,711,0.5626,284400,58.88,RGB
Clothes,clothes3258_1.jpg,.jpg,400,477,0.8386,190800,25.62,RGB
Clothes,clothes3259_1.jpg,.jpg,400,533,0.7505,213200,26.24,RGB
Clothes,clothes326_1.jpg,.jpg,400,533,0.7505,213200,40.57,RGB
Clothes,clothes3260_1.jpg,.jpg,400,533,0.7505,213200,21.31,RGB
Clothes,clothes3261_1.jpg,.jpg,400,533,0.7505,213200,45.81,RGB
Clothes,clothes3262_1.jpg,.jpg,400,533,0.7505,213200,28.0,RGB
Clothes,clothes3263_1.jpg,.jpg,400,533,0.7505,213200,32.94,RGB
Clothes,clothes3264_1.jpg,.jpg,400,533,0.7505,213200,25.57,RGB
Clothes,clothes3265_1.jpg,.jpg,533,400,1.3325,213200,39.54,RGB
Clothes,clothes3266_1.jpg,.jpg,400,712,0.5618,284800,26.25,RGB
Clothes,clothes3267_1.jpg,.jpg,428,400,1.07,171200,13.21,RGB
Clothes,clothes3268_1.jpg,.jpg,400,471,0.8493,188400,36.64,RGB
Clothes,clothes3269_1.jpg,.jpg,534,400,1.335,213600,14.64,RGB
Clothes,clothes327_1.jpg,.jpg,400,400,1.0,160000,18.8,RGB
Clothes,clothes3270_1.jpg,.jpg,400,533,0.7505,213200,57.76,RGB
Clothes,clothes3271_1.jpg,.jpg,400,534,0.7491,213600,18.58,RGB
Clothes,clothes3272_1.jpg,.jpg,400,533,0.7505,213200,44.14,RGB
Clothes,clothes3273_1.jpg,.jpg,656,400,1.64,262400,30.87,RGB
Clothes,clothes3274_1.jpg,.jpg,400,533,0.7505,213200,32.66,RGB
Clothes,clothes3275_1.jpg,.jpg,400,711,0.5626,284400,17.15,RGB
Clothes,clothes3276_1.jpg,.jpg,400,533,0.7505,213200,28.57,RGB
Clothes,clothes3277_1.jpg,.jpg,400,533,0.7505,213200,41.89,RGB
Clothes,clothes3278_1.jpg,.jpg,400,533,0.7505,213200,18.45,RGB
Clothes,clothes3279_1.jpg,.jpg,400,533,0.7505,213200,38.73,RGB
Clothes,clothes328_1.jpg,.jpg,400,533,0.7505,213200,41.47,RGB
Clothes,clothes3280_1.jpg,.jpg,533,400,1.3325,213200,28.61,RGB
Clothes,clothes3281_1.jpg,.jpg,400,533,0.7505,213200,39.16,RGB
Clothes,clothes3282_1.jpg,.jpg,400,534,0.7491,213600,26.99,RGB
Clothes,clothes3283_1.jpg,.jpg,400,445,0.8989,178000,29.71,RGB
Clothes,clothes3284_1.jpg,.jpg,400,534,0.7491,213600,17.47,RGB
Clothes,clothes3285_1.jpg,.jpg,400,534,0.7491,213600,14.79,RGB
Clothes,clothes3286_1.jpg,.jpg,434,400,1.085,173600,26.62,RGB
Clothes,clothes3287_1.jpg,.jpg,400,533,0.7505,213200,32.93,RGB
Clothes,clothes3288_1.jpg,.jpg,400,533,0.7505,213200,25.18,RGB
Clothes,clothes3289_1.jpg,.jpg,400,533,0.7505,213200,22.54,RGB
Clothes,clothes329_1.jpg,.jpg,533,400,1.3325,213200,20.78,RGB
Clothes,clothes3290_1.jpg,.jpg,400,534,0.7491,213600,21.12,RGB
Clothes,clothes3291_1.jpg,.jpg,713,400,1.7825,285200,74.45,RGB
Clothes,clothes3292_1.jpg,.jpg,400,533,0.7505,213200,28.68,RGB
Clothes,clothes3293_1.jpg,.jpg,400,533,0.7505,213200,23.27,RGB
Clothes,clothes3294_1.jpg,.jpg,400,711,0.5626,284400,22.97,RGB
Clothes,clothes3295_1.jpg,.jpg,400,534,0.7491,213600,19.52,RGB
Clothes,clothes3296_1.jpg,.jpg,400,534,0.7491,213600,19.81,RGB
Clothes,clothes3297_1.jpg,.jpg,424,400,1.06,169600,14.12,RGB
Clothes,clothes3298_1.jpg,.jpg,400,534,0.7491,213600,25.74,RGB
Clothes,clothes3299_1.jpg,.jpg,400,533,0.7505,213200,35.2,RGB
Clothes,clothes33_1.jpg,.jpg,400,533,0.7505,213200,32.4,RGB
Clothes,clothes330_1.jpg,.jpg,400,533,0.7505,213200,37.83,RGB
Clothes,clothes3300_1.jpg,.jpg,400,533,0.7505,213200,19.64,RGB
Clothes,clothes3301_1.jpg,.jpg,400,533,0.7505,213200,22.52,RGB
Clothes,clothes3302_1.jpg,.jpg,400,670,0.597,268000,22.3,RGB
Clothes,clothes3303_1.jpg,.jpg,400,533,0.7505,213200,22.04,RGB
Clothes,clothes3304_1.jpg,.jpg,400,534,0.7491,213600,16.45,RGB
Clothes,clothes3305_1.jpg,.jpg,400,534,0.7491,213600,23.04,RGB
Clothes,clothes3306_1.jpg,.jpg,710,400,1.775,284000,65.46,RGB
Clothes,clothes3307_1.jpg,.jpg,400,533,0.7505,213200,29.3,RGB
Clothes,clothes3308_1.jpg,.jpg,400,533,0.7505,213200,23.62,RGB
Clothes,clothes3309_1.jpg,.jpg,400,533,0.7505,213200,20.0,RGB
Clothes,clothes331_1.jpg,.jpg,533,400,1.3325,213200,24.06,RGB
Clothes,clothes3310_1.jpg,.jpg,534,400,1.335,213600,34.28,RGB
Clothes,clothes3311_1.jpg,.jpg,400,711,0.5626,284400,43.53,RGB
Clothes,clothes3312_1.jpg,.jpg,400,533,0.7505,213200,30.78,RGB
Clothes,clothes3313_1.jpg,.jpg,400,533,0.7505,213200,15.84,RGB
Clothes,clothes3314_1.jpg,.jpg,400,533,0.7505,213200,47.21,RGB
Clothes,clothes3315_1.jpg,.jpg,705,400,1.7625,282000,72.09,RGB
Clothes,clothes3316_1.jpg,.jpg,400,469,0.8529,187600,11.82,RGB
Clothes,clothes3317_1.jpg,.jpg,400,533,0.7505,213200,24.13,RGB
Clothes,clothes3318_1.jpg,.jpg,400,533,0.7505,213200,47.92,RGB
Clothes,clothes3319_1.jpg,.jpg,400,412,0.9709,164800,16.66,RGB
Clothes,clothes332_1.jpg,.jpg,400,533,0.7505,213200,11.96,RGB
Clothes,clothes3320_1.jpg,.jpg,400,533,0.7505,213200,31.07,RGB
Clothes,clothes3321_1.jpg,.jpg,533,400,1.3325,213200,16.18,RGB
Clothes,clothes3322_1.jpg,.jpg,400,533,0.7505,213200,24.07,RGB
Clothes,clothes3323_1.jpg,.jpg,400,533,0.7505,213200,18.81,RGB
Clothes,clothes3324_1.jpg,.jpg,400,533,0.7505,213200,16.81,RGB
Clothes,clothes3325_1.jpg,.jpg,400,711,0.5626,284400,18.61,RGB
Clothes,clothes3326_1.jpg,.jpg,400,533,0.7505,213200,15.57,RGB
Clothes,clothes3327_1.jpg,.jpg,533,400,1.3325,213200,21.39,RGB
Clothes,clothes3328_1.jpg,.jpg,400,494,0.8097,197600,29.48,RGB
Clothes,clothes3329_1.jpg,.jpg,400,533,0.7505,213200,51.28,RGB
Clothes,clothes333_1.jpg,.jpg,400,533,0.7505,213200,22.73,RGB
Clothes,clothes3330_1.jpg,.jpg,417,400,1.0425,166800,19.35,RGB
Clothes,clothes3331_1.jpg,.jpg,400,711,0.5626,284400,42.68,RGB
Clothes,clothes3332_1.jpg,.jpg,400,533,0.7505,213200,19.92,RGB
Clothes,clothes3333_1.jpg,.jpg,400,536,0.7463,214400,32.89,RGB
Clothes,clothes3334_1.jpg,.jpg,400,711,0.5626,284400,16.81,RGB
Clothes,clothes3335_1.jpg,.jpg,400,534,0.7491,213600,35.1,RGB
Clothes,clothes3336_1.jpg,.jpg,400,622,0.6431,248800,30.89,RGB
Clothes,clothes3337_1.jpg,.jpg,400,533,0.7505,213200,29.05,RGB
Clothes,clothes3338_1.jpg,.jpg,400,534,0.7491,213600,33.93,RGB
Clothes,clothes3339_1.jpg,.jpg,400,432,0.9259,172800,24.42,RGB
Clothes,clothes334_1.jpg,.jpg,400,533,0.7505,213200,22.96,RGB
Clothes,clothes3340_1.jpg,.jpg,400,711,0.5626,284400,47.77,RGB
Clothes,clothes3341_1.jpg,.jpg,400,534,0.7491,213600,19.78,RGB
Clothes,clothes3342_1.jpg,.jpg,865,400,2.1625,346000,46.75,RGB
Clothes,clothes3343_1.jpg,.jpg,400,534,0.7491,213600,16.33,RGB
Clothes,clothes3344_1.jpg,.jpg,400,711,0.5626,284400,50.74,RGB
Clothes,clothes3345_1.jpg,.jpg,717,400,1.7925,286800,29.13,RGB
Clothes,clothes3346_1.jpg,.jpg,400,867,0.4614,346800,34.84,RGB
Clothes,clothes3347_1.jpg,.jpg,533,400,1.3325,213200,16.71,RGB
Clothes,clothes3348_1.jpg,.jpg,400,533,0.7505,213200,16.66,RGB
Clothes,clothes3349_1.jpg,.jpg,400,533,0.7505,213200,26.38,RGB
Clothes,clothes335_1.jpg,.jpg,400,533,0.7505,213200,27.97,RGB
Clothes,clothes3350_1.jpg,.jpg,400,532,0.7519,212800,35.39,RGB
Clothes,clothes3351_1.jpg,.jpg,400,533,0.7505,213200,24.49,RGB
Clothes,clothes3352_1.jpg,.jpg,553,400,1.3825,221200,34.51,RGB
Clothes,clothes3353_1.jpg,.jpg,400,533,0.7505,213200,26.59,RGB
Clothes,clothes3354_1.jpg,.jpg,400,533,0.7505,213200,34.83,RGB
Clothes,clothes3355_1.jpg,.jpg,400,533,0.7505,213200,29.42,RGB
Clothes,clothes3356_1.jpg,.jpg,400,533,0.7505,213200,23.78,RGB
Clothes,clothes3357_1.jpg,.jpg,400,534,0.7491,213600,17.19,RGB
Clothes,clothes3358_1.jpg,.jpg,400,711,0.5626,284400,33.43,RGB
Clothes,clothes3359_1.jpg,.jpg,400,533,0.7505,213200,33.76,RGB
Clothes,clothes336_1.jpg,.jpg,400,533,0.7505,213200,21.81,RGB
Clothes,clothes3360_1.jpg,.jpg,400,711,0.5626,284400,46.63,RGB
Clothes,clothes3361_1.jpg,.jpg,400,533,0.7505,213200,39.65,RGB
Clothes,clothes3362_1.jpg,.jpg,400,711,0.5626,284400,20.49,RGB
Clothes,clothes3363_1.jpg,.jpg,533,400,1.3325,213200,30.24,RGB
Clothes,clothes3364_1.jpg,.jpg,400,534,0.7491,213600,20.04,RGB
Clothes,clothes3365_1.jpg,.jpg,400,496,0.8065,198400,16.76,RGB
Clothes,clothes3366_1.jpg,.jpg,400,533,0.7505,213200,24.75,RGB
Clothes,clothes3367_1.jpg,.jpg,400,534,0.7491,213600,20.8,RGB
Clothes,clothes3368_1.jpg,.jpg,400,533,0.7505,213200,39.29,RGB
Clothes,clothes3369_1.jpg,.jpg,400,790,0.5063,316000,34.36,RGB
Clothes,clothes337_1.jpg,.jpg,400,457,0.8753,182800,22.2,RGB
Clothes,clothes3370_1.jpg,.jpg,400,533,0.7505,213200,24.97,RGB
Clothes,clothes3371_1.jpg,.jpg,400,534,0.7491,213600,20.78,RGB
Clothes,clothes3372_1.jpg,.jpg,533,400,1.3325,213200,23.14,RGB
Clothes,clothes3373_1.jpg,.jpg,400,534,0.7491,213600,20.83,RGB
Clothes,clothes3374_1.jpg,.jpg,400,413,0.9685,165200,32.57,RGB
Clothes,clothes3375_1.jpg,.jpg,400,534,0.7491,213600,28.21,RGB
Clothes,clothes3376_1.jpg,.jpg,400,533,0.7505,213200,40.97,RGB
Clothes,clothes3377_1.jpg,.jpg,400,535,0.7477,214000,38.24,RGB
Clothes,clothes3378_1.jpg,.jpg,400,534,0.7491,213600,19.01,RGB
Clothes,clothes3379_1.jpg,.jpg,400,533,0.7505,213200,30.21,RGB
Clothes,clothes338_1.jpg,.jpg,400,533,0.7505,213200,32.45,RGB
Clothes,clothes3380_1.jpg,.jpg,400,533,0.7505,213200,22.3,RGB
Clothes,clothes3381_1.jpg,.jpg,400,485,0.8247,194000,22.88,RGB
Clothes,clothes3382_1.jpg,.jpg,400,533,0.7505,213200,52.92,RGB
Clothes,clothes3383_1.jpg,.jpg,400,532,0.7519,212800,36.76,RGB
Clothes,clothes3384_1.jpg,.jpg,431,400,1.0775,172400,12.83,RGB
Clothes,clothes3385_1.jpg,.jpg,400,533,0.7505,213200,22.06,RGB
Clothes,clothes3386_1.jpg,.jpg,400,448,0.8929,179200,24.68,RGB
Clothes,clothes3387_1.jpg,.jpg,400,533,0.7505,213200,23.9,RGB
Clothes,clothes3388_1.jpg,.jpg,400,533,0.7505,213200,15.56,RGB
Clothes,clothes3389_1.jpg,.jpg,400,533,0.7505,213200,25.42,RGB
Clothes,clothes339_1.jpg,.jpg,400,487,0.8214,194800,18.24,RGB
Clothes,clothes3390_1.jpg,.jpg,400,711,0.5626,284400,62.22,RGB
Clothes,clothes3391_1.jpg,.jpg,400,533,0.7505,213200,56.83,RGB
Clothes,clothes3392_1.jpg,.jpg,400,534,0.7491,213600,27.81,RGB
Clothes,clothes3393_1.jpg,.jpg,400,400,1.0,160000,16.46,RGB
Clothes,clothes3394_1.jpg,.jpg,400,533,0.7505,213200,37.37,RGB
Clothes,clothes3395_1.jpg,.jpg,400,533,0.7505,213200,49.99,RGB
Clothes,clothes3396_1.jpg,.jpg,400,430,0.9302,172000,25.22,RGB
Clothes,clothes3397_1.jpg,.jpg,400,534,0.7491,213600,32.99,RGB
Clothes,clothes3398_1.jpg,.jpg,400,534,0.7491,213600,33.94,RGB
Clothes,clothes3399_1.jpg,.jpg,400,533,0.7505,213200,27.58,RGB
Clothes,clothes34_1.jpg,.jpg,533,400,1.3325,213200,40.83,RGB
Clothes,clothes340_1.jpg,.jpg,711,400,1.7775,284400,47.26,RGB
Clothes,clothes3400_1.jpg,.jpg,534,400,1.335,213600,35.21,RGB
Clothes,clothes3401_1.jpg,.jpg,400,456,0.8772,182400,15.64,RGB
Clothes,clothes3402_1.jpg,.jpg,400,533,0.7505,213200,19.46,RGB
Clothes,clothes3403_1.jpg,.jpg,400,533,0.7505,213200,51.42,RGB
Clothes,clothes3404_1.jpg,.jpg,678,400,1.695,271200,35.39,RGB
Clothes,clothes3405_1.jpg,.jpg,533,400,1.3325,213200,16.05,RGB
Clothes,clothes3406_1.jpg,.jpg,400,533,0.7505,213200,19.21,RGB
Clothes,clothes3407_1.jpg,.jpg,400,533,0.7505,213200,22.75,RGB
Clothes,clothes3408_1.jpg,.jpg,400,533,0.7505,213200,15.57,RGB
Clothes,clothes3409_1.jpg,.jpg,400,533,0.7505,213200,28.62,RGB
Clothes,clothes341_1.jpg,.jpg,400,534,0.7491,213600,31.75,RGB
Clothes,clothes3410_1.jpg,.jpg,400,533,0.7505,213200,29.88,RGB
Clothes,clothes3411_1.jpg,.jpg,400,414,0.9662,165600,16.37,RGB
Clothes,clothes3412_1.jpg,.jpg,400,712,0.5618,284800,23.59,RGB
Clothes,clothes3413_1.jpg,.jpg,534,400,1.335,213600,22.31,RGB
Clothes,clothes3414_1.jpg,.jpg,534,400,1.335,213600,30.43,RGB
Clothes,clothes3415_1.jpg,.jpg,400,711,0.5626,284400,48.75,RGB
Clothes,clothes3416_1.jpg,.jpg,477,400,1.1925,190800,22.52,RGB
Clothes,clothes3417_1.jpg,.jpg,400,533,0.7505,213200,31.37,RGB
Clothes,clothes3418_1.jpg,.jpg,400,534,0.7491,213600,31.17,RGB
Clothes,clothes3419_1.jpg,.jpg,533,400,1.3325,213200,20.6,RGB
Clothes,clothes342_1.jpg,.jpg,533,400,1.3325,213200,37.47,RGB
Clothes,clothes3420_1.jpg,.jpg,400,400,1.0,160000,17.11,RGB
Clothes,clothes3421_1.jpg,.jpg,400,533,0.7505,213200,23.5,RGB
Clothes,clothes3422_1.jpg,.jpg,400,534,0.7491,213600,18.81,RGB
Clothes,clothes3423_1.jpg,.jpg,400,533,0.7505,213200,20.29,RGB
Clothes,clothes3424_1.jpg,.jpg,400,533,0.7505,213200,43.55,RGB
Clothes,clothes3425_1.jpg,.jpg,400,533,0.7505,213200,47.38,RGB
Clothes,clothes3426_1.jpg,.jpg,400,533,0.7505,213200,19.17,RGB
Clothes,clothes3427_1.jpg,.jpg,619,400,1.5475,247600,24.79,RGB
Clothes,clothes3428_1.jpg,.jpg,400,455,0.8791,182000,27.79,RGB
Clothes,clothes3429_1.jpg,.jpg,534,400,1.335,213600,19.16,RGB
Clothes,clothes343_1.jpg,.jpg,400,534,0.7491,213600,17.96,RGB
Clothes,clothes3430_1.jpg,.jpg,400,533,0.7505,213200,30.64,RGB
Clothes,clothes3431_1.jpg,.jpg,400,532,0.7519,212800,15.98,RGB
Clothes,clothes3432_1.jpg,.jpg,400,533,0.7505,213200,15.31,RGB
Clothes,clothes3433_1.jpg,.jpg,400,533,0.7505,213200,27.03,RGB
Clothes,clothes3434_1.jpg,.jpg,400,533,0.7505,213200,21.54,RGB
Clothes,clothes3435_1.jpg,.jpg,400,534,0.7491,213600,15.51,RGB
Clothes,clothes3436_1.jpg,.jpg,400,533,0.7505,213200,27.64,RGB
Clothes,clothes3437_1.jpg,.jpg,401,400,1.0025,160400,14.15,RGB
Clothes,clothes3438_1.jpg,.jpg,400,533,0.7505,213200,30.59,RGB
Clothes,clothes3439_1.jpg,.jpg,400,507,0.789,202800,21.59,RGB
Clothes,clothes344_1.jpg,.jpg,400,534,0.7491,213600,15.09,RGB
Clothes,clothes3440_1.jpg,.jpg,400,533,0.7505,213200,29.73,RGB
Clothes,clothes3441_1.jpg,.jpg,400,533,0.7505,213200,21.03,RGB
Clothes,clothes3442_1.jpg,.jpg,400,533,0.7505,213200,30.43,RGB
Clothes,clothes3443_1.jpg,.jpg,400,534,0.7491,213600,32.56,RGB
Clothes,clothes3444_1.jpg,.jpg,400,534,0.7491,213600,28.52,RGB
Clothes,clothes3445_1.jpg,.jpg,400,459,0.8715,183600,21.24,RGB
Clothes,clothes3446_1.jpg,.jpg,400,457,0.8753,182800,26.17,RGB
Clothes,clothes3447_1.jpg,.jpg,400,568,0.7042,227200,18.56,RGB
Clothes,clothes3448_1.jpg,.jpg,400,534,0.7491,213600,16.54,RGB
Clothes,clothes3449_1.jpg,.jpg,400,534,0.7491,213600,19.15,RGB
Clothes,clothes345_1.jpg,.jpg,400,533,0.7505,213200,17.92,RGB
Clothes,clothes3450_1.jpg,.jpg,400,533,0.7505,213200,18.12,RGB
Clothes,clothes3451_1.jpg,.jpg,400,533,0.7505,213200,24.69,RGB
Clothes,clothes3452_1.jpg,.jpg,400,534,0.7491,213600,21.04,RGB
Clothes,clothes3453_1.jpg,.jpg,400,710,0.5634,284000,39.44,RGB
Clothes,clothes3454_1.jpg,.jpg,400,533,0.7505,213200,23.1,RGB
Clothes,clothes3455_1.jpg,.jpg,400,533,0.7505,213200,53.43,RGB
Clothes,clothes3456_1.jpg,.jpg,533,400,1.3325,213200,24.71,RGB
Clothes,clothes3457_1.jpg,.jpg,400,533,0.7505,213200,21.46,RGB
Clothes,clothes3458_1.jpg,.jpg,400,532,0.7519,212800,25.86,RGB
Clothes,clothes3459_1.jpg,.jpg,400,533,0.7505,213200,21.26,RGB
Clothes,clothes346_1.jpg,.jpg,400,533,0.7505,213200,28.83,RGB
Clothes,clothes3460_1.jpg,.jpg,400,533,0.7505,213200,55.14,RGB
Clothes,clothes3461_1.jpg,.jpg,400,533,0.7505,213200,44.58,RGB
Clothes,clothes3462_1.jpg,.jpg,534,400,1.335,213600,19.22,RGB
Clothes,clothes3463_1.jpg,.jpg,400,711,0.5626,284400,29.11,RGB
Clothes,clothes3464_1.jpg,.jpg,400,533,0.7505,213200,22.57,RGB
Clothes,clothes3465_1.jpg,.jpg,400,534,0.7491,213600,21.17,RGB
Clothes,clothes3466_1.jpg,.jpg,400,444,0.9009,177600,16.38,RGB
Clothes,clothes3467_1.jpg,.jpg,400,400,1.0,160000,16.84,RGB
Clothes,clothes3468_1.jpg,.jpg,400,450,0.8889,180000,19.53,RGB
Clothes,clothes3469_1.jpg,.jpg,400,534,0.7491,213600,32.16,RGB
Clothes,clothes347_1.jpg,.jpg,533,400,1.3325,213200,27.6,RGB
Clothes,clothes3470_1.jpg,.jpg,400,533,0.7505,213200,31.92,RGB
Clothes,clothes3471_1.jpg,.jpg,400,533,0.7505,213200,24.31,RGB
Clothes,clothes3472_1.jpg,.jpg,400,711,0.5626,284400,29.3,RGB
Clothes,clothes3473_1.jpg,.jpg,400,434,0.9217,173600,25.19,RGB
Clothes,clothes3474_1.jpg,.jpg,534,400,1.335,213600,20.12,RGB
Clothes,clothes3475_1.jpg,.jpg,400,533,0.7505,213200,20.71,RGB
Clothes,clothes3476_1.jpg,.jpg,533,400,1.3325,213200,36.22,RGB
Clothes,clothes3477_1.jpg,.jpg,400,533,0.7505,213200,23.45,RGB
Clothes,clothes3478_1.jpg,.jpg,400,533,0.7505,213200,23.79,RGB
Clothes,clothes3479_1.jpg,.jpg,400,533,0.7505,213200,41.87,RGB
Clothes,clothes348_1.jpg,.jpg,400,533,0.7505,213200,38.62,RGB
Clothes,clothes3480_1.jpg,.jpg,400,533,0.7505,213200,21.12,RGB
Clothes,clothes3481_1.jpg,.jpg,400,533,0.7505,213200,25.5,RGB
Clothes,clothes3482_1.jpg,.jpg,400,534,0.7491,213600,24.03,RGB
Clothes,clothes3483_1.jpg,.jpg,400,533,0.7505,213200,26.61,RGB
Clothes,clothes3484_1.jpg,.jpg,400,400,1.0,160000,22.75,RGB
Clothes,clothes3485_1.jpg,.jpg,400,533,0.7505,213200,36.62,RGB
Clothes,clothes3486_1.jpg,.jpg,400,534,0.7491,213600,13.41,RGB
Clothes,clothes3487_1.jpg,.jpg,400,533,0.7505,213200,43.97,RGB
Clothes,clothes3488_1.jpg,.jpg,533,400,1.3325,213200,22.52,RGB
Clothes,clothes3489_1.jpg,.jpg,400,533,0.7505,213200,15.95,RGB
Clothes,clothes349_1.jpg,.jpg,400,533,0.7505,213200,15.03,RGB
Clothes,clothes3490_1.jpg,.jpg,400,534,0.7491,213600,17.81,RGB
Clothes,clothes3491_1.jpg,.jpg,400,534,0.7491,213600,18.31,RGB
Clothes,clothes3492_1.jpg,.jpg,400,533,0.7505,213200,53.18,RGB
Clothes,clothes3493_1.jpg,.jpg,400,534,0.7491,213600,22.03,RGB
Clothes,clothes3494_1.jpg,.jpg,400,533,0.7505,213200,30.7,RGB
Clothes,clothes3495_1.jpg,.jpg,711,400,1.7775,284400,34.45,RGB
Clothes,clothes3496_1.jpg,.jpg,400,533,0.7505,213200,38.66,RGB
Clothes,clothes3497_1.jpg,.jpg,400,533,0.7505,213200,50.81,RGB
Clothes,clothes3498_1.jpg,.jpg,400,711,0.5626,284400,49.62,RGB
Clothes,clothes3499_1.jpg,.jpg,400,533,0.7505,213200,43.27,RGB
Clothes,clothes35_1.jpg,.jpg,400,533,0.7505,213200,23.19,RGB
Clothes,clothes350_1.jpg,.jpg,400,711,0.5626,284400,18.15,RGB
Clothes,clothes3500_1.jpg,.jpg,400,534,0.7491,213600,33.53,RGB
Clothes,clothes3501_1.jpg,.jpg,400,533,0.7505,213200,32.25,RGB
Clothes,clothes3502_1.jpg,.jpg,400,419,0.9547,167600,23.15,RGB
Clothes,clothes3503_1.jpg,.jpg,400,533,0.7505,213200,19.84,RGB
Clothes,clothes3504_1.jpg,.jpg,400,534,0.7491,213600,15.16,RGB
Clothes,clothes3505_1.jpg,.jpg,575,400,1.4375,230000,33.13,RGB
Clothes,clothes3506_1.jpg,.jpg,400,533,0.7505,213200,19.03,RGB
Clothes,clothes3507_1.jpg,.jpg,400,533,0.7505,213200,22.16,RGB
Clothes,clothes3508_1.jpg,.jpg,400,533,0.7505,213200,27.68,RGB
Clothes,clothes3509_1.jpg,.jpg,400,711,0.5626,284400,53.96,RGB
Clothes,clothes351_1.jpg,.jpg,400,534,0.7491,213600,23.06,RGB
Clothes,clothes3510_1.jpg,.jpg,400,533,0.7505,213200,27.83,RGB
Clothes,clothes3511_1.jpg,.jpg,400,532,0.7519,212800,54.3,RGB
Clothes,clothes3512_1.jpg,.jpg,400,553,0.7233,221200,16.65,RGB
Clothes,clothes3513_1.jpg,.jpg,400,533,0.7505,213200,28.98,RGB
Clothes,clothes3514_1.jpg,.jpg,400,533,0.7505,213200,29.8,RGB
Clothes,clothes3515_1.jpg,.jpg,400,533,0.7505,213200,22.1,RGB
Clothes,clothes3516_1.jpg,.jpg,400,534,0.7491,213600,20.24,RGB
Clothes,clothes3517_1.jpg,.jpg,400,533,0.7505,213200,22.96,RGB
Clothes,clothes3518_1.jpg,.jpg,400,533,0.7505,213200,32.64,RGB
Clothes,clothes3519_1.jpg,.jpg,400,533,0.7505,213200,26.26,RGB
Clothes,clothes352_1.jpg,.jpg,533,400,1.3325,213200,56.49,RGB
Clothes,clothes3520_1.jpg,.jpg,400,533,0.7505,213200,21.35,RGB
Clothes,clothes3521_1.jpg,.jpg,400,533,0.7505,213200,30.27,RGB
Clothes,clothes3522_1.jpg,.jpg,400,418,0.9569,167200,22.46,RGB
Clothes,clothes3523_1.jpg,.jpg,400,534,0.7491,213600,32.38,RGB
Clothes,clothes3524_1.jpg,.jpg,400,823,0.486,329200,29.0,RGB
Clothes,clothes3525_1.jpg,.jpg,400,533,0.7505,213200,22.31,RGB
Clothes,clothes3526_1.jpg,.jpg,400,533,0.7505,213200,38.07,RGB
Clothes,clothes3527_1.jpg,.jpg,400,533,0.7505,213200,29.63,RGB
Clothes,clothes3528_1.jpg,.jpg,400,534,0.7491,213600,18.3,RGB
Clothes,clothes3529_1.jpg,.jpg,400,533,0.7505,213200,15.05,RGB
Clothes,clothes353_1.jpg,.jpg,400,589,0.6791,235600,19.37,RGB
Clothes,clothes3530_1.jpg,.jpg,400,533,0.7505,213200,24.98,RGB
Clothes,clothes3531_1.jpg,.jpg,711,400,1.7775,284400,40.06,RGB
Clothes,clothes3532_1.jpg,.jpg,400,533,0.7505,213200,19.93,RGB
Clothes,clothes3533_1.jpg,.jpg,400,534,0.7491,213600,20.02,RGB
Clothes,clothes3534_1.jpg,.jpg,400,534,0.7491,213600,20.05,RGB
Clothes,clothes3535_1.jpg,.jpg,400,533,0.7505,213200,26.62,RGB
Clothes,clothes3536_1.jpg,.jpg,400,534,0.7491,213600,17.4,RGB
Clothes,clothes3537_1.jpg,.jpg,400,711,0.5626,284400,26.17,RGB
Clothes,clothes3538_1.jpg,.jpg,400,652,0.6135,260800,17.83,RGB
Clothes,clothes3539_1.jpg,.jpg,400,660,0.6061,264000,31.5,RGB
Clothes,clothes354_1.jpg,.jpg,400,534,0.7491,213600,27.48,RGB
Clothes,clothes3540_1.jpg,.jpg,400,400,1.0,160000,12.98,RGB
Clothes,clothes3541_1.jpg,.jpg,400,533,0.7505,213200,16.65,RGB
Clothes,clothes3542_1.jpg,.jpg,400,534,0.7491,213600,29.07,RGB
Clothes,clothes3543_1.jpg,.jpg,400,533,0.7505,213200,24.33,RGB
Clothes,clothes3544_1.jpg,.jpg,400,533,0.7505,213200,18.77,RGB
Clothes,clothes3545_1.jpg,.jpg,400,711,0.5626,284400,18.7,RGB
Clothes,clothes3546_1.jpg,.jpg,400,534,0.7491,213600,21.94,RGB
Clothes,clothes3547_1.jpg,.jpg,711,400,1.7775,284400,45.36,RGB
Clothes,clothes3548_1.jpg,.jpg,400,533,0.7505,213200,26.65,RGB
Clothes,clothes3549_1.jpg,.jpg,400,533,0.7505,213200,15.32,RGB
Clothes,clothes355_1.jpg,.jpg,400,533,0.7505,213200,22.25,RGB
Clothes,clothes3550_1.jpg,.jpg,400,533,0.7505,213200,33.15,RGB
Clothes,clothes3551_1.jpg,.jpg,400,446,0.8969,178400,17.11,RGB
Clothes,clothes3552_1.jpg,.jpg,499,400,1.2475,199600,22.34,RGB
Clothes,clothes3553_1.jpg,.jpg,400,534,0.7491,213600,17.03,RGB
Clothes,clothes3554_1.jpg,.jpg,400,533,0.7505,213200,25.79,RGB
Clothes,clothes3555_1.jpg,.jpg,400,515,0.7767,206000,14.27,RGB
Clothes,clothes3556_1.jpg,.jpg,400,533,0.7505,213200,37.33,RGB
Clothes,clothes3557_1.jpg,.jpg,400,533,0.7505,213200,20.3,RGB
Clothes,clothes3558_1.jpg,.jpg,400,533,0.7505,213200,22.45,RGB
Clothes,clothes3559_1.jpg,.jpg,400,400,1.0,160000,15.1,RGB
Clothes,clothes356_1.jpg,.jpg,533,400,1.3325,213200,36.21,RGB
Clothes,clothes3560_1.jpg,.jpg,400,534,0.7491,213600,40.27,RGB
Clothes,clothes3561_1.jpg,.jpg,400,533,0.7505,213200,25.87,RGB
Clothes,clothes3562_1.jpg,.jpg,400,644,0.6211,257600,44.46,RGB
Clothes,clothes3563_1.jpg,.jpg,400,534,0.7491,213600,30.05,RGB
Clothes,clothes3564_1.jpg,.jpg,400,451,0.8869,180400,16.44,RGB
Clothes,clothes3565_1.jpg,.jpg,400,586,0.6826,234400,36.75,RGB
Clothes,clothes3566_1.jpg,.jpg,400,534,0.7491,213600,22.56,RGB
Clothes,clothes3567_1.jpg,.jpg,400,533,0.7505,213200,17.05,RGB
Clothes,clothes3568_1.jpg,.jpg,400,711,0.5626,284400,17.72,RGB
Clothes,clothes3569_1.jpg,.jpg,400,533,0.7505,213200,17.63,RGB
Clothes,clothes357_1.jpg,.jpg,400,533,0.7505,213200,30.81,RGB
Clothes,clothes3570_1.jpg,.jpg,400,533,0.7505,213200,23.3,RGB
Clothes,clothes3571_1.jpg,.jpg,400,533,0.7505,213200,25.96,RGB
Clothes,clothes3572_1.jpg,.jpg,400,533,0.7505,213200,16.29,RGB
Clothes,clothes3573_1.jpg,.jpg,741,400,1.8525,296400,31.26,RGB
Clothes,clothes3574_1.jpg,.jpg,400,591,0.6768,236400,36.78,RGB
Clothes,clothes3575_1.jpg,.jpg,400,533,0.7505,213200,29.4,RGB
Clothes,clothes3576_1.jpg,.jpg,711,400,1.7775,284400,47.35,RGB
Clothes,clothes3577_1.jpg,.jpg,520,400,1.3,208000,27.03,RGB
Clothes,clothes3578_1.jpg,.jpg,400,533,0.7505,213200,32.54,RGB
Clothes,clothes3579_1.jpg,.jpg,400,533,0.7505,213200,14.75,RGB
Clothes,clothes358_1.jpg,.jpg,400,533,0.7505,213200,29.91,RGB
Clothes,clothes3580_1.jpg,.jpg,400,533,0.7505,213200,58.47,RGB
Clothes,clothes3581_1.jpg,.jpg,534,400,1.335,213600,32.17,RGB
Clothes,clothes3582_1.jpg,.jpg,400,534,0.7491,213600,26.69,RGB
Clothes,clothes3583_1.jpg,.jpg,400,533,0.7505,213200,16.09,RGB
Clothes,clothes3584_1.jpg,.jpg,400,533,0.7505,213200,31.73,RGB
Clothes,clothes3585_1.jpg,.jpg,400,534,0.7491,213600,25.15,RGB
Clothes,clothes3586_1.jpg,.jpg,400,533,0.7505,213200,36.8,RGB
Clothes,clothes3587_1.jpg,.jpg,400,534,0.7491,213600,19.77,RGB
Clothes,clothes3588_1.jpg,.jpg,534,400,1.335,213600,26.73,RGB
Clothes,clothes3589_1.jpg,.jpg,400,400,1.0,160000,40.17,RGB
Clothes,clothes359_1.jpg,.jpg,400,533,0.7505,213200,20.62,RGB
Clothes,clothes3590_1.jpg,.jpg,400,533,0.7505,213200,34.42,RGB
Clothes,clothes3591_1.jpg,.jpg,400,533,0.7505,213200,34.08,RGB
Clothes,clothes3592_1.jpg,.jpg,400,533,0.7505,213200,36.56,RGB
Clothes,clothes3593_1.jpg,.jpg,400,534,0.7491,213600,21.86,RGB
Clothes,clothes3594_1.jpg,.jpg,400,533,0.7505,213200,32.41,RGB
Clothes,clothes3595_1.jpg,.jpg,400,654,0.6116,261600,22.11,RGB
Clothes,clothes3596_1.jpg,.jpg,400,533,0.7505,213200,13.78,RGB
Clothes,clothes3597_1.jpg,.jpg,400,711,0.5626,284400,16.72,RGB
Clothes,clothes3598_1.jpg,.jpg,400,534,0.7491,213600,29.83,RGB
Clothes,clothes3599_1.jpg,.jpg,400,533,0.7505,213200,19.18,RGB
Clothes,clothes36_1.jpg,.jpg,400,533,0.7505,213200,37.98,RGB
Clothes,clothes360_1.jpg,.jpg,400,533,0.7505,213200,36.18,RGB
Clothes,clothes3600_1.jpg,.jpg,400,533,0.7505,213200,33.63,RGB
Clothes,clothes3601_1.jpg,.jpg,400,533,0.7505,213200,24.33,RGB
Clothes,clothes3602_1.jpg,.jpg,400,533,0.7505,213200,36.29,RGB
Clothes,clothes3603_1.jpg,.jpg,533,400,1.3325,213200,25.4,RGB
Clothes,clothes3604_1.jpg,.jpg,400,533,0.7505,213200,47.6,RGB
Clothes,clothes3605_1.jpg,.jpg,534,400,1.335,213600,12.54,RGB
Clothes,clothes3606_1.jpg,.jpg,400,533,0.7505,213200,37.32,RGB
Clothes,clothes3607_1.jpg,.jpg,400,452,0.885,180800,38.06,RGB
Clothes,clothes3608_1.jpg,.jpg,400,533,0.7505,213200,21.35,RGB
Clothes,clothes3609_1.jpg,.jpg,400,533,0.7505,213200,20.15,RGB
Clothes,clothes361_1.jpg,.jpg,711,400,1.7775,284400,53.13,RGB
Clothes,clothes3610_1.jpg,.jpg,535,400,1.3375,214000,35.01,RGB
Clothes,clothes3611_1.jpg,.jpg,400,451,0.8869,180400,27.52,RGB
Clothes,clothes3612_1.jpg,.jpg,400,533,0.7505,213200,33.81,RGB
Clothes,clothes3613_1.jpg,.jpg,533,400,1.3325,213200,23.18,RGB
Clothes,clothes3614_1.jpg,.jpg,400,533,0.7505,213200,14.98,RGB
Clothes,clothes3615_1.jpg,.jpg,400,534,0.7491,213600,19.75,RGB
Clothes,clothes3616_1.jpg,.jpg,865,400,2.1625,346000,65.47,RGB
Clothes,clothes3617_1.jpg,.jpg,400,534,0.7491,213600,22.93,RGB
Clothes,clothes3618_1.jpg,.jpg,400,534,0.7491,213600,18.24,RGB
Clothes,clothes3619_1.jpg,.jpg,400,533,0.7505,213200,16.16,RGB
Clothes,clothes362_1.jpg,.jpg,400,533,0.7505,213200,15.47,RGB
Clothes,clothes3620_1.jpg,.jpg,400,534,0.7491,213600,40.09,RGB
Clothes,clothes3621_1.jpg,.jpg,400,534,0.7491,213600,16.58,RGB
Clothes,clothes3622_1.jpg,.jpg,400,534,0.7491,213600,14.38,RGB
Clothes,clothes3623_1.jpg,.jpg,400,533,0.7505,213200,33.18,RGB
Clothes,clothes3624_1.jpg,.jpg,400,533,0.7505,213200,25.68,RGB
Clothes,clothes3625_1.jpg,.jpg,400,711,0.5626,284400,23.36,RGB
Clothes,clothes3626_1.jpg,.jpg,400,534,0.7491,213600,17.4,RGB
Clothes,clothes3627_1.jpg,.jpg,400,491,0.8147,196400,20.56,RGB
Clothes,clothes3628_1.jpg,.jpg,400,533,0.7505,213200,41.35,RGB
Clothes,clothes3629_1.jpg,.jpg,400,533,0.7505,213200,28.77,RGB
Clothes,clothes363_1.jpg,.jpg,400,533,0.7505,213200,16.59,RGB
Clothes,clothes3630_1.jpg,.jpg,400,533,0.7505,213200,39.36,RGB
Clothes,clothes3631_1.jpg,.jpg,533,400,1.3325,213200,25.49,RGB
Clothes,clothes3632_1.jpg,.jpg,400,401,0.9975,160400,16.97,RGB
Clothes,clothes3633_1.jpg,.jpg,400,534,0.7491,213600,24.88,RGB
Clothes,clothes3634_1.jpg,.jpg,400,400,1.0,160000,15.75,RGB
Clothes,clothes3635_1.jpg,.jpg,400,533,0.7505,213200,16.12,RGB
Clothes,clothes3636_1.jpg,.jpg,400,533,0.7505,213200,50.5,RGB
Clothes,clothes3637_1.jpg,.jpg,400,502,0.7968,200800,23.54,RGB
Clothes,clothes3638_1.jpg,.jpg,400,533,0.7505,213200,49.83,RGB
Clothes,clothes3639_1.jpg,.jpg,400,534,0.7491,213600,28.4,RGB
Clothes,clothes364_1.jpg,.jpg,534,400,1.335,213600,29.63,RGB
Clothes,clothes3640_1.jpg,.jpg,400,533,0.7505,213200,20.24,RGB
Clothes,clothes3641_1.jpg,.jpg,400,400,1.0,160000,14.45,RGB
Clothes,clothes3642_1.jpg,.jpg,400,534,0.7491,213600,31.28,RGB
Clothes,clothes3643_1.jpg,.jpg,400,533,0.7505,213200,22.15,RGB
Clothes,clothes3644_1.jpg,.jpg,400,533,0.7505,213200,53.23,RGB
Clothes,clothes3645_1.jpg,.jpg,400,533,0.7505,213200,15.04,RGB
Clothes,clothes3646_1.jpg,.jpg,400,533,0.7505,213200,31.63,RGB
Clothes,clothes3647_1.jpg,.jpg,400,533,0.7505,213200,20.63,RGB
Clothes,clothes3648_1.jpg,.jpg,400,533,0.7505,213200,17.42,RGB
Clothes,clothes3649_1.jpg,.jpg,534,400,1.335,213600,43.05,RGB
Clothes,clothes365_1.jpg,.jpg,400,533,0.7505,213200,33.06,RGB
Clothes,clothes3650_1.jpg,.jpg,400,673,0.5944,269200,74.35,RGB
Clothes,clothes3651_1.jpg,.jpg,400,533,0.7505,213200,29.63,RGB
Clothes,clothes3652_1.jpg,.jpg,400,711,0.5626,284400,20.29,RGB
Clothes,clothes3653_1.jpg,.jpg,400,533,0.7505,213200,22.5,RGB
Clothes,clothes3654_1.jpg,.jpg,400,533,0.7505,213200,26.84,RGB
Clothes,clothes3655_1.jpg,.jpg,400,573,0.6981,229200,22.3,RGB
Clothes,clothes3656_1.jpg,.jpg,533,400,1.3325,213200,25.37,RGB
Clothes,clothes3657_1.jpg,.jpg,400,533,0.7505,213200,22.31,RGB
Clothes,clothes3658_1.jpg,.jpg,400,402,0.995,160800,27.66,RGB
Clothes,clothes3659_1.jpg,.jpg,400,570,0.7018,228000,19.78,RGB
Clothes,clothes366_1.jpg,.jpg,533,400,1.3325,213200,19.63,RGB
Clothes,clothes3660_1.jpg,.jpg,400,533,0.7505,213200,34.62,RGB
Clothes,clothes3661_1.jpg,.jpg,400,534,0.7491,213600,27.99,RGB
Clothes,clothes3662_1.jpg,.jpg,400,400,1.0,160000,16.66,RGB
Clothes,clothes3663_1.jpg,.jpg,400,533,0.7505,213200,60.5,RGB
Clothes,clothes3664_1.jpg,.jpg,400,533,0.7505,213200,17.39,RGB
Clothes,clothes3665_1.jpg,.jpg,428,400,1.07,171200,15.19,RGB
Clothes,clothes3666_1.jpg,.jpg,400,533,0.7505,213200,16.2,RGB
Clothes,clothes3667_1.jpg,.jpg,534,400,1.335,213600,17.91,RGB
Clothes,clothes3668_1.jpg,.jpg,400,533,0.7505,213200,17.35,RGB
Clothes,clothes3669_1.jpg,.jpg,400,534,0.7491,213600,25.64,RGB
Clothes,clothes367_1.jpg,.jpg,433,400,1.0825,173200,23.13,RGB
Clothes,clothes3670_1.jpg,.jpg,400,533,0.7505,213200,24.54,RGB
Clothes,clothes3671_1.jpg,.jpg,400,711,0.5626,284400,19.64,RGB
Clothes,clothes3672_1.jpg,.jpg,711,400,1.7775,284400,58.79,RGB
Clothes,clothes3673_1.jpg,.jpg,400,533,0.7505,213200,52.88,RGB
Clothes,clothes3674_1.jpg,.jpg,400,534,0.7491,213600,16.56,RGB
Clothes,clothes3675_1.jpg,.jpg,400,422,0.9479,168800,26.12,RGB
Clothes,clothes3676_1.jpg,.jpg,400,442,0.905,176800,18.15,RGB
Clothes,clothes3677_1.jpg,.jpg,533,400,1.3325,213200,38.13,RGB
Clothes,clothes3678_1.jpg,.jpg,400,645,0.6202,258000,29.56,RGB
Clothes,clothes3679_1.jpg,.jpg,400,533,0.7505,213200,19.9,RGB
Clothes,clothes368_1.jpg,.jpg,400,533,0.7505,213200,20.04,RGB
Clothes,clothes3680_1.jpg,.jpg,533,400,1.3325,213200,25.2,RGB
Clothes,clothes3681_1.jpg,.jpg,400,534,0.7491,213600,17.41,RGB
Clothes,clothes3682_1.jpg,.jpg,400,533,0.7505,213200,13.51,RGB
Clothes,clothes3683_1.jpg,.jpg,400,534,0.7491,213600,28.93,RGB
Clothes,clothes3684_1.jpg,.jpg,400,711,0.5626,284400,31.55,RGB
Clothes,clothes3685_1.jpg,.jpg,400,527,0.759,210800,22.25,RGB
Clothes,clothes3686_1.jpg,.jpg,400,534,0.7491,213600,30.82,RGB
Clothes,clothes3687_1.jpg,.jpg,400,534,0.7491,213600,15.07,RGB
Clothes,clothes3688_1.jpg,.jpg,400,534,0.7491,213600,21.23,RGB
Clothes,clothes3689_1.jpg,.jpg,400,534,0.7491,213600,22.41,RGB
Clothes,clothes369_1.jpg,.jpg,400,447,0.8949,178800,14.99,RGB
Clothes,clothes3690_1.jpg,.jpg,400,533,0.7505,213200,20.45,RGB
Clothes,clothes3691_1.jpg,.jpg,533,400,1.3325,213200,30.87,RGB
Clothes,clothes3692_1.jpg,.jpg,497,400,1.2425,198800,22.6,RGB
Clothes,clothes3693_1.jpg,.jpg,400,711,0.5626,284400,41.92,RGB
Clothes,clothes3694_1.jpg,.jpg,400,533,0.7505,213200,29.15,RGB
Clothes,clothes3695_1.jpg,.jpg,400,533,0.7505,213200,21.55,RGB
Clothes,clothes3696_1.jpg,.jpg,400,534,0.7491,213600,13.38,RGB
Clothes,clothes3697_1.jpg,.jpg,400,533,0.7505,213200,23.71,RGB
Clothes,clothes3698_1.jpg,.jpg,400,533,0.7505,213200,15.29,RGB
Clothes,clothes3699_1.jpg,.jpg,400,533,0.7505,213200,30.77,RGB
Clothes,clothes37_1.jpg,.jpg,400,533,0.7505,213200,35.14,RGB
Clothes,clothes370_1.jpg,.jpg,400,533,0.7505,213200,18.03,RGB
Clothes,clothes3700_1.jpg,.jpg,535,400,1.3375,214000,18.69,RGB
Clothes,clothes3701_1.jpg,.jpg,414,400,1.035,165600,22.11,RGB
Clothes,clothes3702_1.jpg,.jpg,400,421,0.9501,168400,29.16,RGB
Clothes,clothes3703_1.jpg,.jpg,400,533,0.7505,213200,23.71,RGB
Clothes,clothes3704_1.jpg,.jpg,400,533,0.7505,213200,23.08,RGB
Clothes,clothes3705_1.jpg,.jpg,400,534,0.7491,213600,16.16,RGB
Clothes,clothes3706_1.jpg,.jpg,400,533,0.7505,213200,38.92,RGB
Clothes,clothes3707_1.jpg,.jpg,400,533,0.7505,213200,29.09,RGB
Clothes,clothes3708_1.jpg,.jpg,400,636,0.6289,254400,23.62,RGB
Clothes,clothes3709_1.jpg,.jpg,400,534,0.7491,213600,18.52,RGB
Clothes,clothes371_1.jpg,.jpg,400,534,0.7491,213600,19.14,RGB
Clothes,clothes3710_1.jpg,.jpg,400,711,0.5626,284400,44.85,RGB
Clothes,clothes3711_1.jpg,.jpg,400,533,0.7505,213200,19.69,RGB
Clothes,clothes3712_1.jpg,.jpg,400,536,0.7463,214400,30.34,RGB
Clothes,clothes3713_1.jpg,.jpg,400,712,0.5618,284800,43.88,RGB
Clothes,clothes3714_1.jpg,.jpg,436,400,1.09,174400,30.52,RGB
Clothes,clothes3715_1.jpg,.jpg,400,455,0.8791,182000,16.47,RGB
Clothes,clothes3716_1.jpg,.jpg,400,462,0.8658,184800,25.04,RGB
Clothes,clothes3717_1.jpg,.jpg,400,533,0.7505,213200,20.48,RGB
Clothes,clothes3718_1.jpg,.jpg,534,400,1.335,213600,23.21,RGB
Clothes,clothes3719_1.jpg,.jpg,400,533,0.7505,213200,15.18,RGB
Clothes,clothes372_1.jpg,.jpg,400,533,0.7505,213200,20.61,RGB
Clothes,clothes3720_1.jpg,.jpg,400,534,0.7491,213600,20.11,RGB
Clothes,clothes3721_1.jpg,.jpg,400,533,0.7505,213200,24.76,RGB
Clothes,clothes3722_1.jpg,.jpg,400,533,0.7505,213200,23.2,RGB
Clothes,clothes3723_1.jpg,.jpg,400,532,0.7519,212800,56.75,RGB
Clothes,clothes3724_1.jpg,.jpg,400,711,0.5626,284400,32.97,RGB
Clothes,clothes3725_1.jpg,.jpg,400,537,0.7449,214800,22.68,RGB
Clothes,clothes3726_1.jpg,.jpg,400,711,0.5626,284400,35.74,RGB
Clothes,clothes3727_1.jpg,.jpg,534,400,1.335,213600,31.6,RGB
Clothes,clothes3728_1.jpg,.jpg,400,445,0.8989,178000,21.52,RGB
Clothes,clothes3729_1.jpg,.jpg,400,400,1.0,160000,33.11,RGB
Clothes,clothes373_1.jpg,.jpg,400,711,0.5626,284400,33.27,RGB
Clothes,clothes3730_1.jpg,.jpg,400,710,0.5634,284000,26.79,RGB
Clothes,clothes3731_1.jpg,.jpg,400,533,0.7505,213200,13.82,RGB
Clothes,clothes3732_1.jpg,.jpg,400,479,0.8351,191600,17.32,RGB
Clothes,clothes3733_1.jpg,.jpg,400,533,0.7505,213200,13.88,RGB
Clothes,clothes3734_1.jpg,.jpg,400,533,0.7505,213200,42.36,RGB
Clothes,clothes3735_1.jpg,.jpg,400,711,0.5626,284400,64.53,RGB
Clothes,clothes3736_1.jpg,.jpg,400,533,0.7505,213200,34.24,RGB
Clothes,clothes3737_1.jpg,.jpg,533,400,1.3325,213200,29.44,RGB
Clothes,clothes3738_1.jpg,.jpg,400,533,0.7505,213200,19.67,RGB
Clothes,clothes3739_1.jpg,.jpg,400,533,0.7505,213200,26.56,RGB
Clothes,clothes374_1.jpg,.jpg,400,534,0.7491,213600,22.15,RGB
Clothes,clothes3740_1.jpg,.jpg,400,533,0.7505,213200,32.29,RGB
Clothes,clothes3741_1.jpg,.jpg,400,534,0.7491,213600,20.87,RGB
Clothes,clothes3742_1.jpg,.jpg,400,533,0.7505,213200,35.94,RGB
Clothes,clothes3743_1.jpg,.jpg,400,533,0.7505,213200,25.07,RGB
Clothes,clothes3744_1.jpg,.jpg,400,533,0.7505,213200,23.95,RGB
Clothes,clothes3745_1.jpg,.jpg,400,533,0.7505,213200,25.05,RGB
Clothes,clothes3746_1.jpg,.jpg,400,534,0.7491,213600,15.4,RGB
Clothes,clothes3747_1.jpg,.jpg,400,533,0.7505,213200,27.53,RGB
Clothes,clothes3748_1.jpg,.jpg,400,533,0.7505,213200,30.97,RGB
Clothes,clothes3749_1.jpg,.jpg,400,533,0.7505,213200,40.07,RGB
Clothes,clothes375_1.jpg,.jpg,400,533,0.7505,213200,46.85,RGB
Clothes,clothes3750_1.jpg,.jpg,400,534,0.7491,213600,22.51,RGB
Clothes,clothes3751_1.jpg,.jpg,400,533,0.7505,213200,24.42,RGB
Clothes,clothes3752_1.jpg,.jpg,533,400,1.3325,213200,16.95,RGB
Clothes,clothes3753_1.jpg,.jpg,400,533,0.7505,213200,13.64,RGB
Clothes,clothes3754_1.jpg,.jpg,400,534,0.7491,213600,25.66,RGB
Clothes,clothes3755_1.jpg,.jpg,533,400,1.3325,213200,30.92,RGB
Clothes,clothes3756_1.jpg,.jpg,400,466,0.8584,186400,23.31,RGB
Clothes,clothes3757_1.jpg,.jpg,400,533,0.7505,213200,32.56,RGB
Clothes,clothes3758_1.jpg,.jpg,400,533,0.7505,213200,19.61,RGB
Clothes,clothes3759_1.jpg,.jpg,400,534,0.7491,213600,44.77,RGB
Clothes,clothes376_1.jpg,.jpg,400,533,0.7505,213200,56.46,RGB
Clothes,clothes3760_1.jpg,.jpg,400,533,0.7505,213200,30.6,RGB
Clothes,clothes3761_1.jpg,.jpg,400,533,0.7505,213200,27.48,RGB
Clothes,clothes3762_1.jpg,.jpg,400,533,0.7505,213200,27.02,RGB
Clothes,clothes3763_1.jpg,.jpg,400,711,0.5626,284400,21.06,RGB
Clothes,clothes3764_1.jpg,.jpg,400,533,0.7505,213200,18.13,RGB
Clothes,clothes3765_1.jpg,.jpg,400,432,0.9259,172800,32.82,RGB
Clothes,clothes3766_1.jpg,.jpg,400,533,0.7505,213200,35.7,RGB
Clothes,clothes3767_1.jpg,.jpg,400,534,0.7491,213600,27.68,RGB
Clothes,clothes3768_1.jpg,.jpg,400,534,0.7491,213600,23.72,RGB
Clothes,clothes3769_1.jpg,.jpg,400,533,0.7505,213200,26.59,RGB
Clothes,clothes377_1.jpg,.jpg,400,533,0.7505,213200,29.23,RGB
Clothes,clothes3770_1.jpg,.jpg,711,400,1.7775,284400,55.12,RGB
Clothes,clothes3771_1.jpg,.jpg,400,533,0.7505,213200,34.89,RGB
Clothes,clothes3772_1.jpg,.jpg,400,711,0.5626,284400,29.77,RGB
Clothes,clothes3773_1.jpg,.jpg,400,533,0.7505,213200,40.63,RGB
Clothes,clothes3774_1.jpg,.jpg,400,533,0.7505,213200,30.6,RGB
Clothes,clothes3775_1.jpg,.jpg,400,534,0.7491,213600,35.83,RGB
Clothes,clothes3776_1.jpg,.jpg,400,533,0.7505,213200,32.94,RGB
Clothes,clothes3777_1.jpg,.jpg,400,533,0.7505,213200,27.42,RGB
Clothes,clothes3778_1.jpg,.jpg,400,533,0.7505,213200,24.01,RGB
Clothes,clothes3779_1.jpg,.jpg,400,533,0.7505,213200,28.88,RGB
Clothes,clothes378_1.jpg,.jpg,400,533,0.7505,213200,70.63,RGB
Clothes,clothes3780_1.jpg,.jpg,400,711,0.5626,284400,52.49,RGB
Clothes,clothes3781_1.jpg,.jpg,400,534,0.7491,213600,30.77,RGB
Clothes,clothes3782_1.jpg,.jpg,400,533,0.7505,213200,37.7,RGB
Clothes,clothes3783_1.jpg,.jpg,534,400,1.335,213600,19.68,RGB
Clothes,clothes3784_1.jpg,.jpg,400,533,0.7505,213200,18.28,RGB
Clothes,clothes3785_1.jpg,.jpg,400,533,0.7505,213200,49.23,RGB
Clothes,clothes3786_1.jpg,.jpg,400,533,0.7505,213200,43.25,RGB
Clothes,clothes3787_1.jpg,.jpg,534,400,1.335,213600,18.96,RGB
Clothes,clothes3788_1.jpg,.jpg,400,534,0.7491,213600,16.35,RGB
Clothes,clothes3789_1.jpg,.jpg,400,400,1.0,160000,13.04,RGB
Clothes,clothes379_1.jpg,.jpg,400,534,0.7491,213600,38.99,RGB
Clothes,clothes3790_1.jpg,.jpg,400,533,0.7505,213200,40.16,RGB
Clothes,clothes3791_1.jpg,.jpg,400,533,0.7505,213200,27.56,RGB
Clothes,clothes3792_1.jpg,.jpg,400,533,0.7505,213200,44.95,RGB
Clothes,clothes3793_1.jpg,.jpg,400,533,0.7505,213200,38.44,RGB
Clothes,clothes3794_1.jpg,.jpg,400,533,0.7505,213200,21.19,RGB
Clothes,clothes3795_1.jpg,.jpg,400,533,0.7505,213200,30.75,RGB
Clothes,clothes3796_1.jpg,.jpg,533,400,1.3325,213200,17.58,RGB
Clothes,clothes3797_1.jpg,.jpg,400,533,0.7505,213200,35.81,RGB
Clothes,clothes3798_1.jpg,.jpg,400,533,0.7505,213200,12.34,RGB
Clothes,clothes3799_1.jpg,.jpg,400,533,0.7505,213200,12.88,RGB
Clothes,clothes38_1.jpg,.jpg,400,534,0.7491,213600,17.85,RGB
Clothes,clothes380_1.jpg,.jpg,400,711,0.5626,284400,21.68,RGB
Clothes,clothes3800_1.jpg,.jpg,400,400,1.0,160000,21.1,RGB
Clothes,clothes3801_1.jpg,.jpg,400,533,0.7505,213200,19.98,RGB
Clothes,clothes3802_1.jpg,.jpg,400,533,0.7505,213200,52.1,RGB
Clothes,clothes3803_1.jpg,.jpg,400,533,0.7505,213200,37.63,RGB
Clothes,clothes3804_1.jpg,.jpg,400,533,0.7505,213200,34.49,RGB
Clothes,clothes3805_1.jpg,.jpg,400,533,0.7505,213200,41.2,RGB
Clothes,clothes3806_1.jpg,.jpg,400,534,0.7491,213600,17.45,RGB
Clothes,clothes3807_1.jpg,.jpg,400,533,0.7505,213200,25.99,RGB
Clothes,clothes3808_1.jpg,.jpg,533,400,1.3325,213200,38.72,RGB
Clothes,clothes3809_1.jpg,.jpg,400,533,0.7505,213200,23.75,RGB
Clothes,clothes381_1.jpg,.jpg,400,677,0.5908,270800,24.7,RGB
Clothes,clothes3810_1.jpg,.jpg,400,533,0.7505,213200,13.63,RGB
Clothes,clothes3811_1.jpg,.jpg,711,400,1.7775,284400,36.63,RGB
Clothes,clothes3812_1.jpg,.jpg,400,710,0.5634,284000,31.48,RGB
Clothes,clothes3813_1.jpg,.jpg,711,400,1.7775,284400,43.75,RGB
Clothes,clothes3814_1.jpg,.jpg,400,533,0.7505,213200,16.91,RGB
Clothes,clothes3815_1.jpg,.jpg,400,711,0.5626,284400,58.86,RGB
Clothes,clothes3816_1.jpg,.jpg,400,534,0.7491,213600,21.71,RGB
Clothes,clothes3817_1.jpg,.jpg,400,534,0.7491,213600,30.33,RGB
Clothes,clothes3818_1.jpg,.jpg,400,533,0.7505,213200,39.13,RGB
Clothes,clothes3819_1.jpg,.jpg,400,533,0.7505,213200,34.46,RGB
Clothes,clothes382_1.jpg,.jpg,400,533,0.7505,213200,29.41,RGB
Clothes,clothes3820_1.jpg,.jpg,533,400,1.3325,213200,45.56,RGB
Clothes,clothes3821_1.jpg,.jpg,400,533,0.7505,213200,22.96,RGB
Clothes,clothes3822_1.jpg,.jpg,400,534,0.7491,213600,29.56,RGB
Clothes,clothes3823_1.jpg,.jpg,533,400,1.3325,213200,46.28,RGB
Clothes,clothes3824_1.jpg,.jpg,533,400,1.3325,213200,33.19,RGB
Clothes,clothes3825_1.jpg,.jpg,533,400,1.3325,213200,20.52,RGB
Clothes,clothes3826_1.jpg,.jpg,400,533,0.7505,213200,32.75,RGB
Clothes,clothes3827_1.jpg,.jpg,400,533,0.7505,213200,21.67,RGB
Clothes,clothes3828_1.jpg,.jpg,400,533,0.7505,213200,17.53,RGB
Clothes,clothes3829_1.jpg,.jpg,400,533,0.7505,213200,24.33,RGB
Clothes,clothes383_1.jpg,.jpg,400,534,0.7491,213600,20.14,RGB
Clothes,clothes3830_1.jpg,.jpg,400,455,0.8791,182000,16.29,RGB
Clothes,clothes3831_1.jpg,.jpg,400,400,1.0,160000,25.54,RGB
Clothes,clothes3832_1.jpg,.jpg,400,711,0.5626,284400,36.97,RGB
Clothes,clothes3833_1.jpg,.jpg,400,711,0.5626,284400,16.6,RGB
Clothes,clothes3834_1.jpg,.jpg,400,533,0.7505,213200,40.09,RGB
Clothes,clothes3835_1.jpg,.jpg,400,534,0.7491,213600,16.0,RGB
Clothes,clothes3836_1.jpg,.jpg,534,400,1.335,213600,21.08,RGB
Clothes,clothes3837_1.jpg,.jpg,400,447,0.8949,178800,12.5,RGB
Clothes,clothes3838_1.jpg,.jpg,400,400,1.0,160000,17.54,RGB
Clothes,clothes3839_1.jpg,.jpg,400,533,0.7505,213200,31.01,RGB
Clothes,clothes384_1.jpg,.jpg,400,533,0.7505,213200,21.0,RGB
Clothes,clothes3840_1.jpg,.jpg,400,533,0.7505,213200,32.57,RGB
Clothes,clothes3841_1.jpg,.jpg,400,435,0.9195,174000,13.54,RGB
Clothes,clothes3842_1.jpg,.jpg,400,467,0.8565,186800,29.08,RGB
Clothes,clothes3843_1.jpg,.jpg,400,533,0.7505,213200,18.53,RGB
Clothes,clothes3844_1.jpg,.jpg,400,533,0.7505,213200,23.02,RGB
Clothes,clothes3845_1.jpg,.jpg,400,533,0.7505,213200,15.49,RGB
Clothes,clothes3846_1.jpg,.jpg,400,711,0.5626,284400,27.56,RGB
Clothes,clothes3847_1.jpg,.jpg,400,533,0.7505,213200,21.5,RGB
Clothes,clothes3848_1.jpg,.jpg,400,533,0.7505,213200,20.71,RGB
Clothes,clothes3849_1.jpg,.jpg,400,533,0.7505,213200,30.31,RGB
Clothes,clothes385_1.jpg,.jpg,400,534,0.7491,213600,27.33,RGB
Clothes,clothes3850_1.jpg,.jpg,418,400,1.045,167200,15.88,RGB
Clothes,clothes3851_1.jpg,.jpg,533,400,1.3325,213200,43.26,RGB
Clothes,clothes3852_1.jpg,.jpg,400,576,0.6944,230400,16.16,RGB
Clothes,clothes3853_1.jpg,.jpg,400,533,0.7505,213200,51.14,RGB
Clothes,clothes3854_1.jpg,.jpg,534,400,1.335,213600,28.41,RGB
Clothes,clothes3855_1.jpg,.jpg,400,711,0.5626,284400,29.79,RGB
Clothes,clothes3856_1.jpg,.jpg,400,533,0.7505,213200,51.25,RGB
Clothes,clothes3857_1.jpg,.jpg,438,400,1.095,175200,45.59,RGB
Clothes,clothes3858_1.jpg,.jpg,400,534,0.7491,213600,19.37,RGB
Clothes,clothes3859_1.jpg,.jpg,400,534,0.7491,213600,14.54,RGB
Clothes,clothes386_1.jpg,.jpg,400,533,0.7505,213200,49.16,RGB
Clothes,clothes3860_1.jpg,.jpg,534,400,1.335,213600,31.62,RGB
Clothes,clothes3861_1.jpg,.jpg,400,533,0.7505,213200,23.73,RGB
Clothes,clothes3862_1.jpg,.jpg,400,533,0.7505,213200,27.3,RGB
Clothes,clothes3863_1.jpg,.jpg,400,406,0.9852,162400,17.89,RGB
Clothes,clothes3864_1.jpg,.jpg,400,533,0.7505,213200,17.32,RGB
Clothes,clothes3865_1.jpg,.jpg,410,400,1.025,164000,19.82,RGB
Clothes,clothes3866_1.jpg,.jpg,400,534,0.7491,213600,16.68,RGB
Clothes,clothes3867_1.jpg,.jpg,400,534,0.7491,213600,17.39,RGB
Clothes,clothes3868_1.jpg,.jpg,400,533,0.7505,213200,23.27,RGB
Clothes,clothes3869_1.jpg,.jpg,400,533,0.7505,213200,17.78,RGB
Clothes,clothes387_1.jpg,.jpg,400,534,0.7491,213600,32.42,RGB
Clothes,clothes3870_1.jpg,.jpg,400,533,0.7505,213200,31.72,RGB
Clothes,clothes3871_1.jpg,.jpg,533,400,1.3325,213200,28.34,RGB
Clothes,clothes3872_1.jpg,.jpg,400,533,0.7505,213200,31.29,RGB
Clothes,clothes3873_1.jpg,.jpg,400,533,0.7505,213200,21.08,RGB
Clothes,clothes3874_1.jpg,.jpg,642,400,1.605,256800,18.98,RGB
Clothes,clothes3875_1.jpg,.jpg,711,400,1.7775,284400,63.08,RGB
Clothes,clothes3876_1.jpg,.jpg,400,534,0.7491,213600,17.05,RGB
Clothes,clothes3877_1.jpg,.jpg,400,711,0.5626,284400,78.14,RGB
Clothes,clothes3878_1.jpg,.jpg,400,534,0.7491,213600,12.8,RGB
Clothes,clothes3879_1.jpg,.jpg,422,400,1.055,168800,34.72,RGB
Clothes,clothes388_1.jpg,.jpg,532,400,1.33,212800,41.27,RGB
Clothes,clothes3880_1.jpg,.jpg,533,400,1.3325,213200,33.97,RGB
Clothes,clothes3881_1.jpg,.jpg,400,533,0.7505,213200,14.15,RGB
Clothes,clothes3882_1.jpg,.jpg,400,533,0.7505,213200,32.66,RGB
Clothes,clothes3883_1.jpg,.jpg,400,533,0.7505,213200,32.26,RGB
Clothes,clothes3884_1.jpg,.jpg,400,413,0.9685,165200,35.09,RGB
Clothes,clothes3885_1.jpg,.jpg,400,400,1.0,160000,22.82,RGB
Clothes,clothes3886_1.jpg,.jpg,400,533,0.7505,213200,19.76,RGB
Clothes,clothes3887_1.jpg,.jpg,400,534,0.7491,213600,24.25,RGB
Clothes,clothes3888_1.jpg,.jpg,400,712,0.5618,284800,30.83,RGB
Clothes,clothes3889_1.jpg,.jpg,400,533,0.7505,213200,25.03,RGB
Clothes,clothes389_1.jpg,.jpg,400,533,0.7505,213200,30.51,RGB
Clothes,clothes3890_1.jpg,.jpg,533,400,1.3325,213200,27.59,RGB
Clothes,clothes3891_1.jpg,.jpg,400,533,0.7505,213200,28.72,RGB
Clothes,clothes3892_1.jpg,.jpg,400,533,0.7505,213200,21.26,RGB
Clothes,clothes3893_1.jpg,.jpg,400,533,0.7505,213200,24.5,RGB
Clothes,clothes3894_1.jpg,.jpg,400,534,0.7491,213600,22.85,RGB
Clothes,clothes3895_1.jpg,.jpg,400,533,0.7505,213200,28.17,RGB
Clothes,clothes3896_1.jpg,.jpg,400,533,0.7505,213200,61.58,RGB
Clothes,clothes3897_1.jpg,.jpg,400,530,0.7547,212000,41.52,RGB
Clothes,clothes3898_1.jpg,.jpg,426,400,1.065,170400,20.81,RGB
Clothes,clothes3899_1.jpg,.jpg,400,533,0.7505,213200,30.21,RGB
Clothes,clothes39_1.jpg,.jpg,400,711,0.5626,284400,21.35,RGB
Clothes,clothes390_1.jpg,.jpg,400,454,0.8811,181600,15.97,RGB
Clothes,clothes3900_1.jpg,.jpg,400,533,0.7505,213200,15.34,RGB
Clothes,clothes3901_1.jpg,.jpg,400,711,0.5626,284400,26.58,RGB
Clothes,clothes3902_1.jpg,.jpg,400,533,0.7505,213200,52.47,RGB
Clothes,clothes3903_1.jpg,.jpg,400,533,0.7505,213200,27.57,RGB
Clothes,clothes3904_1.jpg,.jpg,400,533,0.7505,213200,15.64,RGB
Clothes,clothes3905_1.jpg,.jpg,400,533,0.7505,213200,40.37,RGB
Clothes,clothes3906_1.jpg,.jpg,400,533,0.7505,213200,41.18,RGB
Clothes,clothes3907_1.jpg,.jpg,400,533,0.7505,213200,16.88,RGB
Clothes,clothes3908_1.jpg,.jpg,400,450,0.8889,180000,27.79,RGB
Clothes,clothes3909_1.jpg,.jpg,800,400,2.0,320000,20.4,RGB
Clothes,clothes391_1.jpg,.jpg,400,534,0.7491,213600,16.55,RGB
Clothes,clothes3910_1.jpg,.jpg,400,533,0.7505,213200,50.11,RGB
Clothes,clothes3911_1.jpg,.jpg,400,533,0.7505,213200,22.84,RGB
Clothes,clothes3912_1.jpg,.jpg,400,562,0.7117,224800,36.81,RGB
Clothes,clothes3913_1.jpg,.jpg,400,533,0.7505,213200,21.91,RGB
Clothes,clothes3914_1.jpg,.jpg,400,533,0.7505,213200,19.27,RGB
Clothes,clothes3915_1.jpg,.jpg,400,533,0.7505,213200,16.84,RGB
Clothes,clothes3916_1.jpg,.jpg,400,533,0.7505,213200,38.34,RGB
Clothes,clothes3917_1.jpg,.jpg,400,533,0.7505,213200,23.59,RGB
Clothes,clothes3918_1.jpg,.jpg,400,533,0.7505,213200,21.37,RGB
Clothes,clothes3919_1.jpg,.jpg,711,400,1.7775,284400,34.79,RGB
Clothes,clothes392_1.jpg,.jpg,400,534,0.7491,213600,31.4,RGB
Clothes,clothes3920_1.jpg,.jpg,400,533,0.7505,213200,51.05,RGB
Clothes,clothes3921_1.jpg,.jpg,400,711,0.5626,284400,47.13,RGB
Clothes,clothes3922_1.jpg,.jpg,400,533,0.7505,213200,33.57,RGB
Clothes,clothes3923_1.jpg,.jpg,400,711,0.5626,284400,16.19,RGB
Clothes,clothes3924_1.jpg,.jpg,400,533,0.7505,213200,23.91,RGB
Clothes,clothes3925_1.jpg,.jpg,400,533,0.7505,213200,24.56,RGB
Clothes,clothes3926_1.jpg,.jpg,400,533,0.7505,213200,49.0,RGB
Clothes,clothes3927_1.jpg,.jpg,400,533,0.7505,213200,35.95,RGB
Clothes,clothes3928_1.jpg,.jpg,400,503,0.7952,201200,26.82,RGB
Clothes,clothes3929_1.jpg,.jpg,400,533,0.7505,213200,22.97,RGB
Clothes,clothes393_1.jpg,.jpg,400,533,0.7505,213200,36.98,RGB
Clothes,clothes3930_1.jpg,.jpg,400,417,0.9592,166800,27.6,RGB
Clothes,clothes3931_1.jpg,.jpg,400,533,0.7505,213200,16.81,RGB
Clothes,clothes3932_1.jpg,.jpg,400,533,0.7505,213200,44.68,RGB
Clothes,clothes3933_1.jpg,.jpg,533,400,1.3325,213200,25.05,RGB
Clothes,clothes3934_1.jpg,.jpg,400,534,0.7491,213600,24.65,RGB
Clothes,clothes3935_1.jpg,.jpg,400,533,0.7505,213200,15.45,RGB
Clothes,clothes3936_1.jpg,.jpg,400,533,0.7505,213200,37.88,RGB
Clothes,clothes3937_1.jpg,.jpg,400,534,0.7491,213600,18.87,RGB
Clothes,clothes3938_1.jpg,.jpg,400,534,0.7491,213600,18.27,RGB
Clothes,clothes3939_1.jpg,.jpg,400,400,1.0,160000,35.48,RGB
Clothes,clothes394_1.jpg,.jpg,400,476,0.8403,190400,15.73,RGB
Clothes,clothes3940_1.jpg,.jpg,400,533,0.7505,213200,39.58,RGB
Clothes,clothes3941_1.jpg,.jpg,400,683,0.5857,273200,41.56,RGB
Clothes,clothes3942_1.jpg,.jpg,400,435,0.9195,174000,25.36,RGB
Clothes,clothes3943_1.jpg,.jpg,400,533,0.7505,213200,31.27,RGB
Clothes,clothes3944_1.jpg,.jpg,533,400,1.3325,213200,23.17,RGB
Clothes,clothes3945_1.jpg,.jpg,424,400,1.06,169600,14.93,RGB
Clothes,clothes3946_1.jpg,.jpg,400,533,0.7505,213200,19.49,RGB
Clothes,clothes3947_1.jpg,.jpg,400,534,0.7491,213600,21.23,RGB
Clothes,clothes3948_1.jpg,.jpg,400,533,0.7505,213200,24.72,RGB
Clothes,clothes3949_1.jpg,.jpg,400,400,1.0,160000,13.98,RGB
Clothes,clothes395_1.jpg,.jpg,400,534,0.7491,213600,20.86,RGB
Clothes,clothes3950_1.jpg,.jpg,400,533,0.7505,213200,31.43,RGB
Clothes,clothes3951_1.jpg,.jpg,711,400,1.7775,284400,36.28,RGB
Clothes,clothes3952_1.jpg,.jpg,400,533,0.7505,213200,17.95,RGB
Clothes,clothes3953_1.jpg,.jpg,400,534,0.7491,213600,28.51,RGB
Clothes,clothes3954_1.jpg,.jpg,400,400,1.0,160000,16.43,RGB
Clothes,clothes3955_1.jpg,.jpg,400,485,0.8247,194000,24.28,RGB
Clothes,clothes3956_1.jpg,.jpg,400,534,0.7491,213600,33.42,RGB
Clothes,clothes3957_1.jpg,.jpg,400,534,0.7491,213600,19.26,RGB
Clothes,clothes3958_1.jpg,.jpg,400,533,0.7505,213200,21.7,RGB
Clothes,clothes3959_1.jpg,.jpg,400,573,0.6981,229200,28.47,RGB
Clothes,clothes396_1.jpg,.jpg,400,447,0.8949,178800,19.9,RGB
Clothes,clothes3960_1.jpg,.jpg,400,533,0.7505,213200,16.55,RGB
Clothes,clothes3961_1.jpg,.jpg,400,534,0.7491,213600,20.31,RGB
Clothes,clothes3962_1.jpg,.jpg,400,533,0.7505,213200,53.01,RGB
Clothes,clothes3963_1.jpg,.jpg,400,533,0.7505,213200,24.65,RGB
Clothes,clothes3964_1.jpg,.jpg,400,533,0.7505,213200,25.88,RGB
Clothes,clothes3965_1.jpg,.jpg,400,533,0.7505,213200,17.59,RGB
Clothes,clothes3966_1.jpg,.jpg,400,711,0.5626,284400,40.01,RGB
Clothes,clothes3967_1.jpg,.jpg,533,400,1.3325,213200,18.22,RGB
Clothes,clothes3968_1.jpg,.jpg,533,400,1.3325,213200,24.88,RGB
Clothes,clothes3969_1.jpg,.jpg,400,533,0.7505,213200,18.77,RGB
Clothes,clothes397_1.jpg,.jpg,400,533,0.7505,213200,18.32,RGB
Clothes,clothes3970_1.jpg,.jpg,400,400,1.0,160000,28.24,RGB
Clothes,clothes3971_1.jpg,.jpg,400,533,0.7505,213200,28.2,RGB
Clothes,clothes3972_1.jpg,.jpg,400,711,0.5626,284400,19.85,RGB
Clothes,clothes3973_1.jpg,.jpg,400,534,0.7491,213600,16.96,RGB
Clothes,clothes3974_1.jpg,.jpg,400,533,0.7505,213200,35.63,RGB
Clothes,clothes3975_1.jpg,.jpg,434,400,1.085,173600,20.93,RGB
Clothes,clothes3976_1.jpg,.jpg,400,533,0.7505,213200,16.22,RGB
Clothes,clothes3977_1.jpg,.jpg,400,533,0.7505,213200,34.63,RGB
Clothes,clothes3978_1.jpg,.jpg,400,448,0.8929,179200,14.46,RGB
Clothes,clothes3979_1.jpg,.jpg,400,534,0.7491,213600,21.09,RGB
Clothes,clothes398_1.jpg,.jpg,400,714,0.5602,285600,31.08,RGB
Clothes,clothes3980_1.jpg,.jpg,400,533,0.7505,213200,25.34,RGB
Clothes,clothes3981_1.jpg,.jpg,446,400,1.115,178400,30.66,RGB
Clothes,clothes3982_1.jpg,.jpg,400,533,0.7505,213200,27.75,RGB
Clothes,clothes3983_1.jpg,.jpg,419,400,1.0475,167600,25.01,RGB
Clothes,clothes3984_1.jpg,.jpg,400,533,0.7505,213200,22.29,RGB
Clothes,clothes3985_1.jpg,.jpg,400,711,0.5626,284400,23.17,RGB
Clothes,clothes3986_1.jpg,.jpg,400,634,0.6309,253600,41.88,RGB
Clothes,clothes3987_1.jpg,.jpg,400,533,0.7505,213200,28.11,RGB
Clothes,clothes3988_1.jpg,.jpg,533,400,1.3325,213200,27.94,RGB
Clothes,clothes3989_1.jpg,.jpg,400,711,0.5626,284400,20.09,RGB
Clothes,clothes399_1.jpg,.jpg,400,533,0.7505,213200,19.54,RGB
Clothes,clothes3990_1.jpg,.jpg,400,533,0.7505,213200,29.62,RGB
Clothes,clothes3991_1.jpg,.jpg,534,400,1.335,213600,19.88,RGB
Clothes,clothes3992_1.jpg,.jpg,534,400,1.335,213600,47.39,RGB
Clothes,clothes3993_1.jpg,.jpg,400,533,0.7505,213200,23.54,RGB
Clothes,clothes3994_1.jpg,.jpg,400,534,0.7491,213600,44.88,RGB
Clothes,clothes3995_1.jpg,.jpg,400,533,0.7505,213200,29.16,RGB
Clothes,clothes3996_1.jpg,.jpg,533,400,1.3325,213200,20.67,RGB
Clothes,clothes3997_1.jpg,.jpg,400,534,0.7491,213600,30.8,RGB
Clothes,clothes3998_1.jpg,.jpg,400,533,0.7505,213200,28.06,RGB
Clothes,clothes3999_1.jpg,.jpg,400,533,0.7505,213200,41.59,RGB
Clothes,clothes4_1.jpg,.jpg,400,533,0.7505,213200,32.95,RGB
Clothes,clothes40_1.jpg,.jpg,400,534,0.7491,213600,21.66,RGB
Clothes,clothes400_1.jpg,.jpg,400,534,0.7491,213600,22.07,RGB
Clothes,clothes4000_1.jpg,.jpg,400,533,0.7505,213200,28.45,RGB
Clothes,clothes4001_1.jpg,.jpg,400,533,0.7505,213200,35.02,RGB
Clothes,clothes4002_1.jpg,.jpg,400,534,0.7491,213600,45.25,RGB
Clothes,clothes4003_1.jpg,.jpg,400,457,0.8753,182800,12.77,RGB
Clothes,clothes4004_1.jpg,.jpg,400,711,0.5626,284400,15.53,RGB
Clothes,clothes4005_1.jpg,.jpg,400,533,0.7505,213200,61.43,RGB
Clothes,clothes4006_1.jpg,.jpg,400,534,0.7491,213600,16.46,RGB
Clothes,clothes4007_1.jpg,.jpg,400,711,0.5626,284400,48.74,RGB
Clothes,clothes4008_1.jpg,.jpg,400,534,0.7491,213600,20.63,RGB
Clothes,clothes4009_1.jpg,.jpg,400,533,0.7505,213200,19.84,RGB
Clothes,clothes401_1.jpg,.jpg,400,533,0.7505,213200,18.54,RGB
Clothes,clothes4010_1.jpg,.jpg,400,532,0.7519,212800,27.5,RGB
Clothes,clothes4011_1.jpg,.jpg,400,533,0.7505,213200,30.57,RGB
Clothes,clothes4012_1.jpg,.jpg,400,533,0.7505,213200,18.25,RGB
Clothes,clothes4013_1.jpg,.jpg,400,533,0.7505,213200,11.37,RGB
Clothes,clothes4014_1.jpg,.jpg,400,533,0.7505,213200,20.65,RGB
Clothes,clothes4015_1.jpg,.jpg,400,533,0.7505,213200,22.83,RGB
Clothes,clothes4016_1.jpg,.jpg,400,534,0.7491,213600,32.37,RGB
Clothes,clothes4017_1.jpg,.jpg,400,533,0.7505,213200,27.5,RGB
Clothes,clothes4018_1.jpg,.jpg,400,506,0.7905,202400,22.13,RGB
Clothes,clothes4019_1.jpg,.jpg,400,534,0.7491,213600,28.27,RGB
Clothes,clothes402_1.jpg,.jpg,400,534,0.7491,213600,13.73,RGB
Clothes,clothes4020_1.jpg,.jpg,400,533,0.7505,213200,17.92,RGB
Clothes,clothes4021_1.jpg,.jpg,400,711,0.5626,284400,15.46,RGB
Clothes,clothes4022_1.jpg,.jpg,534,400,1.335,213600,32.09,RGB
Clothes,clothes4023_1.jpg,.jpg,400,434,0.9217,173600,22.53,RGB
Clothes,clothes4024_1.jpg,.jpg,400,520,0.7692,208000,41.67,RGB
Clothes,clothes4025_1.jpg,.jpg,400,534,0.7491,213600,25.68,RGB
Clothes,clothes4026_1.jpg,.jpg,400,533,0.7505,213200,28.83,RGB
Clothes,clothes4027_1.jpg,.jpg,400,533,0.7505,213200,17.61,RGB
Clothes,clothes4028_1.jpg,.jpg,400,534,0.7491,213600,21.41,RGB
Clothes,clothes4029_1.jpg,.jpg,400,533,0.7505,213200,33.85,RGB
Clothes,clothes403_1.jpg,.jpg,400,476,0.8403,190400,22.42,RGB
Clothes,clothes4030_1.jpg,.jpg,532,400,1.33,212800,34.42,RGB
Clothes,clothes4031_1.jpg,.jpg,400,463,0.8639,185200,20.49,RGB
Clothes,clothes4032_1.jpg,.jpg,400,534,0.7491,213600,17.42,RGB
Clothes,clothes4033_1.jpg,.jpg,400,533,0.7505,213200,34.89,RGB
Clothes,clothes4034_1.jpg,.jpg,400,534,0.7491,213600,13.59,RGB
Clothes,clothes4035_1.jpg,.jpg,400,533,0.7505,213200,29.65,RGB
Clothes,clothes4036_1.jpg,.jpg,400,622,0.6431,248800,27.89,RGB
Clothes,clothes4037_1.jpg,.jpg,400,533,0.7505,213200,48.98,RGB
Clothes,clothes4038_1.jpg,.jpg,400,405,0.9877,162000,18.16,RGB
Clothes,clothes4039_1.jpg,.jpg,400,533,0.7505,213200,25.72,RGB
Clothes,clothes404_1.jpg,.jpg,400,469,0.8529,187600,22.21,RGB
Clothes,clothes4040_1.jpg,.jpg,400,533,0.7505,213200,22.32,RGB
Clothes,clothes4041_1.jpg,.jpg,400,533,0.7505,213200,23.01,RGB
Clothes,clothes4042_1.jpg,.jpg,400,534,0.7491,213600,24.25,RGB
Clothes,clothes4043_1.jpg,.jpg,400,435,0.9195,174000,21.23,RGB
Clothes,clothes4044_1.jpg,.jpg,533,400,1.3325,213200,29.47,RGB
Clothes,clothes4045_1.jpg,.jpg,400,533,0.7505,213200,34.1,RGB
Clothes,clothes4046_1.jpg,.jpg,400,533,0.7505,213200,19.06,RGB
Clothes,clothes4047_1.jpg,.jpg,534,400,1.335,213600,24.2,RGB
Clothes,clothes4048_1.jpg,.jpg,400,533,0.7505,213200,41.15,RGB
Clothes,clothes4049_1.jpg,.jpg,400,534,0.7491,213600,14.5,RGB
Clothes,clothes405_1.jpg,.jpg,400,533,0.7505,213200,20.06,RGB
Clothes,clothes4050_1.jpg,.jpg,400,533,0.7505,213200,32.15,RGB
Clothes,clothes4051_1.jpg,.jpg,400,533,0.7505,213200,23.19,RGB
Clothes,clothes4052_1.jpg,.jpg,400,533,0.7505,213200,16.65,RGB
Clothes,clothes4053_1.jpg,.jpg,400,571,0.7005,228400,34.47,RGB
Clothes,clothes4054_1.jpg,.jpg,400,631,0.6339,252400,32.88,RGB
Clothes,clothes4055_1.jpg,.jpg,400,533,0.7505,213200,28.02,RGB
Clothes,clothes4056_1.jpg,.jpg,400,402,0.995,160800,23.51,RGB
Clothes,clothes4057_1.jpg,.jpg,533,400,1.3325,213200,35.18,RGB
Clothes,clothes4058_1.jpg,.jpg,400,533,0.7505,213200,26.53,RGB
Clothes,clothes4059_1.jpg,.jpg,400,533,0.7505,213200,21.94,RGB
Clothes,clothes406_1.jpg,.jpg,400,400,1.0,160000,16.44,RGB
Clothes,clothes4060_1.jpg,.jpg,400,534,0.7491,213600,25.77,RGB
Clothes,clothes4061_1.jpg,.jpg,400,533,0.7505,213200,26.54,RGB
Clothes,clothes4062_1.jpg,.jpg,400,533,0.7505,213200,26.38,RGB
Clothes,clothes4063_1.jpg,.jpg,400,457,0.8753,182800,16.52,RGB
Clothes,clothes4064_1.jpg,.jpg,400,533,0.7505,213200,54.97,RGB
Clothes,clothes4065_1.jpg,.jpg,400,464,0.8621,185600,21.73,RGB
Clothes,clothes4066_1.jpg,.jpg,400,533,0.7505,213200,28.12,RGB
Clothes,clothes4067_1.jpg,.jpg,400,534,0.7491,213600,20.23,RGB
Clothes,clothes4068_1.jpg,.jpg,400,533,0.7505,213200,37.25,RGB
Clothes,clothes4069_1.jpg,.jpg,400,533,0.7505,213200,25.85,RGB
Clothes,clothes407_1.jpg,.jpg,400,533,0.7505,213200,11.93,RGB
Clothes,clothes4070_1.jpg,.jpg,400,533,0.7505,213200,50.47,RGB
Clothes,clothes4071_1.jpg,.jpg,400,499,0.8016,199600,32.37,RGB
Clothes,clothes4072_1.jpg,.jpg,400,533,0.7505,213200,26.48,RGB
Clothes,clothes4073_1.jpg,.jpg,400,533,0.7505,213200,29.88,RGB
Clothes,clothes4074_1.jpg,.jpg,400,533,0.7505,213200,13.52,RGB
Clothes,clothes4075_1.jpg,.jpg,400,533,0.7505,213200,24.09,RGB
Clothes,clothes4076_1.jpg,.jpg,400,400,1.0,160000,14.5,RGB
Clothes,clothes4077_1.jpg,.jpg,400,533,0.7505,213200,48.9,RGB
Clothes,clothes4078_1.jpg,.jpg,400,533,0.7505,213200,23.15,RGB
Clothes,clothes4079_1.jpg,.jpg,400,533,0.7505,213200,22.39,RGB
Clothes,clothes408_1.jpg,.jpg,400,533,0.7505,213200,30.02,RGB
Clothes,clothes4080_1.jpg,.jpg,400,534,0.7491,213600,14.9,RGB
Clothes,clothes4081_1.jpg,.jpg,400,533,0.7505,213200,27.95,RGB
Clothes,clothes4082_1.jpg,.jpg,400,534,0.7491,213600,13.07,RGB
Clothes,clothes4083_1.jpg,.jpg,400,601,0.6656,240400,34.59,RGB
Clothes,clothes4084_1.jpg,.jpg,400,533,0.7505,213200,26.8,RGB
Clothes,clothes4085_1.jpg,.jpg,400,533,0.7505,213200,14.92,RGB
Clothes,clothes4086_1.jpg,.jpg,400,534,0.7491,213600,24.64,RGB
Clothes,clothes4087_1.jpg,.jpg,400,711,0.5626,284400,18.84,RGB
Clothes,clothes4088_1.jpg,.jpg,600,400,1.5,240000,44.39,RGB
Clothes,clothes4089_1.jpg,.jpg,400,533,0.7505,213200,31.14,RGB
Clothes,clothes409_1.jpg,.jpg,608,400,1.52,243200,36.77,RGB
Clothes,clothes4090_1.jpg,.jpg,400,562,0.7117,224800,60.19,RGB
Clothes,clothes4091_1.jpg,.jpg,400,663,0.6033,265200,53.15,RGB
Clothes,clothes4092_1.jpg,.jpg,400,400,1.0,160000,19.41,RGB
Clothes,clothes4093_1.jpg,.jpg,533,400,1.3325,213200,33.15,RGB
Clothes,clothes4094_1.jpg,.jpg,400,533,0.7505,213200,37.59,RGB
Clothes,clothes4095_1.jpg,.jpg,400,472,0.8475,188800,19.01,RGB
Clothes,clothes4096_1.jpg,.jpg,400,533,0.7505,213200,33.62,RGB
Clothes,clothes4097_1.jpg,.jpg,400,436,0.9174,174400,15.12,RGB
Clothes,clothes4098_1.jpg,.jpg,400,450,0.8889,180000,28.49,RGB
Clothes,clothes4099_1.jpg,.jpg,400,533,0.7505,213200,44.75,RGB
Clothes,clothes41_1.jpg,.jpg,400,711,0.5626,284400,54.51,RGB
Clothes,clothes410_1.jpg,.jpg,435,400,1.0875,174000,22.53,RGB
Clothes,clothes4100_1.jpg,.jpg,400,437,0.9153,174800,23.0,RGB
Clothes,clothes4101_1.jpg,.jpg,533,400,1.3325,213200,30.07,RGB
Clothes,clothes4102_1.jpg,.jpg,400,533,0.7505,213200,35.93,RGB
Clothes,clothes4103_1.jpg,.jpg,400,494,0.8097,197600,28.47,RGB
Clothes,clothes4104_1.jpg,.jpg,400,533,0.7505,213200,20.68,RGB
Clothes,clothes4105_1.jpg,.jpg,400,533,0.7505,213200,50.92,RGB
Clothes,clothes4106_1.jpg,.jpg,465,400,1.1625,186000,24.88,RGB
Clothes,clothes4107_1.jpg,.jpg,711,400,1.7775,284400,32.66,RGB
Clothes,clothes4108_1.jpg,.jpg,400,533,0.7505,213200,40.81,RGB
Clothes,clothes4109_1.jpg,.jpg,400,533,0.7505,213200,32.27,RGB
Clothes,clothes411_1.jpg,.jpg,400,533,0.7505,213200,38.24,RGB
Clothes,clothes4110_1.jpg,.jpg,400,533,0.7505,213200,14.46,RGB
Clothes,clothes4111_1.jpg,.jpg,400,534,0.7491,213600,13.96,RGB
Clothes,clothes4112_1.jpg,.jpg,534,400,1.335,213600,21.23,RGB
Clothes,clothes4113_1.jpg,.jpg,400,533,0.7505,213200,32.53,RGB
Clothes,clothes4114_1.jpg,.jpg,711,400,1.7775,284400,35.38,RGB
Clothes,clothes4115_1.jpg,.jpg,400,534,0.7491,213600,36.9,RGB
Clothes,clothes4116_1.jpg,.jpg,400,533,0.7505,213200,17.95,RGB
Clothes,clothes4117_1.jpg,.jpg,400,535,0.7477,214000,19.22,RGB
Clothes,clothes4118_1.jpg,.jpg,400,534,0.7491,213600,15.71,RGB
Clothes,clothes4119_1.jpg,.jpg,400,533,0.7505,213200,18.09,RGB
Clothes,clothes412_1.jpg,.jpg,400,533,0.7505,213200,21.08,RGB
Clothes,clothes4120_1.jpg,.jpg,400,533,0.7505,213200,20.24,RGB
Clothes,clothes4121_1.jpg,.jpg,533,400,1.3325,213200,34.91,RGB
Clothes,clothes4122_1.jpg,.jpg,400,533,0.7505,213200,29.04,RGB
Clothes,clothes4123_1.jpg,.jpg,400,533,0.7505,213200,46.93,RGB
Clothes,clothes4124_1.jpg,.jpg,400,711,0.5626,284400,27.61,RGB
Clothes,clothes4125_1.jpg,.jpg,400,430,0.9302,172000,13.67,RGB
Clothes,clothes4126_1.jpg,.jpg,400,533,0.7505,213200,23.69,RGB
Clothes,clothes4127_1.jpg,.jpg,400,533,0.7505,213200,33.78,RGB
Clothes,clothes4128_1.jpg,.jpg,400,533,0.7505,213200,26.5,RGB
Clothes,clothes4129_1.jpg,.jpg,400,470,0.8511,188000,28.76,RGB
Clothes,clothes413_1.jpg,.jpg,400,533,0.7505,213200,19.67,RGB
Clothes,clothes4130_1.jpg,.jpg,400,711,0.5626,284400,50.06,RGB
Clothes,clothes4131_1.jpg,.jpg,400,711,0.5626,284400,41.68,RGB
Clothes,clothes4132_1.jpg,.jpg,400,533,0.7505,213200,23.53,RGB
Clothes,clothes4133_1.jpg,.jpg,400,533,0.7505,213200,16.74,RGB
Clothes,clothes4134_1.jpg,.jpg,400,534,0.7491,213600,14.43,RGB
Clothes,clothes4135_1.jpg,.jpg,400,534,0.7491,213600,29.16,RGB
Clothes,clothes4136_1.jpg,.jpg,401,400,1.0025,160400,12.41,RGB
Clothes,clothes4137_1.jpg,.jpg,400,533,0.7505,213200,30.56,RGB
Clothes,clothes4138_1.jpg,.jpg,533,400,1.3325,213200,27.87,RGB
Clothes,clothes4139_1.jpg,.jpg,400,533,0.7505,213200,26.67,RGB
Clothes,clothes414_1.jpg,.jpg,400,534,0.7491,213600,20.13,RGB
Clothes,clothes4140_1.jpg,.jpg,400,533,0.7505,213200,21.03,RGB
Clothes,clothes4141_1.jpg,.jpg,400,533,0.7505,213200,33.54,RGB
Clothes,clothes4142_1.jpg,.jpg,533,400,1.3325,213200,22.48,RGB
Clothes,clothes4143_1.jpg,.jpg,400,533,0.7505,213200,20.75,RGB
Clothes,clothes4144_1.jpg,.jpg,400,533,0.7505,213200,23.15,RGB
Clothes,clothes4145_1.jpg,.jpg,400,534,0.7491,213600,24.89,RGB
Clothes,clothes4146_1.jpg,.jpg,533,400,1.3325,213200,27.21,RGB
Clothes,clothes4147_1.jpg,.jpg,400,476,0.8403,190400,15.89,RGB
Clothes,clothes4148_1.jpg,.jpg,400,534,0.7491,213600,36.28,RGB
Clothes,clothes4149_1.jpg,.jpg,400,533,0.7505,213200,23.07,RGB
Clothes,clothes415_1.jpg,.jpg,400,534,0.7491,213600,20.75,RGB
Clothes,clothes4150_1.jpg,.jpg,400,533,0.7505,213200,17.57,RGB
Clothes,clothes4151_1.jpg,.jpg,400,534,0.7491,213600,12.46,RGB
Clothes,clothes4152_1.jpg,.jpg,534,400,1.335,213600,35.5,RGB
Clothes,clothes4153_1.jpg,.jpg,400,533,0.7505,213200,30.85,RGB
Clothes,clothes4154_1.jpg,.jpg,400,533,0.7505,213200,34.93,RGB
Clothes,clothes4155_1.jpg,.jpg,400,409,0.978,163600,18.35,RGB
Clothes,clothes4156_1.jpg,.jpg,400,533,0.7505,213200,51.41,RGB
Clothes,clothes4157_1.jpg,.jpg,400,533,0.7505,213200,27.18,RGB
Clothes,clothes4158_1.jpg,.jpg,554,400,1.385,221600,25.39,RGB
Clothes,clothes4159_1.jpg,.jpg,400,711,0.5626,284400,35.81,RGB
Clothes,clothes416_1.jpg,.jpg,400,533,0.7505,213200,41.63,RGB
Clothes,clothes4160_1.jpg,.jpg,400,533,0.7505,213200,25.02,RGB
Clothes,clothes4161_1.jpg,.jpg,533,400,1.3325,213200,18.79,RGB
Clothes,clothes4162_1.jpg,.jpg,711,400,1.7775,284400,67.16,RGB
Clothes,clothes4163_1.jpg,.jpg,400,534,0.7491,213600,21.53,RGB
Clothes,clothes4164_1.jpg,.jpg,533,400,1.3325,213200,44.26,RGB
Clothes,clothes4165_1.jpg,.jpg,400,772,0.5181,308800,56.9,RGB
Clothes,clothes4166_1.jpg,.jpg,400,534,0.7491,213600,14.42,RGB
Clothes,clothes4167_1.jpg,.jpg,400,687,0.5822,274800,48.14,RGB
Clothes,clothes4168_1.jpg,.jpg,400,533,0.7505,213200,26.67,RGB
Clothes,clothes4169_1.jpg,.jpg,400,712,0.5618,284800,27.32,RGB
Clothes,clothes417_1.jpg,.jpg,400,501,0.7984,200400,32.84,RGB
Clothes,clothes4170_1.jpg,.jpg,400,432,0.9259,172800,21.01,RGB
Clothes,clothes4171_1.jpg,.jpg,400,533,0.7505,213200,18.91,RGB
Clothes,clothes4172_1.jpg,.jpg,400,711,0.5626,284400,42.35,RGB
Clothes,clothes4173_1.jpg,.jpg,533,400,1.3325,213200,25.9,RGB
Clothes,clothes4174_1.jpg,.jpg,533,400,1.3325,213200,52.22,RGB
Clothes,clothes4175_1.jpg,.jpg,400,533,0.7505,213200,42.02,RGB
Clothes,clothes4176_1.jpg,.jpg,400,711,0.5626,284400,44.04,RGB
Clothes,clothes4177_1.jpg,.jpg,533,400,1.3325,213200,16.55,RGB
Clothes,clothes4178_1.jpg,.jpg,400,534,0.7491,213600,16.96,RGB
Clothes,clothes4179_1.jpg,.jpg,400,402,0.995,160800,15.74,RGB
Clothes,clothes418_1.jpg,.jpg,400,533,0.7505,213200,61.73,RGB
Clothes,clothes4180_1.jpg,.jpg,400,533,0.7505,213200,37.05,RGB
Clothes,clothes4181_1.jpg,.jpg,400,534,0.7491,213600,35.87,RGB
Clothes,clothes4182_1.jpg,.jpg,533,400,1.3325,213200,31.96,RGB
Clothes,clothes4183_1.jpg,.jpg,400,400,1.0,160000,17.16,RGB
Clothes,clothes4184_1.jpg,.jpg,400,533,0.7505,213200,27.88,RGB
Clothes,clothes4185_1.jpg,.jpg,400,711,0.5626,284400,33.7,RGB
Clothes,clothes4186_1.jpg,.jpg,400,534,0.7491,213600,21.65,RGB
Clothes,clothes4187_1.jpg,.jpg,400,533,0.7505,213200,27.6,RGB
Clothes,clothes4188_1.jpg,.jpg,400,533,0.7505,213200,25.8,RGB
Clothes,clothes4189_1.jpg,.jpg,400,534,0.7491,213600,17.01,RGB
Clothes,clothes419_1.jpg,.jpg,400,533,0.7505,213200,23.31,RGB
Clothes,clothes4190_1.jpg,.jpg,400,533,0.7505,213200,21.22,RGB
Clothes,clothes4191_1.jpg,.jpg,400,533,0.7505,213200,23.21,RGB
Clothes,clothes4192_1.jpg,.jpg,400,534,0.7491,213600,24.73,RGB
Clothes,clothes4193_1.jpg,.jpg,400,533,0.7505,213200,38.24,RGB
Clothes,clothes4194_1.jpg,.jpg,400,533,0.7505,213200,22.61,RGB
Clothes,clothes4195_1.jpg,.jpg,400,400,1.0,160000,18.68,RGB
Clothes,clothes4196_1.jpg,.jpg,534,400,1.335,213600,38.92,RGB
Clothes,clothes4197_1.jpg,.jpg,533,400,1.3325,213200,26.02,RGB
Clothes,clothes4198_1.jpg,.jpg,400,533,0.7505,213200,15.84,RGB
Clothes,clothes4199_1.jpg,.jpg,424,400,1.06,169600,25.03,RGB
Clothes,clothes42_1.jpg,.jpg,400,533,0.7505,213200,34.61,RGB
Clothes,clothes420_1.jpg,.jpg,400,534,0.7491,213600,21.39,RGB
Clothes,clothes4200_1.jpg,.jpg,533,400,1.3325,213200,26.94,RGB
Clothes,clothes4201_1.jpg,.jpg,400,533,0.7505,213200,24.92,RGB
Clothes,clothes4202_1.jpg,.jpg,400,534,0.7491,213600,22.7,RGB
Clothes,clothes4203_1.jpg,.jpg,400,668,0.5988,267200,43.37,RGB
Clothes,clothes4204_1.jpg,.jpg,400,534,0.7491,213600,22.05,RGB
Clothes,clothes4205_1.jpg,.jpg,400,400,1.0,160000,23.46,RGB
Clothes,clothes4206_1.jpg,.jpg,400,533,0.7505,213200,25.53,RGB
Clothes,clothes4207_1.jpg,.jpg,400,533,0.7505,213200,22.54,RGB
Clothes,clothes4208_1.jpg,.jpg,400,533,0.7505,213200,20.72,RGB
Clothes,clothes4209_1.jpg,.jpg,400,533,0.7505,213200,17.23,RGB
Clothes,clothes421_1.jpg,.jpg,400,532,0.7519,212800,51.46,RGB
Clothes,clothes4210_1.jpg,.jpg,400,710,0.5634,284000,46.44,RGB
Clothes,clothes4211_1.jpg,.jpg,400,533,0.7505,213200,30.3,RGB
Clothes,clothes4212_1.jpg,.jpg,400,533,0.7505,213200,23.99,RGB
Clothes,clothes4213_1.jpg,.jpg,400,533,0.7505,213200,20.05,RGB
Clothes,clothes4214_1.jpg,.jpg,400,711,0.5626,284400,30.07,RGB
Clothes,clothes4215_1.jpg,.jpg,400,533,0.7505,213200,30.73,RGB
Clothes,clothes4216_1.jpg,.jpg,400,534,0.7491,213600,27.62,RGB
Clothes,clothes4217_1.jpg,.jpg,400,534,0.7491,213600,24.77,RGB
Clothes,clothes4218_1.jpg,.jpg,566,400,1.415,226400,22.59,RGB
Clothes,clothes4219_1.jpg,.jpg,400,533,0.7505,213200,34.85,RGB
Clothes,clothes422_1.jpg,.jpg,534,400,1.335,213600,20.89,RGB
Clothes,clothes4220_1.jpg,.jpg,400,533,0.7505,213200,15.01,RGB
Clothes,clothes4221_1.jpg,.jpg,400,533,0.7505,213200,20.53,RGB
Clothes,clothes4222_1.jpg,.jpg,400,533,0.7505,213200,16.87,RGB
Clothes,clothes4223_1.jpg,.jpg,400,533,0.7505,213200,33.42,RGB
Clothes,clothes4224_1.jpg,.jpg,400,533,0.7505,213200,22.49,RGB
Clothes,clothes4225_1.jpg,.jpg,400,533,0.7505,213200,20.37,RGB
Clothes,clothes4226_1.jpg,.jpg,400,534,0.7491,213600,21.6,RGB
Clothes,clothes4227_1.jpg,.jpg,400,533,0.7505,213200,30.53,RGB
Clothes,clothes4228_1.jpg,.jpg,400,628,0.6369,251200,34.51,RGB
Clothes,clothes4229_1.jpg,.jpg,400,534,0.7491,213600,25.57,RGB
Clothes,clothes423_1.jpg,.jpg,400,711,0.5626,284400,15.1,RGB
Clothes,clothes4230_1.jpg,.jpg,400,533,0.7505,213200,23.95,RGB
Clothes,clothes4231_1.jpg,.jpg,400,533,0.7505,213200,21.43,RGB
Clothes,clothes4232_1.jpg,.jpg,400,534,0.7491,213600,22.87,RGB
Clothes,clothes4233_1.jpg,.jpg,400,533,0.7505,213200,24.08,RGB
Clothes,clothes4234_1.jpg,.jpg,400,711,0.5626,284400,26.31,RGB
Clothes,clothes4235_1.jpg,.jpg,400,647,0.6182,258800,15.07,RGB
Clothes,clothes4236_1.jpg,.jpg,400,534,0.7491,213600,19.74,RGB
Clothes,clothes4237_1.jpg,.jpg,400,534,0.7491,213600,17.92,RGB
Clothes,clothes4238_1.jpg,.jpg,400,594,0.6734,237600,17.12,RGB
Clothes,clothes4239_1.jpg,.jpg,400,533,0.7505,213200,25.29,RGB
Clothes,clothes424_1.jpg,.jpg,400,533,0.7505,213200,26.06,RGB
Clothes,clothes4240_1.jpg,.jpg,533,400,1.3325,213200,20.76,RGB
Clothes,clothes4241_1.jpg,.jpg,534,400,1.335,213600,24.5,RGB
Clothes,clothes4242_1.jpg,.jpg,400,533,0.7505,213200,29.81,RGB
Clothes,clothes4243_1.jpg,.jpg,400,533,0.7505,213200,22.95,RGB
Clothes,clothes4244_1.jpg,.jpg,400,534,0.7491,213600,15.99,RGB
Clothes,clothes4245_1.jpg,.jpg,400,429,0.9324,171600,16.82,RGB
Clothes,clothes4246_1.jpg,.jpg,400,533,0.7505,213200,15.58,RGB
Clothes,clothes4247_1.jpg,.jpg,400,533,0.7505,213200,30.74,RGB
Clothes,clothes4248_1.jpg,.jpg,534,400,1.335,213600,33.19,RGB
Clothes,clothes4249_1.jpg,.jpg,400,534,0.7491,213600,37.26,RGB
Clothes,clothes425_1.jpg,.jpg,534,400,1.335,213600,26.33,RGB
Clothes,clothes4250_1.jpg,.jpg,400,534,0.7491,213600,13.12,RGB
Clothes,clothes4251_1.jpg,.jpg,400,533,0.7505,213200,31.98,RGB
Clothes,clothes4252_1.jpg,.jpg,400,534,0.7491,213600,39.75,RGB
Clothes,clothes4253_1.jpg,.jpg,400,448,0.8929,179200,20.81,RGB
Clothes,clothes4254_1.jpg,.jpg,400,534,0.7491,213600,23.97,RGB
Clothes,clothes4255_1.jpg,.jpg,400,533,0.7505,213200,24.55,RGB
Clothes,clothes4256_1.jpg,.jpg,400,533,0.7505,213200,38.91,RGB
Clothes,clothes4257_1.jpg,.jpg,400,533,0.7505,213200,30.44,RGB
Clothes,clothes4258_1.jpg,.jpg,400,533,0.7505,213200,16.33,RGB
Clothes,clothes4259_1.jpg,.jpg,400,533,0.7505,213200,19.05,RGB
Clothes,clothes426_1.jpg,.jpg,400,460,0.8696,184000,21.41,RGB
Clothes,clothes4260_1.jpg,.jpg,400,533,0.7505,213200,16.79,RGB
Clothes,clothes4261_1.jpg,.jpg,400,472,0.8475,188800,23.89,RGB
Clothes,clothes4262_1.jpg,.jpg,533,400,1.3325,213200,34.16,RGB
Clothes,clothes4263_1.jpg,.jpg,400,711,0.5626,284400,20.91,RGB
Clothes,clothes4264_1.jpg,.jpg,400,534,0.7491,213600,28.23,RGB
Clothes,clothes4265_1.jpg,.jpg,400,400,1.0,160000,18.34,RGB
Clothes,clothes4266_1.jpg,.jpg,400,533,0.7505,213200,13.95,RGB
Clothes,clothes4267_1.jpg,.jpg,400,534,0.7491,213600,20.29,RGB
Clothes,clothes4268_1.jpg,.jpg,400,667,0.5997,266800,36.65,RGB
Clothes,clothes4269_1.jpg,.jpg,400,533,0.7505,213200,35.18,RGB
Clothes,clothes427_1.jpg,.jpg,400,712,0.5618,284800,33.17,RGB
Clothes,clothes4270_1.jpg,.jpg,400,533,0.7505,213200,43.25,RGB
Clothes,clothes4271_1.jpg,.jpg,400,711,0.5626,284400,41.09,RGB
Clothes,clothes4272_1.jpg,.jpg,400,533,0.7505,213200,25.18,RGB
Clothes,clothes4273_1.jpg,.jpg,400,533,0.7505,213200,38.19,RGB
Clothes,clothes4274_1.jpg,.jpg,400,533,0.7505,213200,29.9,RGB
Clothes,clothes4275_1.jpg,.jpg,400,533,0.7505,213200,22.61,RGB
Clothes,clothes4276_1.jpg,.jpg,400,534,0.7491,213600,21.28,RGB
Clothes,clothes4277_1.jpg,.jpg,400,533,0.7505,213200,25.5,RGB
Clothes,clothes4278_1.jpg,.jpg,400,711,0.5626,284400,38.83,RGB
Clothes,clothes4279_1.jpg,.jpg,400,533,0.7505,213200,21.64,RGB
Clothes,clothes428_1.jpg,.jpg,403,400,1.0075,161200,22.86,RGB
Clothes,clothes4280_1.jpg,.jpg,400,533,0.7505,213200,28.83,RGB
Clothes,clothes4281_1.jpg,.jpg,400,533,0.7505,213200,25.22,RGB
Clothes,clothes4282_1.jpg,.jpg,400,533,0.7505,213200,31.3,RGB
Clothes,clothes4283_1.jpg,.jpg,400,711,0.5626,284400,36.83,RGB
Clothes,clothes4284_1.jpg,.jpg,400,533,0.7505,213200,35.63,RGB
Clothes,clothes4285_1.jpg,.jpg,400,533,0.7505,213200,24.31,RGB
Clothes,clothes4286_1.jpg,.jpg,400,429,0.9324,171600,15.85,RGB
Clothes,clothes4287_1.jpg,.jpg,400,400,1.0,160000,35.51,RGB
Clothes,clothes4288_1.jpg,.jpg,400,533,0.7505,213200,33.47,RGB
Clothes,clothes4289_1.jpg,.jpg,400,534,0.7491,213600,21.33,RGB
Clothes,clothes429_1.jpg,.jpg,400,711,0.5626,284400,43.93,RGB
Clothes,clothes4290_1.jpg,.jpg,711,400,1.7775,284400,38.71,RGB
Clothes,clothes4291_1.jpg,.jpg,400,533,0.7505,213200,25.92,RGB
Clothes,clothes4292_1.jpg,.jpg,400,549,0.7286,219600,10.34,RGB
Clothes,clothes4293_1.jpg,.jpg,400,533,0.7505,213200,18.41,RGB
Clothes,clothes4294_1.jpg,.jpg,400,534,0.7491,213600,14.01,RGB
Clothes,clothes4295_1.jpg,.jpg,400,494,0.8097,197600,17.43,RGB
Clothes,clothes4296_1.jpg,.jpg,400,533,0.7505,213200,66.66,RGB
Clothes,clothes4297_1.jpg,.jpg,400,533,0.7505,213200,33.75,RGB
Clothes,clothes4298_1.jpg,.jpg,400,533,0.7505,213200,22.23,RGB
Clothes,clothes4299_1.jpg,.jpg,400,533,0.7505,213200,23.81,RGB
Clothes,clothes43_1.jpg,.jpg,400,534,0.7491,213600,19.98,RGB
Clothes,clothes430_1.jpg,.jpg,400,532,0.7519,212800,25.94,RGB
Clothes,clothes4300_1.jpg,.jpg,400,533,0.7505,213200,26.89,RGB
Clothes,clothes4301_1.jpg,.jpg,400,534,0.7491,213600,14.78,RGB
Clothes,clothes4302_1.jpg,.jpg,400,400,1.0,160000,10.09,RGB
Clothes,clothes4303_1.jpg,.jpg,400,533,0.7505,213200,14.14,RGB
Clothes,clothes4304_1.jpg,.jpg,400,533,0.7505,213200,16.52,RGB
Clothes,clothes4305_1.jpg,.jpg,400,533,0.7505,213200,26.42,RGB
Clothes,clothes4306_1.jpg,.jpg,400,533,0.7505,213200,36.63,RGB
Clothes,clothes4307_1.jpg,.jpg,400,533,0.7505,213200,42.95,RGB
Clothes,clothes4308_1.jpg,.jpg,400,533,0.7505,213200,15.4,RGB
Clothes,clothes4309_1.jpg,.jpg,400,481,0.8316,192400,34.46,RGB
Clothes,clothes431_1.jpg,.jpg,400,534,0.7491,213600,25.42,RGB
Clothes,clothes4310_1.jpg,.jpg,400,534,0.7491,213600,16.57,RGB
Clothes,clothes4311_1.jpg,.jpg,400,533,0.7505,213200,21.98,RGB
Clothes,clothes4312_1.jpg,.jpg,400,533,0.7505,213200,57.7,RGB
Clothes,clothes4313_1.jpg,.jpg,400,533,0.7505,213200,22.17,RGB
Clothes,clothes4314_1.jpg,.jpg,533,400,1.3325,213200,21.85,RGB
Clothes,clothes4315_1.jpg,.jpg,400,533,0.7505,213200,24.29,RGB
Clothes,clothes4316_1.jpg,.jpg,400,711,0.5626,284400,52.8,RGB
Clothes,clothes4317_1.jpg,.jpg,400,533,0.7505,213200,23.48,RGB
Clothes,clothes4318_1.jpg,.jpg,400,533,0.7505,213200,22.79,RGB
Clothes,clothes4319_1.jpg,.jpg,463,400,1.1575,185200,33.0,RGB
Clothes,clothes432_1.jpg,.jpg,400,533,0.7505,213200,17.14,RGB
Clothes,clothes4320_1.jpg,.jpg,400,534,0.7491,213600,16.52,RGB
Clothes,clothes4321_1.jpg,.jpg,400,533,0.7505,213200,17.81,RGB
Clothes,clothes4322_1.jpg,.jpg,464,400,1.16,185600,28.5,RGB
Clothes,clothes4323_1.jpg,.jpg,400,425,0.9412,170000,17.47,RGB
Clothes,clothes4324_1.jpg,.jpg,400,636,0.6289,254400,36.85,RGB
Clothes,clothes4325_1.jpg,.jpg,601,400,1.5025,240400,31.55,RGB
Clothes,clothes4326_1.jpg,.jpg,400,400,1.0,160000,17.77,RGB
Clothes,clothes4327_1.jpg,.jpg,400,534,0.7491,213600,18.75,RGB
Clothes,clothes4328_1.jpg,.jpg,400,533,0.7505,213200,19.98,RGB
Clothes,clothes4329_1.jpg,.jpg,400,533,0.7505,213200,23.36,RGB
Clothes,clothes433_1.jpg,.jpg,400,533,0.7505,213200,37.09,RGB
Clothes,clothes4330_1.jpg,.jpg,400,533,0.7505,213200,31.4,RGB
Clothes,clothes4331_1.jpg,.jpg,400,711,0.5626,284400,19.66,RGB
Clothes,clothes4332_1.jpg,.jpg,400,534,0.7491,213600,42.17,RGB
Clothes,clothes4333_1.jpg,.jpg,400,711,0.5626,284400,45.0,RGB
Clothes,clothes4334_1.jpg,.jpg,400,533,0.7505,213200,37.31,RGB
Clothes,clothes4335_1.jpg,.jpg,400,533,0.7505,213200,27.67,RGB
Clothes,clothes4336_1.jpg,.jpg,400,466,0.8584,186400,33.04,RGB
Clothes,clothes4337_1.jpg,.jpg,400,711,0.5626,284400,39.02,RGB
Clothes,clothes4338_1.jpg,.jpg,400,534,0.7491,213600,36.57,RGB
Clothes,clothes4339_1.jpg,.jpg,400,533,0.7505,213200,18.9,RGB
Clothes,clothes434_1.jpg,.jpg,400,533,0.7505,213200,33.58,RGB
Clothes,clothes4340_1.jpg,.jpg,400,533,0.7505,213200,15.97,RGB
Clothes,clothes4341_1.jpg,.jpg,400,533,0.7505,213200,49.5,RGB
Clothes,clothes4342_1.jpg,.jpg,400,534,0.7491,213600,18.1,RGB
Clothes,clothes4343_1.jpg,.jpg,400,533,0.7505,213200,22.71,RGB
Clothes,clothes4344_1.jpg,.jpg,400,534,0.7491,213600,14.8,RGB
Clothes,clothes4345_1.jpg,.jpg,400,533,0.7505,213200,21.47,RGB
Clothes,clothes4346_1.jpg,.jpg,400,533,0.7505,213200,51.84,RGB
Clothes,clothes4347_1.jpg,.jpg,400,533,0.7505,213200,41.28,RGB
Clothes,clothes4348_1.jpg,.jpg,400,534,0.7491,213600,18.61,RGB
Clothes,clothes4349_1.jpg,.jpg,400,533,0.7505,213200,35.37,RGB
Clothes,clothes435_1.jpg,.jpg,400,533,0.7505,213200,30.75,RGB
Clothes,clothes4350_1.jpg,.jpg,400,534,0.7491,213600,36.4,RGB
Clothes,clothes4351_1.jpg,.jpg,400,431,0.9281,172400,25.07,RGB
Clothes,clothes4352_1.jpg,.jpg,400,533,0.7505,213200,25.61,RGB
Clothes,clothes4353_1.jpg,.jpg,533,400,1.3325,213200,33.19,RGB
Clothes,clothes4354_1.jpg,.jpg,400,533,0.7505,213200,14.43,RGB
Clothes,clothes4355_1.jpg,.jpg,400,411,0.9732,164400,17.0,RGB
Clothes,clothes4356_1.jpg,.jpg,534,400,1.335,213600,31.8,RGB
Clothes,clothes4357_1.jpg,.jpg,400,461,0.8677,184400,36.06,RGB
Clothes,clothes4358_1.jpg,.jpg,533,400,1.3325,213200,25.64,RGB
Clothes,clothes4359_1.jpg,.jpg,400,533,0.7505,213200,19.62,RGB
Clothes,clothes436_1.jpg,.jpg,400,413,0.9685,165200,14.31,RGB
Clothes,clothes4360_1.jpg,.jpg,400,533,0.7505,213200,19.53,RGB
Clothes,clothes4361_1.jpg,.jpg,400,534,0.7491,213600,22.56,RGB
Clothes,clothes4362_1.jpg,.jpg,534,400,1.335,213600,34.49,RGB
Clothes,clothes4363_1.jpg,.jpg,400,711,0.5626,284400,21.68,RGB
Clothes,clothes4364_1.jpg,.jpg,400,533,0.7505,213200,48.54,RGB
Clothes,clothes4365_1.jpg,.jpg,534,400,1.335,213600,25.88,RGB
Clothes,clothes4366_1.jpg,.jpg,400,533,0.7505,213200,15.83,RGB
Clothes,clothes4367_1.jpg,.jpg,400,533,0.7505,213200,19.37,RGB
Clothes,clothes4368_1.jpg,.jpg,400,534,0.7491,213600,17.89,RGB
Clothes,clothes4369_1.jpg,.jpg,400,534,0.7491,213600,22.26,RGB
Clothes,clothes437_1.jpg,.jpg,400,534,0.7491,213600,12.79,RGB
Clothes,clothes4370_1.jpg,.jpg,400,533,0.7505,213200,63.54,RGB
Clothes,clothes4371_1.jpg,.jpg,400,711,0.5626,284400,21.56,RGB
Clothes,clothes4372_1.jpg,.jpg,400,533,0.7505,213200,44.72,RGB
Clothes,clothes4373_1.jpg,.jpg,400,533,0.7505,213200,35.78,RGB
Clothes,clothes4374_1.jpg,.jpg,400,533,0.7505,213200,45.67,RGB
Clothes,clothes4375_1.jpg,.jpg,400,533,0.7505,213200,26.63,RGB
Clothes,clothes4376_1.jpg,.jpg,400,533,0.7505,213200,19.4,RGB
Clothes,clothes4377_1.jpg,.jpg,400,468,0.8547,187200,33.6,RGB
Clothes,clothes4378_1.jpg,.jpg,400,533,0.7505,213200,28.54,RGB
Clothes,clothes4379_1.jpg,.jpg,400,711,0.5626,284400,43.09,RGB
Clothes,clothes438_1.jpg,.jpg,400,533,0.7505,213200,14.03,RGB
Clothes,clothes4380_1.jpg,.jpg,400,533,0.7505,213200,13.12,RGB
Clothes,clothes4381_1.jpg,.jpg,400,533,0.7505,213200,18.72,RGB
Clothes,clothes4382_1.jpg,.jpg,400,400,1.0,160000,26.23,RGB
Clothes,clothes4383_1.jpg,.jpg,400,533,0.7505,213200,22.91,RGB
Clothes,clothes4384_1.jpg,.jpg,400,533,0.7505,213200,34.35,RGB
Clothes,clothes4385_1.jpg,.jpg,533,400,1.3325,213200,38.49,RGB
Clothes,clothes4386_1.jpg,.jpg,400,533,0.7505,213200,35.33,RGB
Clothes,clothes4387_1.jpg,.jpg,400,534,0.7491,213600,26.57,RGB
Clothes,clothes4388_1.jpg,.jpg,400,405,0.9877,162000,30.77,RGB
Clothes,clothes4389_1.jpg,.jpg,400,533,0.7505,213200,24.94,RGB
Clothes,clothes439_1.jpg,.jpg,400,533,0.7505,213200,22.97,RGB
Clothes,clothes4390_1.jpg,.jpg,400,534,0.7491,213600,24.49,RGB
Clothes,clothes4391_1.jpg,.jpg,400,533,0.7505,213200,31.96,RGB
Clothes,clothes4392_1.jpg,.jpg,400,612,0.6536,244800,26.8,RGB
Clothes,clothes4393_1.jpg,.jpg,400,534,0.7491,213600,19.17,RGB
Clothes,clothes4394_1.jpg,.jpg,400,533,0.7505,213200,27.44,RGB
Clothes,clothes4395_1.jpg,.jpg,400,400,1.0,160000,10.07,RGB
Clothes,clothes4396_1.jpg,.jpg,400,533,0.7505,213200,29.24,RGB
Clothes,clothes4397_1.jpg,.jpg,400,555,0.7207,222000,28.33,RGB
Clothes,clothes4398_1.jpg,.jpg,400,534,0.7491,213600,31.35,RGB
Clothes,clothes4399_1.jpg,.jpg,533,400,1.3325,213200,34.04,RGB
Clothes,clothes44_1.jpg,.jpg,400,533,0.7505,213200,28.71,RGB
Clothes,clothes440_1.jpg,.jpg,400,533,0.7505,213200,32.17,RGB
Clothes,clothes4400_1.jpg,.jpg,400,533,0.7505,213200,24.27,RGB
Clothes,clothes4401_1.jpg,.jpg,533,400,1.3325,213200,40.57,RGB
Clothes,clothes4402_1.jpg,.jpg,534,400,1.335,213600,25.16,RGB
Clothes,clothes4403_1.jpg,.jpg,400,431,0.9281,172400,36.18,RGB
Clothes,clothes4404_1.jpg,.jpg,400,533,0.7505,213200,47.04,RGB
Clothes,clothes4405_1.jpg,.jpg,400,711,0.5626,284400,21.2,RGB
Clothes,clothes4406_1.jpg,.jpg,400,533,0.7505,213200,15.98,RGB
Clothes,clothes4407_1.jpg,.jpg,400,533,0.7505,213200,33.21,RGB
Clothes,clothes4408_1.jpg,.jpg,400,534,0.7491,213600,13.66,RGB
Clothes,clothes4409_1.jpg,.jpg,847,400,2.1175,338800,65.19,RGB
Clothes,clothes441_1.jpg,.jpg,400,533,0.7505,213200,32.32,RGB
Clothes,clothes4410_1.jpg,.jpg,400,444,0.9009,177600,27.24,RGB
Clothes,clothes4411_1.jpg,.jpg,400,533,0.7505,213200,29.48,RGB
Clothes,clothes4412_1.jpg,.jpg,400,534,0.7491,213600,19.38,RGB
Clothes,clothes4413_1.jpg,.jpg,400,533,0.7505,213200,30.08,RGB
Clothes,clothes4414_1.jpg,.jpg,400,534,0.7491,213600,24.27,RGB
Clothes,clothes4415_1.jpg,.jpg,429,400,1.0725,171600,22.56,RGB
Clothes,clothes4416_1.jpg,.jpg,400,533,0.7505,213200,34.11,RGB
Clothes,clothes4417_1.jpg,.jpg,400,583,0.6861,233200,29.09,RGB
Clothes,clothes4418_1.jpg,.jpg,400,573,0.6981,229200,20.76,RGB
Clothes,clothes4419_1.jpg,.jpg,400,533,0.7505,213200,29.37,RGB
Clothes,clothes442_1.jpg,.jpg,400,533,0.7505,213200,25.01,RGB
Clothes,clothes4420_1.jpg,.jpg,400,533,0.7505,213200,24.1,RGB
Clothes,clothes4421_1.jpg,.jpg,400,534,0.7491,213600,15.07,RGB
Clothes,clothes4422_1.jpg,.jpg,400,533,0.7505,213200,26.06,RGB
Clothes,clothes4423_1.jpg,.jpg,424,400,1.06,169600,21.22,RGB
Clothes,clothes4424_1.jpg,.jpg,400,711,0.5626,284400,26.07,RGB
Clothes,clothes4425_1.jpg,.jpg,400,533,0.7505,213200,17.1,RGB
Clothes,clothes4426_1.jpg,.jpg,400,534,0.7491,213600,22.84,RGB
Clothes,clothes4427_1.jpg,.jpg,400,533,0.7505,213200,17.57,RGB
Clothes,clothes4428_1.jpg,.jpg,400,533,0.7505,213200,42.06,RGB
Clothes,clothes4429_1.jpg,.jpg,400,533,0.7505,213200,56.5,RGB
Clothes,clothes443_1.jpg,.jpg,400,429,0.9324,171600,15.81,RGB
Clothes,clothes4430_1.jpg,.jpg,400,533,0.7505,213200,22.95,RGB
Clothes,clothes4431_1.jpg,.jpg,400,533,0.7505,213200,22.84,RGB
Clothes,clothes4432_1.jpg,.jpg,534,400,1.335,213600,41.2,RGB
Clothes,clothes4433_1.jpg,.jpg,400,534,0.7491,213600,27.95,RGB
Clothes,clothes4434_1.jpg,.jpg,400,533,0.7505,213200,36.18,RGB
Clothes,clothes4435_1.jpg,.jpg,400,533,0.7505,213200,22.4,RGB
Clothes,clothes4436_1.jpg,.jpg,534,400,1.335,213600,33.12,RGB
Clothes,clothes4437_1.jpg,.jpg,400,711,0.5626,284400,32.6,RGB
Clothes,clothes4438_1.jpg,.jpg,400,532,0.7519,212800,29.03,RGB
Clothes,clothes4439_1.jpg,.jpg,400,533,0.7505,213200,24.64,RGB
Clothes,clothes444_1.jpg,.jpg,400,711,0.5626,284400,26.54,RGB
Clothes,clothes4440_1.jpg,.jpg,400,534,0.7491,213600,24.49,RGB
Clothes,clothes4441_1.jpg,.jpg,400,712,0.5618,284800,19.28,RGB
Clothes,clothes4442_1.jpg,.jpg,400,533,0.7505,213200,31.62,RGB
Clothes,clothes4443_1.jpg,.jpg,400,533,0.7505,213200,13.57,RGB
Clothes,clothes4444_1.jpg,.jpg,400,533,0.7505,213200,14.97,RGB
Clothes,clothes4445_1.jpg,.jpg,400,534,0.7491,213600,17.21,RGB
Clothes,clothes4446_1.jpg,.jpg,400,436,0.9174,174400,17.68,RGB
Clothes,clothes4447_1.jpg,.jpg,400,533,0.7505,213200,49.62,RGB
Clothes,clothes4448_1.jpg,.jpg,400,534,0.7491,213600,15.33,RGB
Clothes,clothes4449_1.jpg,.jpg,400,533,0.7505,213200,25.42,RGB
Clothes,clothes445_1.jpg,.jpg,400,533,0.7505,213200,16.05,RGB
Clothes,clothes4450_1.jpg,.jpg,533,400,1.3325,213200,31.11,RGB
Clothes,clothes4451_1.jpg,.jpg,400,534,0.7491,213600,33.99,RGB
Clothes,clothes4452_1.jpg,.jpg,400,533,0.7505,213200,23.85,RGB
Clothes,clothes4453_1.jpg,.jpg,711,400,1.7775,284400,33.36,RGB
Clothes,clothes4454_1.jpg,.jpg,400,498,0.8032,199200,37.43,RGB
Clothes,clothes4455_1.jpg,.jpg,400,537,0.7449,214800,30.57,RGB
Clothes,clothes4456_1.jpg,.jpg,400,400,1.0,160000,17.33,RGB
Clothes,clothes4457_1.jpg,.jpg,400,533,0.7505,213200,29.38,RGB
Clothes,clothes4458_1.jpg,.jpg,400,534,0.7491,213600,28.53,RGB
Clothes,clothes4459_1.jpg,.jpg,400,534,0.7491,213600,18.33,RGB
Clothes,clothes446_1.jpg,.jpg,400,533,0.7505,213200,36.93,RGB
Clothes,clothes4460_1.jpg,.jpg,400,400,1.0,160000,16.41,RGB
Clothes,clothes4461_1.jpg,.jpg,400,533,0.7505,213200,16.76,RGB
Clothes,clothes4462_1.jpg,.jpg,400,533,0.7505,213200,46.17,RGB
Clothes,clothes4463_1.jpg,.jpg,711,400,1.7775,284400,21.61,RGB
Clothes,clothes4464_1.jpg,.jpg,400,711,0.5626,284400,23.81,RGB
Clothes,clothes4465_1.jpg,.jpg,479,400,1.1975,191600,32.84,RGB
Clothes,clothes4466_1.jpg,.jpg,400,533,0.7505,213200,43.6,RGB
Clothes,clothes4467_1.jpg,.jpg,400,532,0.7519,212800,19.67,RGB
Clothes,clothes4468_1.jpg,.jpg,711,400,1.7775,284400,54.31,RGB
Clothes,clothes4469_1.jpg,.jpg,400,533,0.7505,213200,31.99,RGB
Clothes,clothes447_1.jpg,.jpg,400,533,0.7505,213200,43.95,RGB
Clothes,clothes4470_1.jpg,.jpg,400,534,0.7491,213600,28.82,RGB
Clothes,clothes4471_1.jpg,.jpg,400,534,0.7491,213600,13.29,RGB
Clothes,clothes4472_1.jpg,.jpg,534,400,1.335,213600,21.42,RGB
Clothes,clothes4473_1.jpg,.jpg,533,400,1.3325,213200,30.29,RGB
Clothes,clothes4474_1.jpg,.jpg,400,533,0.7505,213200,46.06,RGB
Clothes,clothes4475_1.jpg,.jpg,400,533,0.7505,213200,17.43,RGB
Clothes,clothes4476_1.jpg,.jpg,400,533,0.7505,213200,19.62,RGB
Clothes,clothes4477_1.jpg,.jpg,400,711,0.5626,284400,20.33,RGB
Clothes,clothes4478_1.jpg,.jpg,400,423,0.9456,169200,14.1,RGB
Clothes,clothes4479_1.jpg,.jpg,400,711,0.5626,284400,30.38,RGB
Clothes,clothes448_1.jpg,.jpg,400,533,0.7505,213200,21.45,RGB
Clothes,clothes4480_1.jpg,.jpg,400,534,0.7491,213600,22.09,RGB
Clothes,clothes4481_1.jpg,.jpg,400,533,0.7505,213200,19.03,RGB
Clothes,clothes4482_1.jpg,.jpg,400,513,0.7797,205200,23.32,RGB
Clothes,clothes4483_1.jpg,.jpg,400,533,0.7505,213200,17.54,RGB
Clothes,clothes4484_1.jpg,.jpg,400,533,0.7505,213200,32.15,RGB
Clothes,clothes4485_1.jpg,.jpg,400,533,0.7505,213200,17.04,RGB
Clothes,clothes4486_1.jpg,.jpg,400,495,0.8081,198000,37.36,RGB
Clothes,clothes4487_1.jpg,.jpg,400,533,0.7505,213200,21.2,RGB
Clothes,clothes4488_1.jpg,.jpg,534,400,1.335,213600,18.42,RGB
Clothes,clothes4489_1.jpg,.jpg,711,400,1.7775,284400,40.22,RGB
Clothes,clothes449_1.jpg,.jpg,400,711,0.5626,284400,21.8,RGB
Clothes,clothes4490_1.jpg,.jpg,400,533,0.7505,213200,25.22,RGB
Clothes,clothes4491_1.jpg,.jpg,400,533,0.7505,213200,30.53,RGB
Clothes,clothes4492_1.jpg,.jpg,400,711,0.5626,284400,51.66,RGB
Clothes,clothes4493_1.jpg,.jpg,400,533,0.7505,213200,16.88,RGB
Clothes,clothes4494_1.jpg,.jpg,400,534,0.7491,213600,25.11,RGB
Clothes,clothes4495_1.jpg,.jpg,711,400,1.7775,284400,23.15,RGB
Clothes,clothes4496_1.jpg,.jpg,533,400,1.3325,213200,21.75,RGB
Clothes,clothes4497_1.jpg,.jpg,400,437,0.9153,174800,15.3,RGB
Clothes,clothes4498_1.jpg,.jpg,533,400,1.3325,213200,23.12,RGB
Clothes,clothes4499_1.jpg,.jpg,400,533,0.7505,213200,30.13,RGB
Clothes,clothes45_1.jpg,.jpg,400,532,0.7519,212800,20.42,RGB
Clothes,clothes450_1.jpg,.jpg,400,533,0.7505,213200,54.32,RGB
Clothes,clothes4500_1.jpg,.jpg,400,533,0.7505,213200,21.45,RGB
Clothes,clothes4501_1.jpg,.jpg,400,711,0.5626,284400,28.0,RGB
Clothes,clothes4502_1.jpg,.jpg,400,533,0.7505,213200,13.83,RGB
Clothes,clothes4503_1.jpg,.jpg,400,534,0.7491,213600,14.34,RGB
Clothes,clothes4504_1.jpg,.jpg,400,711,0.5626,284400,28.44,RGB
Clothes,clothes4505_1.jpg,.jpg,400,534,0.7491,213600,18.07,RGB
Clothes,clothes4506_1.jpg,.jpg,400,533,0.7505,213200,23.35,RGB
Clothes,clothes4507_1.jpg,.jpg,400,711,0.5626,284400,36.99,RGB
Clothes,clothes4508_1.jpg,.jpg,400,533,0.7505,213200,18.19,RGB
Clothes,clothes4509_1.jpg,.jpg,400,534,0.7491,213600,19.65,RGB
Clothes,clothes451_1.jpg,.jpg,400,711,0.5626,284400,24.95,RGB
Clothes,clothes4510_1.jpg,.jpg,400,533,0.7505,213200,21.16,RGB
Clothes,clothes4511_1.jpg,.jpg,400,533,0.7505,213200,38.73,RGB
Clothes,clothes4512_1.jpg,.jpg,400,533,0.7505,213200,26.7,RGB
Clothes,clothes4513_1.jpg,.jpg,400,533,0.7505,213200,34.75,RGB
Clothes,clothes4514_1.jpg,.jpg,400,533,0.7505,213200,33.9,RGB
Clothes,clothes4515_1.jpg,.jpg,400,533,0.7505,213200,22.17,RGB
Clothes,clothes4516_1.jpg,.jpg,400,533,0.7505,213200,45.52,RGB
Clothes,clothes4517_1.jpg,.jpg,400,481,0.8316,192400,25.23,RGB
Clothes,clothes4518_1.jpg,.jpg,400,533,0.7505,213200,31.49,RGB
Clothes,clothes4519_1.jpg,.jpg,400,533,0.7505,213200,15.52,RGB
Clothes,clothes452_1.jpg,.jpg,400,705,0.5674,282000,27.51,RGB
Clothes,clothes4520_1.jpg,.jpg,400,533,0.7505,213200,27.27,RGB
Clothes,clothes4521_1.jpg,.jpg,400,533,0.7505,213200,34.25,RGB
Clothes,clothes4522_1.jpg,.jpg,400,533,0.7505,213200,29.41,RGB
Clothes,clothes4523_1.jpg,.jpg,400,534,0.7491,213600,14.76,RGB
Clothes,clothes4524_1.jpg,.jpg,400,533,0.7505,213200,39.37,RGB
Clothes,clothes4525_1.jpg,.jpg,400,711,0.5626,284400,35.73,RGB
Clothes,clothes4526_1.jpg,.jpg,400,533,0.7505,213200,21.62,RGB
Clothes,clothes4527_1.jpg,.jpg,400,533,0.7505,213200,27.53,RGB
Clothes,clothes4528_1.jpg,.jpg,400,533,0.7505,213200,12.41,RGB
Clothes,clothes4529_1.jpg,.jpg,400,533,0.7505,213200,13.38,RGB
Clothes,clothes453_1.jpg,.jpg,400,533,0.7505,213200,21.03,RGB
Clothes,clothes4530_1.jpg,.jpg,400,533,0.7505,213200,25.71,RGB
Clothes,clothes4531_1.jpg,.jpg,400,534,0.7491,213600,26.01,RGB
Clothes,clothes4532_1.jpg,.jpg,400,533,0.7505,213200,53.09,RGB
Clothes,clothes4533_1.jpg,.jpg,400,533,0.7505,213200,24.41,RGB
Clothes,clothes4534_1.jpg,.jpg,400,533,0.7505,213200,26.43,RGB
Clothes,clothes4535_1.jpg,.jpg,533,400,1.3325,213200,26.54,RGB
Clothes,clothes4536_1.jpg,.jpg,533,400,1.3325,213200,32.35,RGB
Clothes,clothes4537_1.jpg,.jpg,400,867,0.4614,346800,59.08,RGB
Clothes,clothes4538_1.jpg,.jpg,400,533,0.7505,213200,31.23,RGB
Clothes,clothes4539_1.jpg,.jpg,400,711,0.5626,284400,17.77,RGB
Clothes,clothes454_1.jpg,.jpg,400,533,0.7505,213200,36.8,RGB
Clothes,clothes4540_1.jpg,.jpg,533,400,1.3325,213200,30.46,RGB
Clothes,clothes4541_1.jpg,.jpg,400,534,0.7491,213600,27.97,RGB
Clothes,clothes4542_1.jpg,.jpg,400,533,0.7505,213200,53.38,RGB
Clothes,clothes4543_1.jpg,.jpg,400,534,0.7491,213600,16.2,RGB
Clothes,clothes4544_1.jpg,.jpg,400,533,0.7505,213200,30.77,RGB
Clothes,clothes4545_1.jpg,.jpg,400,533,0.7505,213200,31.77,RGB
Clothes,clothes4546_1.jpg,.jpg,710,400,1.775,284000,40.49,RGB
Clothes,clothes4547_1.jpg,.jpg,533,400,1.3325,213200,46.73,RGB
Clothes,clothes4548_1.jpg,.jpg,400,534,0.7491,213600,24.32,RGB
Clothes,clothes4549_1.jpg,.jpg,400,534,0.7491,213600,16.92,RGB
Clothes,clothes455_1.jpg,.jpg,400,533,0.7505,213200,27.35,RGB
Clothes,clothes4550_1.jpg,.jpg,400,534,0.7491,213600,26.35,RGB
Clothes,clothes4551_1.jpg,.jpg,533,400,1.3325,213200,28.76,RGB
Clothes,clothes4552_1.jpg,.jpg,400,534,0.7491,213600,23.08,RGB
Clothes,clothes4553_1.jpg,.jpg,400,711,0.5626,284400,42.91,RGB
Clothes,clothes4554_1.jpg,.jpg,400,462,0.8658,184800,22.84,RGB
Clothes,clothes4555_1.jpg,.jpg,400,533,0.7505,213200,30.68,RGB
Clothes,clothes4556_1.jpg,.jpg,400,533,0.7505,213200,17.84,RGB
Clothes,clothes4557_1.jpg,.jpg,533,400,1.3325,213200,16.05,RGB
Clothes,clothes4558_1.jpg,.jpg,400,711,0.5626,284400,47.91,RGB
Clothes,clothes4559_1.jpg,.jpg,400,533,0.7505,213200,59.73,RGB
Clothes,clothes456_1.jpg,.jpg,400,533,0.7505,213200,28.26,RGB
Clothes,clothes4560_1.jpg,.jpg,400,400,1.0,160000,16.0,RGB
Clothes,clothes4561_1.jpg,.jpg,400,534,0.7491,213600,16.14,RGB
Clothes,clothes4562_1.jpg,.jpg,400,533,0.7505,213200,32.1,RGB
Clothes,clothes4563_1.jpg,.jpg,400,533,0.7505,213200,26.21,RGB
Clothes,clothes4564_1.jpg,.jpg,400,533,0.7505,213200,21.23,RGB
Clothes,clothes4565_1.jpg,.jpg,710,400,1.775,284000,59.99,RGB
Clothes,clothes4566_1.jpg,.jpg,534,400,1.335,213600,34.91,RGB
Clothes,clothes4567_1.jpg,.jpg,400,485,0.8247,194000,27.09,RGB
Clothes,clothes4568_1.jpg,.jpg,400,533,0.7505,213200,30.05,RGB
Clothes,clothes4569_1.jpg,.jpg,400,533,0.7505,213200,28.04,RGB
Clothes,clothes457_1.jpg,.jpg,400,533,0.7505,213200,37.39,RGB
Clothes,clothes4570_1.jpg,.jpg,534,400,1.335,213600,29.39,RGB
Clothes,clothes4571_1.jpg,.jpg,533,400,1.3325,213200,47.3,RGB
Clothes,clothes4572_1.jpg,.jpg,533,400,1.3325,213200,45.05,RGB
Clothes,clothes4573_1.jpg,.jpg,400,533,0.7505,213200,12.87,RGB
Clothes,clothes4574_1.jpg,.jpg,400,533,0.7505,213200,58.56,RGB
Clothes,clothes4575_1.jpg,.jpg,400,533,0.7505,213200,54.58,RGB
Clothes,clothes4576_1.jpg,.jpg,400,533,0.7505,213200,23.64,RGB
Clothes,clothes4577_1.jpg,.jpg,400,534,0.7491,213600,15.3,RGB
Clothes,clothes4578_1.jpg,.jpg,400,533,0.7505,213200,29.22,RGB
Clothes,clothes4579_1.jpg,.jpg,400,533,0.7505,213200,40.93,RGB
Clothes,clothes458_1.jpg,.jpg,400,533,0.7505,213200,18.94,RGB
Clothes,clothes4580_1.jpg,.jpg,400,449,0.8909,179600,29.66,RGB
Clothes,clothes4581_1.jpg,.jpg,400,534,0.7491,213600,18.52,RGB
Clothes,clothes4582_1.jpg,.jpg,400,711,0.5626,284400,34.8,RGB
Clothes,clothes4583_1.jpg,.jpg,400,533,0.7505,213200,29.98,RGB
Clothes,clothes4584_1.jpg,.jpg,400,411,0.9732,164400,23.54,RGB
Clothes,clothes4585_1.jpg,.jpg,534,400,1.335,213600,28.7,RGB
Clothes,clothes4586_1.jpg,.jpg,400,533,0.7505,213200,27.21,RGB
Clothes,clothes4587_1.jpg,.jpg,533,400,1.3325,213200,22.8,RGB
Clothes,clothes4588_1.jpg,.jpg,533,400,1.3325,213200,22.93,RGB
Clothes,clothes4589_1.jpg,.jpg,400,533,0.7505,213200,51.68,RGB
Clothes,clothes459_1.jpg,.jpg,400,533,0.7505,213200,29.86,RGB
Clothes,clothes4590_1.jpg,.jpg,400,602,0.6645,240800,37.94,RGB
Clothes,clothes4591_1.jpg,.jpg,400,533,0.7505,213200,30.14,RGB
Clothes,clothes4592_1.jpg,.jpg,400,534,0.7491,213600,26.18,RGB
Clothes,clothes4593_1.jpg,.jpg,400,533,0.7505,213200,62.96,RGB
Clothes,clothes4594_1.jpg,.jpg,400,534,0.7491,213600,34.21,RGB
Clothes,clothes4595_1.jpg,.jpg,400,533,0.7505,213200,36.24,RGB
Clothes,clothes4596_1.jpg,.jpg,400,533,0.7505,213200,25.97,RGB
Clothes,clothes4597_1.jpg,.jpg,400,533,0.7505,213200,15.56,RGB
Clothes,clothes4598_1.jpg,.jpg,400,533,0.7505,213200,36.72,RGB
Clothes,clothes4599_1.jpg,.jpg,400,847,0.4723,338800,37.4,RGB
Clothes,clothes46_1.jpg,.jpg,400,757,0.5284,302800,44.81,RGB
Clothes,clothes460_1.jpg,.jpg,400,534,0.7491,213600,15.76,RGB
Clothes,clothes4600_1.jpg,.jpg,400,533,0.7505,213200,32.83,RGB
Clothes,clothes4601_1.jpg,.jpg,534,400,1.335,213600,24.34,RGB
Clothes,clothes4602_1.jpg,.jpg,533,400,1.3325,213200,22.84,RGB
Clothes,clothes4603_1.jpg,.jpg,400,533,0.7505,213200,20.99,RGB
Clothes,clothes4604_1.jpg,.jpg,400,533,0.7505,213200,21.61,RGB
Clothes,clothes4605_1.jpg,.jpg,400,533,0.7505,213200,15.11,RGB
Clothes,clothes4606_1.jpg,.jpg,400,533,0.7505,213200,20.42,RGB
Clothes,clothes4607_1.jpg,.jpg,400,533,0.7505,213200,21.6,RGB
Clothes,clothes4608_1.jpg,.jpg,400,533,0.7505,213200,35.7,RGB
Clothes,clothes4609_1.jpg,.jpg,400,534,0.7491,213600,38.43,RGB
Clothes,clothes461_1.jpg,.jpg,400,534,0.7491,213600,17.39,RGB
Clothes,clothes4610_1.jpg,.jpg,400,534,0.7491,213600,25.74,RGB
Clothes,clothes4611_1.jpg,.jpg,400,533,0.7505,213200,30.67,RGB
Clothes,clothes4612_1.jpg,.jpg,400,533,0.7505,213200,20.91,RGB
Clothes,clothes4613_1.jpg,.jpg,400,483,0.8282,193200,25.12,RGB
Clothes,clothes4614_1.jpg,.jpg,400,534,0.7491,213600,29.08,RGB
Clothes,clothes4615_1.jpg,.jpg,400,533,0.7505,213200,50.41,RGB
Clothes,clothes4616_1.jpg,.jpg,400,533,0.7505,213200,24.47,RGB
Clothes,clothes4617_1.jpg,.jpg,400,400,1.0,160000,27.02,RGB
Clothes,clothes4618_1.jpg,.jpg,400,534,0.7491,213600,22.27,RGB
Clothes,clothes4619_1.jpg,.jpg,400,533,0.7505,213200,36.13,RGB
Clothes,clothes462_1.jpg,.jpg,400,619,0.6462,247600,40.19,RGB
Clothes,clothes4620_1.jpg,.jpg,400,521,0.7678,208400,24.29,RGB
Clothes,clothes4621_1.jpg,.jpg,400,533,0.7505,213200,20.01,RGB
Clothes,clothes4622_1.jpg,.jpg,400,711,0.5626,284400,30.41,RGB
Clothes,clothes4623_1.jpg,.jpg,534,400,1.335,213600,52.1,RGB
Clothes,clothes4624_1.jpg,.jpg,400,533,0.7505,213200,25.19,RGB
Clothes,clothes4625_1.jpg,.jpg,400,533,0.7505,213200,40.85,RGB
Clothes,clothes4626_1.jpg,.jpg,400,533,0.7505,213200,14.2,RGB
Clothes,clothes4627_1.jpg,.jpg,400,532,0.7519,212800,66.24,RGB
Clothes,clothes4628_1.jpg,.jpg,400,534,0.7491,213600,21.89,RGB
Clothes,clothes4629_1.jpg,.jpg,400,533,0.7505,213200,16.88,RGB
Clothes,clothes463_1.jpg,.jpg,400,533,0.7505,213200,27.0,RGB
Clothes,clothes4630_1.jpg,.jpg,400,533,0.7505,213200,59.23,RGB
Clothes,clothes4631_1.jpg,.jpg,400,534,0.7491,213600,18.34,RGB
Clothes,clothes4632_1.jpg,.jpg,400,533,0.7505,213200,31.59,RGB
Clothes,clothes4633_1.jpg,.jpg,400,533,0.7505,213200,14.97,RGB
Clothes,clothes4634_1.jpg,.jpg,400,533,0.7505,213200,47.85,RGB
Clothes,clothes4635_1.jpg,.jpg,400,533,0.7505,213200,33.19,RGB
Clothes,clothes4636_1.jpg,.jpg,400,533,0.7505,213200,21.85,RGB
Clothes,clothes4637_1.jpg,.jpg,400,417,0.9592,166800,24.06,RGB
Clothes,clothes4638_1.jpg,.jpg,400,533,0.7505,213200,39.85,RGB
Clothes,clothes4639_1.jpg,.jpg,533,400,1.3325,213200,33.32,RGB
Clothes,clothes464_1.jpg,.jpg,400,534,0.7491,213600,22.33,RGB
Clothes,clothes4640_1.jpg,.jpg,400,533,0.7505,213200,22.38,RGB
Clothes,clothes4641_1.jpg,.jpg,533,400,1.3325,213200,36.44,RGB
Clothes,clothes4642_1.jpg,.jpg,400,534,0.7491,213600,30.86,RGB
Clothes,clothes4643_1.jpg,.jpg,400,533,0.7505,213200,19.66,RGB
Clothes,clothes4644_1.jpg,.jpg,400,533,0.7505,213200,18.25,RGB
Clothes,clothes4645_1.jpg,.jpg,400,534,0.7491,213600,19.24,RGB
Clothes,clothes4646_1.jpg,.jpg,400,419,0.9547,167600,14.82,RGB
Clothes,clothes4647_1.jpg,.jpg,400,533,0.7505,213200,12.03,RGB
Clothes,clothes4648_1.jpg,.jpg,400,537,0.7449,214800,21.05,RGB
Clothes,clothes4649_1.jpg,.jpg,400,534,0.7491,213600,15.69,RGB
Clothes,clothes465_1.jpg,.jpg,400,533,0.7505,213200,28.31,RGB
Clothes,clothes4650_1.jpg,.jpg,400,533,0.7505,213200,15.3,RGB
Clothes,clothes4651_1.jpg,.jpg,400,402,0.995,160800,14.62,RGB
Clothes,clothes4652_1.jpg,.jpg,400,711,0.5626,284400,54.46,RGB
Clothes,clothes4653_1.jpg,.jpg,400,532,0.7519,212800,30.23,RGB
Clothes,clothes4654_1.jpg,.jpg,400,533,0.7505,213200,18.1,RGB
Clothes,clothes4655_1.jpg,.jpg,534,400,1.335,213600,35.65,RGB
Clothes,clothes4656_1.jpg,.jpg,888,400,2.22,355200,70.36,RGB
Clothes,clothes4657_1.jpg,.jpg,400,533,0.7505,213200,28.46,RGB
Clothes,clothes4658_1.jpg,.jpg,400,428,0.9346,171200,14.7,RGB
Clothes,clothes4659_1.jpg,.jpg,400,533,0.7505,213200,20.64,RGB
Clothes,clothes466_1.jpg,.jpg,400,533,0.7505,213200,40.8,RGB
Clothes,clothes4660_1.jpg,.jpg,534,400,1.335,213600,22.04,RGB
Clothes,clothes4661_1.jpg,.jpg,400,533,0.7505,213200,19.83,RGB
Clothes,clothes4662_1.jpg,.jpg,400,534,0.7491,213600,12.05,RGB
Clothes,clothes4663_1.jpg,.jpg,400,533,0.7505,213200,30.45,RGB
Clothes,clothes4664_1.jpg,.jpg,400,534,0.7491,213600,21.51,RGB
Clothes,clothes4665_1.jpg,.jpg,400,711,0.5626,284400,20.71,RGB
Clothes,clothes4666_1.jpg,.jpg,533,400,1.3325,213200,42.71,RGB
Clothes,clothes4667_1.jpg,.jpg,400,487,0.8214,194800,20.19,RGB
Clothes,clothes4668_1.jpg,.jpg,400,533,0.7505,213200,39.55,RGB
Clothes,clothes4669_1.jpg,.jpg,400,533,0.7505,213200,22.61,RGB
Clothes,clothes467_1.jpg,.jpg,400,533,0.7505,213200,45.14,RGB
Clothes,clothes4670_1.jpg,.jpg,533,400,1.3325,213200,36.31,RGB
Clothes,clothes4671_1.jpg,.jpg,400,533,0.7505,213200,27.4,RGB
Clothes,clothes4672_1.jpg,.jpg,711,400,1.7775,284400,36.73,RGB
Clothes,clothes4673_1.jpg,.jpg,400,711,0.5626,284400,30.13,RGB
Clothes,clothes4674_1.jpg,.jpg,400,600,0.6667,240000,28.8,RGB
Clothes,clothes4675_1.jpg,.jpg,400,533,0.7505,213200,19.36,RGB
Clothes,clothes4676_1.jpg,.jpg,533,400,1.3325,213200,34.82,RGB
Clothes,clothes4677_1.jpg,.jpg,533,400,1.3325,213200,28.8,RGB
Clothes,clothes4678_1.jpg,.jpg,400,468,0.8547,187200,25.12,RGB
Clothes,clothes4679_1.jpg,.jpg,400,533,0.7505,213200,34.53,RGB
Clothes,clothes468_1.jpg,.jpg,400,534,0.7491,213600,19.7,RGB
Clothes,clothes4680_1.jpg,.jpg,400,534,0.7491,213600,27.52,RGB
Clothes,clothes4681_1.jpg,.jpg,400,534,0.7491,213600,19.18,RGB
Clothes,clothes4682_1.jpg,.jpg,404,400,1.01,161600,17.97,RGB
Clothes,clothes4683_1.jpg,.jpg,400,533,0.7505,213200,23.17,RGB
Clothes,clothes4684_1.jpg,.jpg,400,533,0.7505,213200,32.51,RGB
Clothes,clothes4685_1.jpg,.jpg,400,533,0.7505,213200,19.54,RGB
Clothes,clothes4686_1.jpg,.jpg,400,534,0.7491,213600,13.2,RGB
Clothes,clothes4687_1.jpg,.jpg,400,533,0.7505,213200,31.02,RGB
Clothes,clothes4688_1.jpg,.jpg,400,888,0.4505,355200,55.43,RGB
Clothes,clothes4689_1.jpg,.jpg,400,533,0.7505,213200,23.57,RGB
Clothes,clothes469_1.jpg,.jpg,400,533,0.7505,213200,15.06,RGB
Clothes,clothes4690_1.jpg,.jpg,400,534,0.7491,213600,24.49,RGB
Clothes,clothes4691_1.jpg,.jpg,400,533,0.7505,213200,17.69,RGB
Clothes,clothes4692_1.jpg,.jpg,400,532,0.7519,212800,35.26,RGB
Clothes,clothes4693_1.jpg,.jpg,400,534,0.7491,213600,22.53,RGB
Clothes,clothes4694_1.jpg,.jpg,534,400,1.335,213600,26.55,RGB
Clothes,clothes4695_1.jpg,.jpg,400,534,0.7491,213600,20.12,RGB
Clothes,clothes4696_1.jpg,.jpg,400,489,0.818,195600,28.34,RGB
Clothes,clothes4697_1.jpg,.jpg,400,711,0.5626,284400,22.36,RGB
Clothes,clothes4698_1.jpg,.jpg,400,533,0.7505,213200,12.35,RGB
Clothes,clothes4699_1.jpg,.jpg,400,533,0.7505,213200,23.7,RGB
Clothes,clothes47_1.jpg,.jpg,400,534,0.7491,213600,16.88,RGB
Clothes,clothes470_1.jpg,.jpg,400,533,0.7505,213200,25.42,RGB
Clothes,clothes4700_1.jpg,.jpg,400,533,0.7505,213200,28.36,RGB
Clothes,clothes4701_1.jpg,.jpg,400,711,0.5626,284400,31.36,RGB
Clothes,clothes4702_1.jpg,.jpg,400,549,0.7286,219600,19.23,RGB
Clothes,clothes4703_1.jpg,.jpg,400,533,0.7505,213200,58.61,RGB
Clothes,clothes4704_1.jpg,.jpg,400,533,0.7505,213200,48.1,RGB
Clothes,clothes4705_1.jpg,.jpg,400,400,1.0,160000,20.79,RGB
Clothes,clothes4706_1.jpg,.jpg,400,533,0.7505,213200,29.46,RGB
Clothes,clothes4707_1.jpg,.jpg,400,534,0.7491,213600,17.66,RGB
Clothes,clothes4708_1.jpg,.jpg,400,534,0.7491,213600,20.58,RGB
Clothes,clothes4709_1.jpg,.jpg,400,533,0.7505,213200,16.07,RGB
Clothes,clothes471_1.jpg,.jpg,400,629,0.6359,251600,21.05,RGB
Clothes,clothes4710_1.jpg,.jpg,400,534,0.7491,213600,19.84,RGB
Clothes,clothes4711_1.jpg,.jpg,400,532,0.7519,212800,26.4,RGB
Clothes,clothes4712_1.jpg,.jpg,400,533,0.7505,213200,27.24,RGB
Clothes,clothes4713_1.jpg,.jpg,400,533,0.7505,213200,17.68,RGB
Clothes,clothes4714_1.jpg,.jpg,400,475,0.8421,190000,16.89,RGB
Clothes,clothes4715_1.jpg,.jpg,400,533,0.7505,213200,22.56,RGB
Clothes,clothes4716_1.jpg,.jpg,533,400,1.3325,213200,16.32,RGB
Clothes,clothes4717_1.jpg,.jpg,400,455,0.8791,182000,21.93,RGB
Clothes,clothes4718_1.jpg,.jpg,534,400,1.335,213600,26.21,RGB
Clothes,clothes4719_1.jpg,.jpg,400,533,0.7505,213200,59.37,RGB
Clothes,clothes472_1.jpg,.jpg,400,711,0.5626,284400,37.72,RGB
Clothes,clothes4720_1.jpg,.jpg,400,711,0.5626,284400,46.41,RGB
Clothes,clothes4721_1.jpg,.jpg,400,533,0.7505,213200,14.53,RGB
Clothes,clothes4722_1.jpg,.jpg,400,489,0.818,195600,20.11,RGB
Clothes,clothes4723_1.jpg,.jpg,400,534,0.7491,213600,21.22,RGB
Clothes,clothes4724_1.jpg,.jpg,400,533,0.7505,213200,42.83,RGB
Clothes,clothes4725_1.jpg,.jpg,400,538,0.7435,215200,15.12,RGB
Clothes,clothes4726_1.jpg,.jpg,400,533,0.7505,213200,23.85,RGB
Clothes,clothes4727_1.jpg,.jpg,400,534,0.7491,213600,16.33,RGB
Clothes,clothes4728_1.jpg,.jpg,400,534,0.7491,213600,46.73,RGB
Clothes,clothes4729_1.jpg,.jpg,400,533,0.7505,213200,16.12,RGB
Clothes,clothes473_1.jpg,.jpg,400,533,0.7505,213200,29.57,RGB
Clothes,clothes4730_1.jpg,.jpg,400,534,0.7491,213600,19.48,RGB
Clothes,clothes4731_1.jpg,.jpg,400,533,0.7505,213200,28.33,RGB
Clothes,clothes4732_1.jpg,.jpg,400,533,0.7505,213200,24.33,RGB
Clothes,clothes4733_1.jpg,.jpg,400,533,0.7505,213200,40.39,RGB
Clothes,clothes4734_1.jpg,.jpg,400,533,0.7505,213200,18.38,RGB
Clothes,clothes4735_1.jpg,.jpg,400,533,0.7505,213200,22.3,RGB
Clothes,clothes4736_1.jpg,.jpg,400,533,0.7505,213200,20.72,RGB
Clothes,clothes4737_1.jpg,.jpg,533,400,1.3325,213200,20.7,RGB
Clothes,clothes4738_1.jpg,.jpg,400,534,0.7491,213600,24.03,RGB
Clothes,clothes4739_1.jpg,.jpg,400,533,0.7505,213200,23.13,RGB
Clothes,clothes474_1.jpg,.jpg,400,533,0.7505,213200,12.59,RGB
Clothes,clothes4740_1.jpg,.jpg,400,710,0.5634,284000,60.36,RGB
Clothes,clothes4741_1.jpg,.jpg,400,533,0.7505,213200,24.42,RGB
Clothes,clothes4742_1.jpg,.jpg,400,533,0.7505,213200,31.24,RGB
Clothes,clothes4743_1.jpg,.jpg,470,400,1.175,188000,32.43,RGB
Clothes,clothes4744_1.jpg,.jpg,533,400,1.3325,213200,46.48,RGB
Clothes,clothes4745_1.jpg,.jpg,400,683,0.5857,273200,39.63,RGB
Clothes,clothes4746_1.jpg,.jpg,400,534,0.7491,213600,38.47,RGB
Clothes,clothes4747_1.jpg,.jpg,400,533,0.7505,213200,16.34,RGB
Clothes,clothes4748_1.jpg,.jpg,400,533,0.7505,213200,29.74,RGB
Clothes,clothes4749_1.jpg,.jpg,400,534,0.7491,213600,28.5,RGB
Clothes,clothes475_1.jpg,.jpg,534,400,1.335,213600,21.93,RGB
Clothes,clothes4750_1.jpg,.jpg,400,533,0.7505,213200,20.73,RGB
Clothes,clothes4751_1.jpg,.jpg,533,400,1.3325,213200,35.35,RGB
Clothes,clothes4752_1.jpg,.jpg,400,534,0.7491,213600,15.42,RGB
Clothes,clothes4753_1.jpg,.jpg,400,533,0.7505,213200,30.29,RGB
Clothes,clothes4754_1.jpg,.jpg,534,400,1.335,213600,21.38,RGB
Clothes,clothes4755_1.jpg,.jpg,400,534,0.7491,213600,20.47,RGB
Clothes,clothes4756_1.jpg,.jpg,400,533,0.7505,213200,23.94,RGB
Clothes,clothes4757_1.jpg,.jpg,400,533,0.7505,213200,25.28,RGB
Clothes,clothes4758_1.jpg,.jpg,400,547,0.7313,218800,17.17,RGB
Clothes,clothes4759_1.jpg,.jpg,537,400,1.3425,214800,26.94,RGB
Clothes,clothes476_1.jpg,.jpg,400,400,1.0,160000,20.42,RGB
Clothes,clothes4760_1.jpg,.jpg,400,533,0.7505,213200,23.13,RGB
Clothes,clothes4761_1.jpg,.jpg,400,533,0.7505,213200,25.61,RGB
Clothes,clothes4762_1.jpg,.jpg,711,400,1.7775,284400,27.59,RGB
Clothes,clothes4763_1.jpg,.jpg,400,533,0.7505,213200,19.66,RGB
Clothes,clothes4764_1.jpg,.jpg,400,453,0.883,181200,20.1,RGB
Clothes,clothes4765_1.jpg,.jpg,400,533,0.7505,213200,48.29,RGB
Clothes,clothes4766_1.jpg,.jpg,400,533,0.7505,213200,21.05,RGB
Clothes,clothes4767_1.jpg,.jpg,400,534,0.7491,213600,20.8,RGB
Clothes,clothes4768_1.jpg,.jpg,533,400,1.3325,213200,24.45,RGB
Clothes,clothes4769_1.jpg,.jpg,400,710,0.5634,284000,60.66,RGB
Clothes,clothes477_1.jpg,.jpg,400,534,0.7491,213600,21.26,RGB
Clothes,clothes4770_1.jpg,.jpg,400,679,0.5891,271600,18.43,RGB
Clothes,clothes4771_1.jpg,.jpg,400,711,0.5626,284400,22.62,RGB
Clothes,clothes4772_1.jpg,.jpg,400,533,0.7505,213200,23.81,RGB
Clothes,clothes4773_1.jpg,.jpg,400,533,0.7505,213200,15.55,RGB
Clothes,clothes4774_1.jpg,.jpg,400,534,0.7491,213600,22.24,RGB
Clothes,clothes4775_1.jpg,.jpg,400,533,0.7505,213200,43.69,RGB
Clothes,clothes4776_1.jpg,.jpg,400,533,0.7505,213200,41.66,RGB
Clothes,clothes4777_1.jpg,.jpg,533,400,1.3325,213200,21.88,RGB
Clothes,clothes4778_1.jpg,.jpg,400,533,0.7505,213200,20.28,RGB
Clothes,clothes4779_1.jpg,.jpg,400,533,0.7505,213200,25.81,RGB
Clothes,clothes478_1.jpg,.jpg,400,533,0.7505,213200,33.96,RGB
Clothes,clothes4780_1.jpg,.jpg,400,534,0.7491,213600,15.03,RGB
Clothes,clothes4781_1.jpg,.jpg,400,533,0.7505,213200,19.22,RGB
Clothes,clothes4782_1.jpg,.jpg,400,400,1.0,160000,32.72,RGB
Clothes,clothes4783_1.jpg,.jpg,400,556,0.7194,222400,41.38,RGB
Clothes,clothes4784_1.jpg,.jpg,431,400,1.0775,172400,31.46,RGB
Clothes,clothes4785_1.jpg,.jpg,400,443,0.9029,177200,33.52,RGB
Clothes,clothes4786_1.jpg,.jpg,400,533,0.7505,213200,14.82,RGB
Clothes,clothes4787_1.jpg,.jpg,400,534,0.7491,213600,21.01,RGB
Clothes,clothes4788_1.jpg,.jpg,400,533,0.7505,213200,13.33,RGB
Clothes,clothes4789_1.jpg,.jpg,533,400,1.3325,213200,15.06,RGB
Clothes,clothes479_1.jpg,.jpg,400,534,0.7491,213600,23.73,RGB
Clothes,clothes4790_1.jpg,.jpg,400,533,0.7505,213200,23.51,RGB
Clothes,clothes4791_1.jpg,.jpg,400,533,0.7505,213200,20.27,RGB
Clothes,clothes4792_1.jpg,.jpg,400,534,0.7491,213600,26.71,RGB
Clothes,clothes4793_1.jpg,.jpg,400,533,0.7505,213200,15.51,RGB
Clothes,clothes4794_1.jpg,.jpg,533,400,1.3325,213200,36.05,RGB
Clothes,clothes4795_1.jpg,.jpg,400,512,0.7812,204800,30.39,RGB
Clothes,clothes4796_1.jpg,.jpg,400,533,0.7505,213200,18.02,RGB
Clothes,clothes4797_1.jpg,.jpg,534,400,1.335,213600,18.21,RGB
Clothes,clothes4798_1.jpg,.jpg,400,534,0.7491,213600,13.21,RGB
Clothes,clothes4799_1.jpg,.jpg,400,533,0.7505,213200,51.24,RGB
Clothes,clothes48_1.jpg,.jpg,400,534,0.7491,213600,16.73,RGB
Clothes,clothes480_1.jpg,.jpg,400,533,0.7505,213200,65.65,RGB
Clothes,clothes4800_1.jpg,.jpg,400,533,0.7505,213200,23.09,RGB
Clothes,clothes4801_1.jpg,.jpg,400,533,0.7505,213200,19.32,RGB
Clothes,clothes4802_1.jpg,.jpg,400,424,0.9434,169600,10.64,RGB
Clothes,clothes4803_1.jpg,.jpg,400,533,0.7505,213200,15.39,RGB
Clothes,clothes4804_1.jpg,.jpg,400,534,0.7491,213600,20.92,RGB
Clothes,clothes4805_1.jpg,.jpg,477,400,1.1925,190800,23.4,RGB
Clothes,clothes4806_1.jpg,.jpg,400,520,0.7692,208000,23.38,RGB
Clothes,clothes4807_1.jpg,.jpg,400,533,0.7505,213200,13.46,RGB
Clothes,clothes4808_1.jpg,.jpg,400,533,0.7505,213200,23.83,RGB
Clothes,clothes4809_1.jpg,.jpg,400,533,0.7505,213200,25.85,RGB
Clothes,clothes481_1.jpg,.jpg,400,534,0.7491,213600,44.07,RGB
Clothes,clothes4810_1.jpg,.jpg,400,533,0.7505,213200,30.03,RGB
Clothes,clothes4811_1.jpg,.jpg,400,533,0.7505,213200,30.88,RGB
Clothes,clothes4812_1.jpg,.jpg,409,400,1.0225,163600,30.57,RGB
Clothes,clothes4813_1.jpg,.jpg,400,417,0.9592,166800,31.44,RGB
Clothes,clothes4814_1.jpg,.jpg,711,400,1.7775,284400,68.07,RGB
Clothes,clothes4815_1.jpg,.jpg,400,534,0.7491,213600,17.03,RGB
Clothes,clothes4816_1.jpg,.jpg,400,533,0.7505,213200,20.94,RGB
Clothes,clothes4817_1.jpg,.jpg,400,432,0.9259,172800,20.92,RGB
Clothes,clothes4818_1.jpg,.jpg,400,488,0.8197,195200,25.02,RGB
Clothes,clothes4819_1.jpg,.jpg,400,411,0.9732,164400,29.41,RGB
Clothes,clothes482_1.jpg,.jpg,400,533,0.7505,213200,21.08,RGB
Clothes,clothes4820_1.jpg,.jpg,400,613,0.6525,245200,37.49,RGB
Clothes,clothes4821_1.jpg,.jpg,400,534,0.7491,213600,14.67,RGB
Clothes,clothes4822_1.jpg,.jpg,400,400,1.0,160000,15.03,RGB
Clothes,clothes4823_1.jpg,.jpg,400,400,1.0,160000,19.65,RGB
Clothes,clothes4824_1.jpg,.jpg,400,600,0.6667,240000,30.41,RGB
Clothes,clothes4825_1.jpg,.jpg,400,533,0.7505,213200,15.7,RGB
Clothes,clothes4826_1.jpg,.jpg,533,400,1.3325,213200,19.75,RGB
Clothes,clothes4827_1.jpg,.jpg,435,400,1.0875,174000,34.93,RGB
Clothes,clothes4828_1.jpg,.jpg,400,533,0.7505,213200,37.34,RGB
Clothes,clothes4829_1.jpg,.jpg,400,533,0.7505,213200,25.43,RGB
Clothes,clothes483_1.jpg,.jpg,400,533,0.7505,213200,43.23,RGB
Clothes,clothes4830_1.jpg,.jpg,400,534,0.7491,213600,25.69,RGB
Clothes,clothes4831_1.jpg,.jpg,711,400,1.7775,284400,41.05,RGB
Clothes,clothes4832_1.jpg,.jpg,533,400,1.3325,213200,32.61,RGB
Clothes,clothes4833_1.jpg,.jpg,400,534,0.7491,213600,20.55,RGB
Clothes,clothes4834_1.jpg,.jpg,400,533,0.7505,213200,13.07,RGB
Clothes,clothes4835_1.jpg,.jpg,400,400,1.0,160000,10.7,RGB
Clothes,clothes4836_1.jpg,.jpg,400,533,0.7505,213200,30.85,RGB
Clothes,clothes4837_1.jpg,.jpg,400,434,0.9217,173600,15.55,RGB
Clothes,clothes4838_1.jpg,.jpg,534,400,1.335,213600,22.04,RGB
Clothes,clothes4839_1.jpg,.jpg,400,711,0.5626,284400,31.57,RGB
Clothes,clothes484_1.jpg,.jpg,400,533,0.7505,213200,31.11,RGB
Clothes,clothes4840_1.jpg,.jpg,449,400,1.1225,179600,24.64,RGB
Clothes,clothes4841_1.jpg,.jpg,400,533,0.7505,213200,37.68,RGB
Clothes,clothes4842_1.jpg,.jpg,400,533,0.7505,213200,19.53,RGB
Clothes,clothes4843_1.jpg,.jpg,400,534,0.7491,213600,16.17,RGB
Clothes,clothes4844_1.jpg,.jpg,400,533,0.7505,213200,29.43,RGB
Clothes,clothes4845_1.jpg,.jpg,400,534,0.7491,213600,12.54,RGB
Clothes,clothes4846_1.jpg,.jpg,400,537,0.7449,214800,15.82,RGB
Clothes,clothes4847_1.jpg,.jpg,533,400,1.3325,213200,26.3,RGB
Clothes,clothes4848_1.jpg,.jpg,400,533,0.7505,213200,20.53,RGB
Clothes,clothes4849_1.jpg,.jpg,400,533,0.7505,213200,27.48,RGB
Clothes,clothes485_1.jpg,.jpg,400,533,0.7505,213200,35.67,RGB
Clothes,clothes4850_1.jpg,.jpg,400,533,0.7505,213200,34.26,RGB
Clothes,clothes4851_1.jpg,.jpg,400,533,0.7505,213200,42.41,RGB
Clothes,clothes4852_1.jpg,.jpg,400,711,0.5626,284400,30.32,RGB
Clothes,clothes4853_1.jpg,.jpg,400,534,0.7491,213600,16.03,RGB
Clothes,clothes4854_1.jpg,.jpg,400,533,0.7505,213200,24.88,RGB
Clothes,clothes4855_1.jpg,.jpg,400,534,0.7491,213600,14.06,RGB
Clothes,clothes4856_1.jpg,.jpg,400,440,0.9091,176000,19.69,RGB
Clothes,clothes4857_1.jpg,.jpg,867,400,2.1675,346800,44.97,RGB
Clothes,clothes4858_1.jpg,.jpg,400,533,0.7505,213200,20.73,RGB
Clothes,clothes4859_1.jpg,.jpg,400,533,0.7505,213200,21.99,RGB
Clothes,clothes486_1.jpg,.jpg,400,533,0.7505,213200,40.46,RGB
Clothes,clothes4860_1.jpg,.jpg,400,533,0.7505,213200,28.59,RGB
Clothes,clothes4861_1.jpg,.jpg,400,533,0.7505,213200,13.31,RGB
Clothes,clothes4862_1.jpg,.jpg,400,533,0.7505,213200,46.7,RGB
Clothes,clothes4863_1.jpg,.jpg,400,711,0.5626,284400,21.35,RGB
Clothes,clothes4864_1.jpg,.jpg,400,428,0.9346,171200,29.41,RGB
Clothes,clothes4865_1.jpg,.jpg,400,533,0.7505,213200,53.59,RGB
Clothes,clothes4866_1.jpg,.jpg,400,533,0.7505,213200,41.21,RGB
Clothes,clothes4867_1.jpg,.jpg,823,400,2.0575,329200,38.58,RGB
Clothes,clothes4868_1.jpg,.jpg,400,533,0.7505,213200,46.07,RGB
Clothes,clothes4869_1.jpg,.jpg,400,533,0.7505,213200,48.83,RGB
Clothes,clothes487_1.jpg,.jpg,400,533,0.7505,213200,31.96,RGB
Clothes,clothes4870_1.jpg,.jpg,400,533,0.7505,213200,33.49,RGB
Clothes,clothes4871_1.jpg,.jpg,400,451,0.8869,180400,35.25,RGB
Clothes,clothes4872_1.jpg,.jpg,400,711,0.5626,284400,32.07,RGB
Clothes,clothes4873_1.jpg,.jpg,400,534,0.7491,213600,27.19,RGB
Clothes,clothes4874_1.jpg,.jpg,400,533,0.7505,213200,15.86,RGB
Clothes,clothes4875_1.jpg,.jpg,400,533,0.7505,213200,16.78,RGB
Clothes,clothes4876_1.jpg,.jpg,400,533,0.7505,213200,15.13,RGB
Clothes,clothes4877_1.jpg,.jpg,533,400,1.3325,213200,25.1,RGB
Clothes,clothes4878_1.jpg,.jpg,400,534,0.7491,213600,38.16,RGB
Clothes,clothes4879_1.jpg,.jpg,400,936,0.4274,374400,50.41,RGB
Clothes,clothes488_1.jpg,.jpg,534,400,1.335,213600,19.08,RGB
Clothes,clothes4880_1.jpg,.jpg,400,533,0.7505,213200,20.02,RGB
Clothes,clothes4881_1.jpg,.jpg,400,534,0.7491,213600,18.45,RGB
Clothes,clothes4882_1.jpg,.jpg,400,534,0.7491,213600,18.05,RGB
Clothes,clothes4883_1.jpg,.jpg,400,588,0.6803,235200,18.74,RGB
Clothes,clothes4884_1.jpg,.jpg,400,711,0.5626,284400,31.61,RGB
Clothes,clothes4885_1.jpg,.jpg,400,533,0.7505,213200,26.79,RGB
Clothes,clothes4886_1.jpg,.jpg,400,534,0.7491,213600,26.25,RGB
Clothes,clothes4887_1.jpg,.jpg,400,533,0.7505,213200,19.18,RGB
Clothes,clothes4888_1.jpg,.jpg,400,533,0.7505,213200,22.72,RGB
Clothes,clothes4889_1.jpg,.jpg,400,533,0.7505,213200,13.5,RGB
Clothes,clothes489_1.jpg,.jpg,400,711,0.5626,284400,23.65,RGB
Clothes,clothes4890_1.jpg,.jpg,400,533,0.7505,213200,21.33,RGB
Clothes,clothes4891_1.jpg,.jpg,400,533,0.7505,213200,22.82,RGB
Clothes,clothes4892_1.jpg,.jpg,400,400,1.0,160000,29.88,RGB
Clothes,clothes4893_1.jpg,.jpg,400,533,0.7505,213200,45.05,RGB
Clothes,clothes4894_1.jpg,.jpg,400,534,0.7491,213600,20.34,RGB
Clothes,clothes4895_1.jpg,.jpg,400,533,0.7505,213200,25.17,RGB
Clothes,clothes4896_1.jpg,.jpg,400,533,0.7505,213200,22.65,RGB
Clothes,clothes4897_1.jpg,.jpg,533,400,1.3325,213200,32.53,RGB
Clothes,clothes4898_1.jpg,.jpg,533,400,1.3325,213200,31.6,RGB
Clothes,clothes4899_1.jpg,.jpg,400,533,0.7505,213200,24.76,RGB
Clothes,clothes49_1.jpg,.jpg,400,543,0.7366,217200,65.3,RGB
Clothes,clothes490_1.jpg,.jpg,533,400,1.3325,213200,14.92,RGB
Clothes,clothes4900_1.jpg,.jpg,400,488,0.8197,195200,23.15,RGB
Clothes,clothes4901_1.jpg,.jpg,400,534,0.7491,213600,18.7,RGB
Clothes,clothes4902_1.jpg,.jpg,400,711,0.5626,284400,25.01,RGB
Clothes,clothes4903_1.jpg,.jpg,400,533,0.7505,213200,25.47,RGB
Clothes,clothes4904_1.jpg,.jpg,400,400,1.0,160000,17.22,RGB
Clothes,clothes4905_1.jpg,.jpg,400,534,0.7491,213600,18.07,RGB
Clothes,clothes4906_1.jpg,.jpg,400,533,0.7505,213200,21.97,RGB
Clothes,clothes4907_1.jpg,.jpg,400,534,0.7491,213600,26.63,RGB
Clothes,clothes4908_1.jpg,.jpg,400,711,0.5626,284400,18.39,RGB
Clothes,clothes4909_1.jpg,.jpg,711,400,1.7775,284400,19.83,RGB
Clothes,clothes491_1.jpg,.jpg,400,533,0.7505,213200,29.89,RGB
Clothes,clothes4910_1.jpg,.jpg,400,711,0.5626,284400,19.54,RGB
Clothes,clothes4911_1.jpg,.jpg,400,533,0.7505,213200,24.75,RGB
Clothes,clothes4912_1.jpg,.jpg,400,533,0.7505,213200,28.78,RGB
Clothes,clothes4913_1.jpg,.jpg,400,403,0.9926,161200,12.64,RGB
Clothes,clothes4914_1.jpg,.jpg,400,534,0.7491,213600,50.37,RGB
Clothes,clothes4915_1.jpg,.jpg,400,440,0.9091,176000,13.53,RGB
Clothes,clothes4916_1.jpg,.jpg,400,534,0.7491,213600,17.04,RGB
Clothes,clothes4917_1.jpg,.jpg,400,464,0.8621,185600,13.6,RGB
Clothes,clothes4918_1.jpg,.jpg,400,533,0.7505,213200,23.39,RGB
Clothes,clothes4919_1.jpg,.jpg,400,534,0.7491,213600,36.94,RGB
Clothes,clothes492_1.jpg,.jpg,534,400,1.335,213600,25.05,RGB
Clothes,clothes4920_1.jpg,.jpg,400,533,0.7505,213200,46.83,RGB
Clothes,clothes4921_1.jpg,.jpg,400,533,0.7505,213200,24.61,RGB
Clothes,clothes4922_1.jpg,.jpg,400,533,0.7505,213200,27.91,RGB
Clothes,clothes4923_1.jpg,.jpg,400,533,0.7505,213200,19.88,RGB
Clothes,clothes4924_1.jpg,.jpg,400,533,0.7505,213200,19.56,RGB
Clothes,clothes4925_1.jpg,.jpg,400,534,0.7491,213600,22.81,RGB
Clothes,clothes4926_1.jpg,.jpg,400,502,0.7968,200800,36.14,RGB
Clothes,clothes4927_1.jpg,.jpg,533,400,1.3325,213200,26.42,RGB
Clothes,clothes4928_1.jpg,.jpg,400,533,0.7505,213200,31.32,RGB
Clothes,clothes4929_1.jpg,.jpg,400,533,0.7505,213200,23.17,RGB
Clothes,clothes493_1.jpg,.jpg,400,534,0.7491,213600,36.79,RGB
Clothes,clothes4930_1.jpg,.jpg,533,400,1.3325,213200,24.97,RGB
Clothes,clothes4931_1.jpg,.jpg,400,533,0.7505,213200,19.97,RGB
Clothes,clothes4932_1.jpg,.jpg,400,534,0.7491,213600,27.12,RGB
Clothes,clothes4933_1.jpg,.jpg,400,533,0.7505,213200,24.62,RGB
Clothes,clothes4934_1.jpg,.jpg,711,400,1.7775,284400,40.77,RGB
Clothes,clothes4935_1.jpg,.jpg,400,533,0.7505,213200,22.69,RGB
Clothes,clothes4936_1.jpg,.jpg,400,534,0.7491,213600,29.33,RGB
Clothes,clothes4937_1.jpg,.jpg,400,533,0.7505,213200,21.65,RGB
Clothes,clothes4938_1.jpg,.jpg,400,533,0.7505,213200,17.51,RGB
Clothes,clothes4939_1.jpg,.jpg,400,534,0.7491,213600,20.71,RGB
Clothes,clothes494_1.jpg,.jpg,400,616,0.6494,246400,25.54,RGB
Clothes,clothes4940_1.jpg,.jpg,400,711,0.5626,284400,51.04,RGB
Clothes,clothes4941_1.jpg,.jpg,534,400,1.335,213600,24.39,RGB
Clothes,clothes4942_1.jpg,.jpg,400,532,0.7519,212800,40.92,RGB
Clothes,clothes4943_1.jpg,.jpg,403,400,1.0075,161200,20.81,RGB
Clothes,clothes4944_1.jpg,.jpg,400,533,0.7505,213200,23.34,RGB
Clothes,clothes4945_1.jpg,.jpg,533,400,1.3325,213200,33.46,RGB
Clothes,clothes4946_1.jpg,.jpg,400,534,0.7491,213600,19.8,RGB
Clothes,clothes4947_1.jpg,.jpg,711,400,1.7775,284400,44.26,RGB
Clothes,clothes4948_1.jpg,.jpg,400,516,0.7752,206400,26.98,RGB
Clothes,clothes4949_1.jpg,.jpg,533,400,1.3325,213200,18.4,RGB
Clothes,clothes495_1.jpg,.jpg,534,400,1.335,213600,17.86,RGB
Clothes,clothes4950_1.jpg,.jpg,400,533,0.7505,213200,14.7,RGB
Clothes,clothes4951_1.jpg,.jpg,400,533,0.7505,213200,49.84,RGB
Clothes,clothes4952_1.jpg,.jpg,400,533,0.7505,213200,20.22,RGB
Clothes,clothes4953_1.jpg,.jpg,400,534,0.7491,213600,28.71,RGB
Clothes,clothes4954_1.jpg,.jpg,400,533,0.7505,213200,21.12,RGB
Clothes,clothes4955_1.jpg,.jpg,533,400,1.3325,213200,30.28,RGB
Clothes,clothes4956_1.jpg,.jpg,400,533,0.7505,213200,29.25,RGB
Clothes,clothes4957_1.jpg,.jpg,400,400,1.0,160000,16.77,RGB
Clothes,clothes4958_1.jpg,.jpg,400,711,0.5626,284400,22.94,RGB
Clothes,clothes4959_1.jpg,.jpg,400,534,0.7491,213600,23.51,RGB
Clothes,clothes496_1.jpg,.jpg,533,400,1.3325,213200,36.26,RGB
Clothes,clothes4960_1.jpg,.jpg,400,533,0.7505,213200,25.1,RGB
Clothes,clothes4961_1.jpg,.jpg,400,533,0.7505,213200,35.36,RGB
Clothes,clothes4962_1.jpg,.jpg,400,533,0.7505,213200,22.72,RGB
Clothes,clothes4963_1.jpg,.jpg,400,533,0.7505,213200,24.81,RGB
Clothes,clothes4964_1.jpg,.jpg,400,533,0.7505,213200,29.95,RGB
Clothes,clothes4965_1.jpg,.jpg,400,533,0.7505,213200,25.18,RGB
Clothes,clothes4966_1.jpg,.jpg,400,534,0.7491,213600,21.98,RGB
Clothes,clothes4967_1.jpg,.jpg,400,533,0.7505,213200,28.88,RGB
Clothes,clothes4968_1.jpg,.jpg,400,534,0.7491,213600,18.57,RGB
Clothes,clothes4969_1.jpg,.jpg,534,400,1.335,213600,19.48,RGB
Clothes,clothes497_1.jpg,.jpg,400,533,0.7505,213200,27.11,RGB
Clothes,clothes4970_1.jpg,.jpg,400,400,1.0,160000,19.14,RGB
Clothes,clothes4971_1.jpg,.jpg,400,533,0.7505,213200,33.88,RGB
Clothes,clothes4972_1.jpg,.jpg,400,533,0.7505,213200,31.38,RGB
Clothes,clothes4973_1.jpg,.jpg,400,534,0.7491,213600,19.93,RGB
Clothes,clothes4974_1.jpg,.jpg,400,533,0.7505,213200,23.07,RGB
Clothes,clothes4975_1.jpg,.jpg,400,410,0.9756,164000,23.8,RGB
Clothes,clothes4976_1.jpg,.jpg,400,534,0.7491,213600,20.25,RGB
Clothes,clothes4977_1.jpg,.jpg,400,533,0.7505,213200,29.5,RGB
Clothes,clothes4978_1.jpg,.jpg,400,534,0.7491,213600,16.28,RGB
Clothes,clothes4979_1.jpg,.jpg,400,533,0.7505,213200,12.15,RGB
Clothes,clothes498_1.jpg,.jpg,400,533,0.7505,213200,52.55,RGB
Clothes,clothes4980_1.jpg,.jpg,400,533,0.7505,213200,31.09,RGB
Clothes,clothes4981_1.jpg,.jpg,400,534,0.7491,213600,14.74,RGB
Clothes,clothes4982_1.jpg,.jpg,400,534,0.7491,213600,10.1,RGB
Clothes,clothes4983_1.jpg,.jpg,422,400,1.055,168800,45.73,RGB
Clothes,clothes4984_1.jpg,.jpg,400,533,0.7505,213200,22.9,RGB
Clothes,clothes4985_1.jpg,.jpg,400,431,0.9281,172400,28.09,RGB
Clothes,clothes4986_1.jpg,.jpg,400,533,0.7505,213200,16.57,RGB
Clothes,clothes4987_1.jpg,.jpg,400,711,0.5626,284400,23.3,RGB
Clothes,clothes4988_1.jpg,.jpg,400,533,0.7505,213200,33.9,RGB
Clothes,clothes4989_1.jpg,.jpg,400,533,0.7505,213200,27.13,RGB
Clothes,clothes499_1.jpg,.jpg,533,400,1.3325,213200,22.27,RGB
Clothes,clothes4990_1.jpg,.jpg,400,533,0.7505,213200,21.07,RGB
Clothes,clothes4991_1.jpg,.jpg,400,533,0.7505,213200,36.38,RGB
Clothes,clothes4992_1.jpg,.jpg,400,534,0.7491,213600,15.83,RGB
Clothes,clothes4993_1.jpg,.jpg,400,534,0.7491,213600,24.99,RGB
Clothes,clothes4994_1.jpg,.jpg,400,711,0.5626,284400,22.55,RGB
Clothes,clothes4995_1.jpg,.jpg,400,533,0.7505,213200,35.53,RGB
Clothes,clothes4996_1.jpg,.jpg,534,400,1.335,213600,26.61,RGB
Clothes,clothes4997_1.jpg,.jpg,400,533,0.7505,213200,25.93,RGB
Clothes,clothes4998_1.jpg,.jpg,717,400,1.7925,286800,39.73,RGB
Clothes,clothes4999_1.jpg,.jpg,400,710,0.5634,284000,62.99,RGB
Clothes,clothes5_1.jpg,.jpg,400,534,0.7491,213600,25.59,RGB
Clothes,clothes50_1.jpg,.jpg,400,533,0.7505,213200,20.77,RGB
Clothes,clothes500_1.jpg,.jpg,400,533,0.7505,213200,37.62,RGB
Clothes,clothes5000_1.jpg,.jpg,400,533,0.7505,213200,23.45,RGB
Clothes,clothes5001_1.jpg,.jpg,400,533,0.7505,213200,26.53,RGB
Clothes,clothes5002_1.jpg,.jpg,434,400,1.085,173600,30.74,RGB
Clothes,clothes5003_1.jpg,.jpg,400,534,0.7491,213600,15.46,RGB
Clothes,clothes5004_1.jpg,.jpg,400,571,0.7005,228400,22.59,RGB
Clothes,clothes5005_1.jpg,.jpg,400,533,0.7505,213200,31.61,RGB
Clothes,clothes5006_1.jpg,.jpg,400,533,0.7505,213200,42.65,RGB
Clothes,clothes5007_1.jpg,.jpg,533,400,1.3325,213200,39.32,RGB
Clothes,clothes5008_1.jpg,.jpg,400,534,0.7491,213600,21.38,RGB
Clothes,clothes5009_1.jpg,.jpg,400,711,0.5626,284400,41.11,RGB
Clothes,clothes501_1.jpg,.jpg,400,533,0.7505,213200,27.82,RGB
Clothes,clothes5010_1.jpg,.jpg,400,711,0.5626,284400,20.82,RGB
Clothes,clothes5011_1.jpg,.jpg,400,533,0.7505,213200,21.51,RGB
Clothes,clothes5012_1.jpg,.jpg,400,534,0.7491,213600,22.86,RGB
Clothes,clothes5013_1.jpg,.jpg,400,534,0.7491,213600,12.89,RGB
Clothes,clothes5014_1.jpg,.jpg,400,533,0.7505,213200,26.43,RGB
Clothes,clothes5015_1.jpg,.jpg,400,533,0.7505,213200,22.29,RGB
Clothes,clothes5016_1.jpg,.jpg,400,534,0.7491,213600,14.89,RGB
Clothes,clothes5017_1.jpg,.jpg,400,533,0.7505,213200,18.18,RGB
Clothes,clothes5018_1.jpg,.jpg,400,533,0.7505,213200,31.43,RGB
Clothes,clothes5019_1.jpg,.jpg,400,534,0.7491,213600,15.53,RGB
Clothes,clothes502_1.jpg,.jpg,400,400,1.0,160000,18.08,RGB
Clothes,clothes5020_1.jpg,.jpg,400,503,0.7952,201200,23.65,RGB
Clothes,clothes5021_1.jpg,.jpg,400,534,0.7491,213600,13.03,RGB
Clothes,clothes5022_1.jpg,.jpg,533,400,1.3325,213200,24.36,RGB
Clothes,clothes5023_1.jpg,.jpg,400,533,0.7505,213200,16.68,RGB
Clothes,clothes5024_1.jpg,.jpg,400,470,0.8511,188000,23.49,RGB
Clothes,clothes5025_1.jpg,.jpg,400,533,0.7505,213200,51.25,RGB
Clothes,clothes5026_1.jpg,.jpg,533,400,1.3325,213200,34.12,RGB
Clothes,clothes5027_1.jpg,.jpg,400,534,0.7491,213600,16.2,RGB
Clothes,clothes5028_1.jpg,.jpg,400,534,0.7491,213600,19.11,RGB
Clothes,clothes5029_1.jpg,.jpg,400,533,0.7505,213200,12.92,RGB
Clothes,clothes503_1.jpg,.jpg,711,400,1.7775,284400,37.15,RGB
Clothes,clothes5030_1.jpg,.jpg,400,400,1.0,160000,31.55,RGB
Clothes,clothes5031_1.jpg,.jpg,400,422,0.9479,168800,13.41,RGB
Clothes,clothes5032_1.jpg,.jpg,400,451,0.8869,180400,26.98,RGB
Clothes,clothes5033_1.jpg,.jpg,400,534,0.7491,213600,21.22,RGB
Clothes,clothes5034_1.jpg,.jpg,534,400,1.335,213600,24.19,RGB
Clothes,clothes5035_1.jpg,.jpg,400,533,0.7505,213200,61.27,RGB
Clothes,clothes5036_1.jpg,.jpg,400,534,0.7491,213600,20.27,RGB
Clothes,clothes5037_1.jpg,.jpg,569,400,1.4225,227600,27.51,RGB
Clothes,clothes5038_1.jpg,.jpg,400,533,0.7505,213200,20.86,RGB
Clothes,clothes5039_1.jpg,.jpg,400,534,0.7491,213600,17.41,RGB
Clothes,clothes504_1.jpg,.jpg,400,545,0.7339,218000,13.54,RGB
Clothes,clothes5040_1.jpg,.jpg,534,400,1.335,213600,19.76,RGB
Clothes,clothes5041_1.jpg,.jpg,400,711,0.5626,284400,23.33,RGB
Clothes,clothes5042_1.jpg,.jpg,400,534,0.7491,213600,27.37,RGB
Clothes,clothes5043_1.jpg,.jpg,400,511,0.7828,204400,18.27,RGB
Clothes,clothes5044_1.jpg,.jpg,400,533,0.7505,213200,34.94,RGB
Clothes,clothes5045_1.jpg,.jpg,400,534,0.7491,213600,35.05,RGB
Clothes,clothes5046_1.jpg,.jpg,400,533,0.7505,213200,29.74,RGB
Clothes,clothes5047_1.jpg,.jpg,400,533,0.7505,213200,26.21,RGB
Clothes,clothes5048_1.jpg,.jpg,400,533,0.7505,213200,22.19,RGB
Clothes,clothes5049_1.jpg,.jpg,400,533,0.7505,213200,25.45,RGB
Clothes,clothes505_1.jpg,.jpg,400,533,0.7505,213200,30.12,RGB
Clothes,clothes5050_1.jpg,.jpg,400,533,0.7505,213200,43.38,RGB
Clothes,clothes5051_1.jpg,.jpg,400,534,0.7491,213600,13.95,RGB
Clothes,clothes5052_1.jpg,.jpg,477,400,1.1925,190800,20.74,RGB
Clothes,clothes5053_1.jpg,.jpg,400,533,0.7505,213200,21.77,RGB
Clothes,clothes5054_1.jpg,.jpg,400,711,0.5626,284400,21.81,RGB
Clothes,clothes5055_1.jpg,.jpg,400,533,0.7505,213200,44.12,RGB
Clothes,clothes5056_1.jpg,.jpg,400,533,0.7505,213200,50.38,RGB
Clothes,clothes5057_1.jpg,.jpg,400,533,0.7505,213200,36.14,RGB
Clothes,clothes5058_1.jpg,.jpg,400,533,0.7505,213200,27.26,RGB
Clothes,clothes5059_1.jpg,.jpg,400,608,0.6579,243200,36.27,RGB
Clothes,clothes506_1.jpg,.jpg,400,533,0.7505,213200,52.89,RGB
Clothes,clothes5060_1.jpg,.jpg,400,534,0.7491,213600,25.6,RGB
Clothes,clothes5061_1.jpg,.jpg,400,400,1.0,160000,29.97,RGB
Clothes,clothes5062_1.jpg,.jpg,400,449,0.8909,179600,25.46,RGB
Clothes,clothes5063_1.jpg,.jpg,400,465,0.8602,186000,15.65,RGB
Clothes,clothes5064_1.jpg,.jpg,400,405,0.9877,162000,13.35,RGB
Clothes,clothes5065_1.jpg,.jpg,400,533,0.7505,213200,26.49,RGB
Clothes,clothes5066_1.jpg,.jpg,433,400,1.0825,173200,18.36,RGB
Clothes,clothes5067_1.jpg,.jpg,400,533,0.7505,213200,23.65,RGB
Clothes,clothes5068_1.jpg,.jpg,400,400,1.0,160000,13.38,RGB
Clothes,clothes5069_1.jpg,.jpg,533,400,1.3325,213200,22.14,RGB
Clothes,clothes507_1.jpg,.jpg,400,533,0.7505,213200,25.54,RGB
Clothes,clothes5070_1.jpg,.jpg,400,533,0.7505,213200,39.38,RGB
Clothes,clothes5071_1.jpg,.jpg,400,533,0.7505,213200,21.09,RGB
Clothes,clothes5072_1.jpg,.jpg,400,533,0.7505,213200,27.61,RGB
Clothes,clothes5073_1.jpg,.jpg,711,400,1.7775,284400,34.02,RGB
Clothes,clothes5074_1.jpg,.jpg,400,533,0.7505,213200,29.46,RGB
Clothes,clothes5075_1.jpg,.jpg,400,533,0.7505,213200,35.88,RGB
Clothes,clothes5076_1.jpg,.jpg,400,533,0.7505,213200,21.9,RGB
Clothes,clothes5077_1.jpg,.jpg,400,452,0.885,180800,39.33,RGB
Clothes,clothes5078_1.jpg,.jpg,867,400,2.1675,346800,31.95,RGB
Clothes,clothes5079_1.jpg,.jpg,400,534,0.7491,213600,20.58,RGB
Clothes,clothes508_1.jpg,.jpg,534,400,1.335,213600,20.59,RGB
Clothes,clothes5080_1.jpg,.jpg,400,533,0.7505,213200,27.67,RGB
Clothes,clothes5081_1.jpg,.jpg,400,533,0.7505,213200,45.94,RGB
Clothes,clothes5082_1.jpg,.jpg,400,533,0.7505,213200,34.78,RGB
Clothes,clothes5083_1.jpg,.jpg,533,400,1.3325,213200,25.55,RGB
Clothes,clothes5084_1.jpg,.jpg,400,534,0.7491,213600,31.0,RGB
Clothes,clothes5085_1.jpg,.jpg,400,533,0.7505,213200,18.93,RGB
Clothes,clothes5086_1.jpg,.jpg,400,437,0.9153,174800,21.38,RGB
Clothes,clothes5087_1.jpg,.jpg,400,533,0.7505,213200,45.71,RGB
Clothes,clothes5088_1.jpg,.jpg,400,533,0.7505,213200,36.29,RGB
Clothes,clothes5089_1.jpg,.jpg,400,412,0.9709,164800,29.98,RGB
Clothes,clothes509_1.jpg,.jpg,400,533,0.7505,213200,17.84,RGB
Clothes,clothes5090_1.jpg,.jpg,400,400,1.0,160000,37.19,RGB
Clothes,clothes5091_1.jpg,.jpg,400,500,0.8,200000,38.45,RGB
Clothes,clothes5092_1.jpg,.jpg,400,534,0.7491,213600,25.19,RGB
Clothes,clothes5093_1.jpg,.jpg,400,533,0.7505,213200,33.78,RGB
Clothes,clothes5094_1.jpg,.jpg,400,578,0.692,231200,43.03,RGB
Clothes,clothes5095_1.jpg,.jpg,533,400,1.3325,213200,21.54,RGB
Clothes,clothes5096_1.jpg,.jpg,400,533,0.7505,213200,16.99,RGB
Clothes,clothes5097_1.jpg,.jpg,400,534,0.7491,213600,20.31,RGB
Clothes,clothes5098_1.jpg,.jpg,400,533,0.7505,213200,22.69,RGB
Clothes,clothes5099_1.jpg,.jpg,533,400,1.3325,213200,24.74,RGB
Clothes,clothes51_1.jpg,.jpg,400,500,0.8,200000,11.21,RGB
Clothes,clothes510_1.jpg,.jpg,400,533,0.7505,213200,20.29,RGB
Clothes,clothes5100_1.jpg,.jpg,400,533,0.7505,213200,19.78,RGB
Clothes,clothes5101_1.jpg,.jpg,534,400,1.335,213600,16.8,RGB
Clothes,clothes5102_1.jpg,.jpg,400,532,0.7519,212800,51.86,RGB
Clothes,clothes5103_1.jpg,.jpg,400,533,0.7505,213200,34.26,RGB
Clothes,clothes5104_1.jpg,.jpg,400,711,0.5626,284400,19.48,RGB
Clothes,clothes5105_1.jpg,.jpg,400,533,0.7505,213200,22.44,RGB
Clothes,clothes5106_1.jpg,.jpg,400,711,0.5626,284400,23.57,RGB
Clothes,clothes5107_1.jpg,.jpg,400,400,1.0,160000,20.3,RGB
Clothes,clothes5108_1.jpg,.jpg,400,533,0.7505,213200,28.24,RGB
Clothes,clothes5109_1.jpg,.jpg,711,400,1.7775,284400,56.43,RGB
Clothes,clothes511_1.jpg,.jpg,400,533,0.7505,213200,27.05,RGB
Clothes,clothes5110_1.jpg,.jpg,400,438,0.9132,175200,14.69,RGB
Clothes,clothes5111_1.jpg,.jpg,400,533,0.7505,213200,18.63,RGB
Clothes,clothes5112_1.jpg,.jpg,400,534,0.7491,213600,15.4,RGB
Clothes,clothes5113_1.jpg,.jpg,400,534,0.7491,213600,13.78,RGB
Clothes,clothes5114_1.jpg,.jpg,400,711,0.5626,284400,38.56,RGB
Clothes,clothes5115_1.jpg,.jpg,400,711,0.5626,284400,26.51,RGB
Clothes,clothes5116_1.jpg,.jpg,400,400,1.0,160000,17.53,RGB
Clothes,clothes5117_1.jpg,.jpg,400,533,0.7505,213200,28.68,RGB
Clothes,clothes5118_1.jpg,.jpg,400,400,1.0,160000,17.73,RGB
Clothes,clothes5119_1.jpg,.jpg,400,533,0.7505,213200,16.88,RGB
Clothes,clothes512_1.jpg,.jpg,400,533,0.7505,213200,22.39,RGB
Clothes,clothes5120_1.jpg,.jpg,400,533,0.7505,213200,38.2,RGB
Clothes,clothes5121_1.jpg,.jpg,400,534,0.7491,213600,29.33,RGB
Clothes,clothes5122_1.jpg,.jpg,400,533,0.7505,213200,14.66,RGB
Clothes,clothes5123_1.jpg,.jpg,400,533,0.7505,213200,20.77,RGB
Clothes,clothes5124_1.jpg,.jpg,400,533,0.7505,213200,16.92,RGB
Clothes,clothes5125_1.jpg,.jpg,400,534,0.7491,213600,21.43,RGB
Clothes,clothes5126_1.jpg,.jpg,400,445,0.8989,178000,24.62,RGB
Clothes,clothes5127_1.jpg,.jpg,432,400,1.08,172800,21.69,RGB
Clothes,clothes5128_1.jpg,.jpg,400,534,0.7491,213600,13.93,RGB
Clothes,clothes5129_1.jpg,.jpg,400,533,0.7505,213200,16.72,RGB
Clothes,clothes513_1.jpg,.jpg,400,533,0.7505,213200,35.32,RGB
Clothes,clothes5130_1.jpg,.jpg,400,533,0.7505,213200,21.41,RGB
Clothes,clothes5131_1.jpg,.jpg,400,533,0.7505,213200,24.58,RGB
Clothes,clothes5132_1.jpg,.jpg,400,653,0.6126,261200,40.4,RGB
Clothes,clothes5133_1.jpg,.jpg,400,534,0.7491,213600,21.56,RGB
Clothes,clothes5134_1.jpg,.jpg,400,452,0.885,180800,34.47,RGB
Clothes,clothes5135_1.jpg,.jpg,400,533,0.7505,213200,24.92,RGB
Clothes,clothes5136_1.jpg,.jpg,400,533,0.7505,213200,25.21,RGB
Clothes,clothes5137_1.jpg,.jpg,400,534,0.7491,213600,24.78,RGB
Clothes,clothes5138_1.jpg,.jpg,400,533,0.7505,213200,22.16,RGB
Clothes,clothes5139_1.jpg,.jpg,400,534,0.7491,213600,17.33,RGB
Clothes,clothes514_1.jpg,.jpg,400,533,0.7505,213200,33.95,RGB
Clothes,clothes5140_1.jpg,.jpg,400,534,0.7491,213600,16.36,RGB
Clothes,clothes5141_1.jpg,.jpg,400,533,0.7505,213200,36.08,RGB
Clothes,clothes5142_1.jpg,.jpg,400,533,0.7505,213200,23.06,RGB
Clothes,clothes5143_1.jpg,.jpg,400,533,0.7505,213200,58.66,RGB
Clothes,clothes5144_1.jpg,.jpg,400,440,0.9091,176000,24.5,RGB
Clothes,clothes5145_1.jpg,.jpg,400,534,0.7491,213600,22.55,RGB
Clothes,clothes5146_1.jpg,.jpg,533,400,1.3325,213200,34.32,RGB
Clothes,clothes5147_1.jpg,.jpg,400,533,0.7505,213200,24.12,RGB
Clothes,clothes5148_1.jpg,.jpg,400,534,0.7491,213600,28.29,RGB
Clothes,clothes5149_1.jpg,.jpg,400,711,0.5626,284400,27.35,RGB
Clothes,clothes515_1.jpg,.jpg,400,533,0.7505,213200,19.88,RGB
Clothes,clothes5150_1.jpg,.jpg,533,400,1.3325,213200,22.4,RGB
Clothes,clothes5151_1.jpg,.jpg,400,534,0.7491,213600,25.92,RGB
Clothes,clothes5152_1.jpg,.jpg,400,503,0.7952,201200,36.16,RGB
Clothes,clothes5153_1.jpg,.jpg,400,533,0.7505,213200,34.81,RGB
Clothes,clothes5154_1.jpg,.jpg,400,533,0.7505,213200,21.28,RGB
Clothes,clothes5155_1.jpg,.jpg,400,533,0.7505,213200,32.05,RGB
Clothes,clothes5156_1.jpg,.jpg,400,533,0.7505,213200,26.09,RGB
Clothes,clothes5157_1.jpg,.jpg,533,400,1.3325,213200,35.78,RGB
Clothes,clothes5158_1.jpg,.jpg,400,644,0.6211,257600,35.73,RGB
Clothes,clothes5159_1.jpg,.jpg,400,533,0.7505,213200,27.88,RGB
Clothes,clothes516_1.jpg,.jpg,400,533,0.7505,213200,38.03,RGB
Clothes,clothes5160_1.jpg,.jpg,400,533,0.7505,213200,23.36,RGB
Clothes,clothes5161_1.jpg,.jpg,534,400,1.335,213600,21.18,RGB
Clothes,clothes5162_1.jpg,.jpg,534,400,1.335,213600,18.19,RGB
Clothes,clothes5163_1.jpg,.jpg,400,533,0.7505,213200,23.15,RGB
Clothes,clothes5164_1.jpg,.jpg,400,533,0.7505,213200,28.82,RGB
Clothes,clothes5165_1.jpg,.jpg,400,458,0.8734,183200,24.25,RGB
Clothes,clothes5166_1.jpg,.jpg,400,534,0.7491,213600,20.48,RGB
Clothes,clothes5167_1.jpg,.jpg,533,400,1.3325,213200,21.79,RGB
Clothes,clothes5168_1.jpg,.jpg,400,534,0.7491,213600,19.08,RGB
Clothes,clothes5169_1.jpg,.jpg,400,533,0.7505,213200,26.35,RGB
Clothes,clothes517_1.jpg,.jpg,400,533,0.7505,213200,36.35,RGB
Clothes,clothes5170_1.jpg,.jpg,400,711,0.5626,284400,37.8,RGB
Clothes,clothes5171_1.jpg,.jpg,533,400,1.3325,213200,30.26,RGB
Clothes,clothes5172_1.jpg,.jpg,400,533,0.7505,213200,27.34,RGB
Clothes,clothes5173_1.jpg,.jpg,400,533,0.7505,213200,18.87,RGB
Clothes,clothes5174_1.jpg,.jpg,400,533,0.7505,213200,25.68,RGB
Clothes,clothes5175_1.jpg,.jpg,400,533,0.7505,213200,24.68,RGB
Clothes,clothes5176_1.jpg,.jpg,400,534,0.7491,213600,35.32,RGB
Clothes,clothes5177_1.jpg,.jpg,400,534,0.7491,213600,22.25,RGB
Clothes,clothes5178_1.jpg,.jpg,400,533,0.7505,213200,41.58,RGB
Clothes,clothes5179_1.jpg,.jpg,400,403,0.9926,161200,12.92,RGB
Clothes,clothes518_1.jpg,.jpg,400,534,0.7491,213600,31.4,RGB
Clothes,clothes5180_1.jpg,.jpg,400,534,0.7491,213600,22.49,RGB
Clothes,clothes5181_1.jpg,.jpg,533,400,1.3325,213200,30.57,RGB
Clothes,clothes5182_1.jpg,.jpg,400,400,1.0,160000,8.99,RGB
Clothes,clothes5183_1.jpg,.jpg,400,533,0.7505,213200,45.12,RGB
Clothes,clothes5184_1.jpg,.jpg,400,533,0.7505,213200,22.44,RGB
Clothes,clothes5185_1.jpg,.jpg,400,533,0.7505,213200,24.77,RGB
Clothes,clothes5186_1.jpg,.jpg,400,533,0.7505,213200,28.31,RGB
Clothes,clothes5187_1.jpg,.jpg,400,533,0.7505,213200,57.18,RGB
Clothes,clothes5188_1.jpg,.jpg,400,534,0.7491,213600,31.74,RGB
Clothes,clothes5189_1.jpg,.jpg,400,534,0.7491,213600,16.97,RGB
Clothes,clothes519_1.jpg,.jpg,650,400,1.625,260000,33.34,RGB
Clothes,clothes5190_1.jpg,.jpg,400,534,0.7491,213600,24.28,RGB
Clothes,clothes5191_1.jpg,.jpg,400,534,0.7491,213600,24.75,RGB
Clothes,clothes5192_1.jpg,.jpg,400,711,0.5626,284400,47.54,RGB
Clothes,clothes5193_1.jpg,.jpg,533,400,1.3325,213200,23.77,RGB
Clothes,clothes5194_1.jpg,.jpg,400,533,0.7505,213200,17.39,RGB
Clothes,clothes5195_1.jpg,.jpg,415,400,1.0375,166000,11.42,RGB
Clothes,clothes5196_1.jpg,.jpg,400,533,0.7505,213200,21.83,RGB
Clothes,clothes5197_1.jpg,.jpg,400,533,0.7505,213200,18.3,RGB
Clothes,clothes5198_1.jpg,.jpg,400,412,0.9709,164800,18.37,RGB
Clothes,clothes5199_1.jpg,.jpg,400,533,0.7505,213200,30.69,RGB
Clothes,clothes52_1.jpg,.jpg,445,400,1.1125,178000,25.79,RGB
Clothes,clothes520_1.jpg,.jpg,400,533,0.7505,213200,18.47,RGB
Clothes,clothes5200_1.jpg,.jpg,400,533,0.7505,213200,22.39,RGB
Clothes,clothes5201_1.jpg,.jpg,400,486,0.823,194400,23.6,RGB
Clothes,clothes5202_1.jpg,.jpg,400,711,0.5626,284400,26.2,RGB
Clothes,clothes5203_1.jpg,.jpg,400,549,0.7286,219600,14.03,RGB
Clothes,clothes5204_1.jpg,.jpg,400,592,0.6757,236800,28.66,RGB
Clothes,clothes5205_1.jpg,.jpg,400,533,0.7505,213200,28.96,RGB
Clothes,clothes5206_1.jpg,.jpg,400,533,0.7505,213200,25.89,RGB
Clothes,clothes5207_1.jpg,.jpg,400,536,0.7463,214400,40.93,RGB
Clothes,clothes5208_1.jpg,.jpg,400,425,0.9412,170000,14.11,RGB
Clothes,clothes5209_1.jpg,.jpg,400,533,0.7505,213200,20.47,RGB
Clothes,clothes521_1.jpg,.jpg,400,533,0.7505,213200,18.37,RGB
Clothes,clothes5210_1.jpg,.jpg,400,534,0.7491,213600,26.61,RGB
Clothes,clothes5211_1.jpg,.jpg,400,533,0.7505,213200,15.48,RGB
Clothes,clothes5212_1.jpg,.jpg,400,533,0.7505,213200,24.55,RGB
Clothes,clothes5213_1.jpg,.jpg,400,533,0.7505,213200,28.94,RGB
Clothes,clothes5214_1.jpg,.jpg,400,533,0.7505,213200,14.26,RGB
Clothes,clothes5215_1.jpg,.jpg,400,533,0.7505,213200,22.43,RGB
Clothes,clothes5216_1.jpg,.jpg,421,400,1.0525,168400,14.39,RGB
Clothes,clothes5217_1.jpg,.jpg,400,533,0.7505,213200,29.93,RGB
Clothes,clothes5218_1.jpg,.jpg,400,534,0.7491,213600,27.68,RGB
Clothes,clothes5219_1.jpg,.jpg,400,533,0.7505,213200,34.89,RGB
Clothes,clothes522_1.jpg,.jpg,400,534,0.7491,213600,11.25,RGB
Clothes,clothes5220_1.jpg,.jpg,400,533,0.7505,213200,34.77,RGB
Clothes,clothes5221_1.jpg,.jpg,400,533,0.7505,213200,37.96,RGB
Clothes,clothes5222_1.jpg,.jpg,400,534,0.7491,213600,17.33,RGB
Clothes,clothes5223_1.jpg,.jpg,400,400,1.0,160000,24.34,RGB
Clothes,clothes5224_1.jpg,.jpg,400,533,0.7505,213200,36.82,RGB
Clothes,clothes5225_1.jpg,.jpg,711,400,1.7775,284400,32.56,RGB
Clothes,clothes5226_1.jpg,.jpg,400,533,0.7505,213200,48.58,RGB
Clothes,clothes5227_1.jpg,.jpg,400,533,0.7505,213200,18.15,RGB
Clothes,clothes5228_1.jpg,.jpg,400,534,0.7491,213600,18.58,RGB
Clothes,clothes5229_1.jpg,.jpg,533,400,1.3325,213200,28.62,RGB
Clothes,clothes523_1.jpg,.jpg,430,400,1.075,172000,20.34,RGB
Clothes,clothes5230_1.jpg,.jpg,400,533,0.7505,213200,17.74,RGB
Clothes,clothes5231_1.jpg,.jpg,533,400,1.3325,213200,37.76,RGB
Clothes,clothes5232_1.jpg,.jpg,534,400,1.335,213600,20.28,RGB
Clothes,clothes5233_1.jpg,.jpg,400,534,0.7491,213600,21.87,RGB
Clothes,clothes5234_1.jpg,.jpg,400,533,0.7505,213200,23.4,RGB
Clothes,clothes5235_1.jpg,.jpg,400,533,0.7505,213200,18.76,RGB
Clothes,clothes5236_1.jpg,.jpg,400,533,0.7505,213200,16.36,RGB
Clothes,clothes5237_1.jpg,.jpg,400,533,0.7505,213200,50.54,RGB
Clothes,clothes5238_1.jpg,.jpg,400,533,0.7505,213200,20.21,RGB
Clothes,clothes5239_1.jpg,.jpg,400,534,0.7491,213600,27.53,RGB
Clothes,clothes524_1.jpg,.jpg,400,711,0.5626,284400,31.86,RGB
Clothes,clothes5240_1.jpg,.jpg,533,400,1.3325,213200,13.77,RGB
Clothes,clothes5241_1.jpg,.jpg,400,534,0.7491,213600,18.36,RGB
Clothes,clothes5242_1.jpg,.jpg,400,533,0.7505,213200,21.06,RGB
Clothes,clothes5243_1.jpg,.jpg,400,533,0.7505,213200,30.64,RGB
Clothes,clothes5244_1.jpg,.jpg,533,400,1.3325,213200,24.99,RGB
Clothes,clothes5245_1.jpg,.jpg,400,533,0.7505,213200,51.77,RGB
Clothes,clothes5246_1.jpg,.jpg,400,534,0.7491,213600,19.82,RGB
Clothes,clothes5247_1.jpg,.jpg,400,400,1.0,160000,29.91,RGB
Clothes,clothes5248_1.jpg,.jpg,400,533,0.7505,213200,27.27,RGB
Clothes,clothes5249_1.jpg,.jpg,400,532,0.7519,212800,33.61,RGB
Clothes,clothes525_1.jpg,.jpg,400,533,0.7505,213200,19.8,RGB
Clothes,clothes5250_1.jpg,.jpg,534,400,1.335,213600,28.64,RGB
Clothes,clothes5251_1.jpg,.jpg,400,533,0.7505,213200,38.39,RGB
Clothes,clothes5252_1.jpg,.jpg,400,647,0.6182,258800,25.42,RGB
Clothes,clothes5253_1.jpg,.jpg,400,533,0.7505,213200,45.0,RGB
Clothes,clothes5254_1.jpg,.jpg,400,534,0.7491,213600,39.19,RGB
Clothes,clothes5255_1.jpg,.jpg,400,533,0.7505,213200,20.24,RGB
Clothes,clothes5256_1.jpg,.jpg,400,534,0.7491,213600,16.35,RGB
Clothes,clothes5257_1.jpg,.jpg,400,539,0.7421,215600,37.65,RGB
Clothes,clothes5258_1.jpg,.jpg,400,712,0.5618,284800,26.66,RGB
Clothes,clothes5259_1.jpg,.jpg,400,534,0.7491,213600,14.05,RGB
Clothes,clothes526_1.jpg,.jpg,400,534,0.7491,213600,27.67,RGB
Clothes,clothes5260_1.jpg,.jpg,400,533,0.7505,213200,41.7,RGB
Clothes,clothes5261_1.jpg,.jpg,400,533,0.7505,213200,19.89,RGB
Clothes,clothes5262_1.jpg,.jpg,400,428,0.9346,171200,14.97,RGB
Clothes,clothes5263_1.jpg,.jpg,400,407,0.9828,162800,16.04,RGB
Clothes,clothes5264_1.jpg,.jpg,400,533,0.7505,213200,28.06,RGB
Clothes,clothes5265_1.jpg,.jpg,711,400,1.7775,284400,43.7,RGB
Clothes,clothes5266_1.jpg,.jpg,400,534,0.7491,213600,14.89,RGB
Clothes,clothes5267_1.jpg,.jpg,400,711,0.5626,284400,19.26,RGB
Clothes,clothes5268_1.jpg,.jpg,400,533,0.7505,213200,32.05,RGB
Clothes,clothes5269_1.jpg,.jpg,400,534,0.7491,213600,12.35,RGB
Clothes,clothes527_1.jpg,.jpg,400,533,0.7505,213200,21.15,RGB
Clothes,clothes5270_1.jpg,.jpg,534,400,1.335,213600,24.0,RGB
Clothes,clothes5271_1.jpg,.jpg,400,533,0.7505,213200,23.9,RGB
Clothes,clothes5272_1.jpg,.jpg,533,400,1.3325,213200,24.93,RGB
Clothes,clothes5273_1.jpg,.jpg,400,533,0.7505,213200,24.07,RGB
Clothes,clothes5274_1.jpg,.jpg,400,533,0.7505,213200,21.14,RGB
Clothes,clothes5275_1.jpg,.jpg,400,533,0.7505,213200,21.49,RGB
Clothes,clothes5276_1.jpg,.jpg,533,400,1.3325,213200,45.61,RGB
Clothes,clothes5277_1.jpg,.jpg,451,400,1.1275,180400,38.68,RGB
Clothes,clothes5278_1.jpg,.jpg,400,533,0.7505,213200,30.38,RGB
Clothes,clothes5279_1.jpg,.jpg,534,400,1.335,213600,16.65,RGB
Clothes,clothes528_1.jpg,.jpg,400,533,0.7505,213200,28.8,RGB
Clothes,clothes5280_1.jpg,.jpg,865,400,2.1625,346000,78.06,RGB
Clothes,clothes5281_1.jpg,.jpg,577,400,1.4425,230800,48.56,RGB
Clothes,clothes5282_1.jpg,.jpg,400,710,0.5634,284000,71.08,RGB
Clothes,clothes5283_1.jpg,.jpg,400,400,1.0,160000,24.15,RGB
Clothes,clothes5284_1.jpg,.jpg,400,800,0.5,320000,45.97,RGB
Clothes,clothes5285_1.jpg,.jpg,400,400,1.0,160000,17.54,RGB
Clothes,clothes5286_1.jpg,.jpg,400,533,0.7505,213200,33.23,RGB
Clothes,clothes5287_1.jpg,.jpg,400,533,0.7505,213200,47.68,RGB
Clothes,clothes5288_1.jpg,.jpg,400,533,0.7505,213200,39.65,RGB
Clothes,clothes5289_1.jpg,.jpg,400,533,0.7505,213200,25.91,RGB
Clothes,clothes529_1.jpg,.jpg,488,400,1.22,195200,21.86,RGB
Clothes,clothes5290_1.jpg,.jpg,400,533,0.7505,213200,21.99,RGB
Clothes,clothes5291_1.jpg,.jpg,400,711,0.5626,284400,24.8,RGB
Clothes,clothes5292_1.jpg,.jpg,400,533,0.7505,213200,13.77,RGB
Clothes,clothes5293_1.jpg,.jpg,400,533,0.7505,213200,29.55,RGB
Clothes,clothes5294_1.jpg,.jpg,400,534,0.7491,213600,22.01,RGB
Clothes,clothes5295_1.jpg,.jpg,400,533,0.7505,213200,23.22,RGB
Clothes,clothes5296_1.jpg,.jpg,533,400,1.3325,213200,29.24,RGB
Clothes,clothes5297_1.jpg,.jpg,400,711,0.5626,284400,56.38,RGB
Clothes,clothes5298_1.jpg,.jpg,400,443,0.9029,177200,18.21,RGB
Clothes,clothes5299_1.jpg,.jpg,534,400,1.335,213600,24.44,RGB
Clothes,clothes53_1.jpg,.jpg,400,711,0.5626,284400,30.33,RGB
Clothes,clothes530_1.jpg,.jpg,400,400,1.0,160000,13.92,RGB
Clothes,clothes5300_1.jpg,.jpg,400,533,0.7505,213200,28.6,RGB
Clothes,clothes5301_1.jpg,.jpg,400,534,0.7491,213600,26.65,RGB
Clothes,clothes5302_1.jpg,.jpg,400,533,0.7505,213200,19.11,RGB
Clothes,clothes5303_1.jpg,.jpg,400,462,0.8658,184800,17.96,RGB
Clothes,clothes5304_1.jpg,.jpg,400,533,0.7505,213200,34.43,RGB
Clothes,clothes5305_1.jpg,.jpg,534,400,1.335,213600,23.98,RGB
Clothes,clothes5306_1.jpg,.jpg,400,711,0.5626,284400,18.91,RGB
Clothes,clothes5307_1.jpg,.jpg,400,533,0.7505,213200,28.13,RGB
Clothes,clothes5308_1.jpg,.jpg,400,533,0.7505,213200,24.49,RGB
Clothes,clothes5309_1.jpg,.jpg,400,533,0.7505,213200,16.24,RGB
Clothes,clothes531_1.jpg,.jpg,400,533,0.7505,213200,24.31,RGB
Clothes,clothes5310_1.jpg,.jpg,400,533,0.7505,213200,22.17,RGB
Clothes,clothes5311_1.jpg,.jpg,400,711,0.5626,284400,44.89,RGB
Clothes,clothes5312_1.jpg,.jpg,400,505,0.7921,202000,22.19,RGB
Clothes,clothes5313_1.jpg,.jpg,400,400,1.0,160000,14.08,RGB
Clothes,clothes5314_1.jpg,.jpg,400,534,0.7491,213600,16.14,RGB
Clothes,clothes5315_1.jpg,.jpg,400,533,0.7505,213200,51.39,RGB
Clothes,clothes5316_1.jpg,.jpg,400,432,0.9259,172800,25.86,RGB
Clothes,clothes5317_1.jpg,.jpg,400,534,0.7491,213600,15.63,RGB
Clothes,clothes5318_1.jpg,.jpg,400,534,0.7491,213600,18.09,RGB
Clothes,clothes5319_1.jpg,.jpg,400,534,0.7491,213600,22.65,RGB
Clothes,clothes532_1.jpg,.jpg,400,533,0.7505,213200,31.17,RGB
Clothes,clothes5320_1.jpg,.jpg,400,711,0.5626,284400,39.7,RGB
Clothes,clothes5321_1.jpg,.jpg,400,533,0.7505,213200,36.61,RGB
Clothes,clothes5322_1.jpg,.jpg,533,400,1.3325,213200,34.46,RGB
Clothes,clothes5323_1.jpg,.jpg,533,400,1.3325,213200,30.29,RGB
Clothes,clothes5324_1.jpg,.jpg,400,480,0.8333,192000,28.57,RGB
Clothes,clothes5325_1.jpg,.jpg,533,400,1.3325,213200,24.29,RGB
Clothes,clothes533_1.jpg,.jpg,400,602,0.6645,240800,32.24,RGB
Clothes,clothes534_1.jpg,.jpg,400,534,0.7491,213600,33.89,RGB
Clothes,clothes535_1.jpg,.jpg,400,534,0.7491,213600,14.36,RGB
Clothes,clothes536_1.jpg,.jpg,533,400,1.3325,213200,21.56,RGB
Clothes,clothes537_1.jpg,.jpg,400,533,0.7505,213200,53.73,RGB
Clothes,clothes538_1.jpg,.jpg,400,400,1.0,160000,28.83,RGB
Clothes,clothes539_1.jpg,.jpg,400,606,0.6601,242400,31.41,RGB
Clothes,clothes54_1.jpg,.jpg,400,533,0.7505,213200,24.58,RGB
Clothes,clothes540_1.jpg,.jpg,400,711,0.5626,284400,17.7,RGB
Clothes,clothes541_1.jpg,.jpg,400,711,0.5626,284400,48.96,RGB
Clothes,clothes542_1.jpg,.jpg,600,400,1.5,240000,40.06,RGB
Clothes,clothes543_1.jpg,.jpg,400,533,0.7505,213200,38.02,RGB
Clothes,clothes544_1.jpg,.jpg,400,533,0.7505,213200,53.59,RGB
Clothes,clothes545_1.jpg,.jpg,400,533,0.7505,213200,21.16,RGB
Clothes,clothes546_1.jpg,.jpg,400,532,0.7519,212800,34.45,RGB
Clothes,clothes547_1.jpg,.jpg,400,534,0.7491,213600,24.51,RGB
Clothes,clothes548_1.jpg,.jpg,400,512,0.7812,204800,40.92,RGB
Clothes,clothes549_1.jpg,.jpg,400,533,0.7505,213200,21.65,RGB
Clothes,clothes55_1.jpg,.jpg,711,400,1.7775,284400,31.27,RGB
Clothes,clothes550_1.jpg,.jpg,400,467,0.8565,186800,23.67,RGB
Clothes,clothes551_1.jpg,.jpg,400,533,0.7505,213200,27.03,RGB
Clothes,clothes552_1.jpg,.jpg,400,533,0.7505,213200,33.7,RGB
Clothes,clothes553_1.jpg,.jpg,400,533,0.7505,213200,17.66,RGB
Clothes,clothes554_1.jpg,.jpg,533,400,1.3325,213200,36.01,RGB
Clothes,clothes555_1.jpg,.jpg,429,400,1.0725,171600,24.55,RGB
Clothes,clothes556_1.jpg,.jpg,400,533,0.7505,213200,29.55,RGB
Clothes,clothes557_1.jpg,.jpg,400,534,0.7491,213600,18.76,RGB
Clothes,clothes558_1.jpg,.jpg,400,533,0.7505,213200,31.68,RGB
Clothes,clothes559_1.jpg,.jpg,400,533,0.7505,213200,27.6,RGB
Clothes,clothes56_1.jpg,.jpg,400,410,0.9756,164000,18.02,RGB
Clothes,clothes560_1.jpg,.jpg,400,711,0.5626,284400,27.72,RGB
Clothes,clothes561_1.jpg,.jpg,400,533,0.7505,213200,25.32,RGB
Clothes,clothes562_1.jpg,.jpg,400,533,0.7505,213200,19.0,RGB
Clothes,clothes563_1.jpg,.jpg,400,533,0.7505,213200,27.28,RGB
Clothes,clothes564_1.jpg,.jpg,417,400,1.0425,166800,45.22,RGB
Clothes,clothes565_1.jpg,.jpg,400,533,0.7505,213200,36.64,RGB
Clothes,clothes566_1.jpg,.jpg,400,701,0.5706,280400,29.17,RGB
Clothes,clothes567_1.jpg,.jpg,400,533,0.7505,213200,43.36,RGB
Clothes,clothes568_1.jpg,.jpg,400,533,0.7505,213200,24.53,RGB
Clothes,clothes569_1.jpg,.jpg,533,400,1.3325,213200,18.76,RGB
Clothes,clothes57_1.jpg,.jpg,400,533,0.7505,213200,20.48,RGB
Clothes,clothes570_1.jpg,.jpg,400,533,0.7505,213200,23.96,RGB
Clothes,clothes571_1.jpg,.jpg,533,400,1.3325,213200,25.24,RGB
Clothes,clothes572_1.jpg,.jpg,400,533,0.7505,213200,31.15,RGB
Clothes,clothes573_1.jpg,.jpg,533,400,1.3325,213200,21.25,RGB
Clothes,clothes574_1.jpg,.jpg,400,533,0.7505,213200,33.93,RGB
Clothes,clothes575_1.jpg,.jpg,400,533,0.7505,213200,14.72,RGB
Clothes,clothes576_1.jpg,.jpg,400,452,0.885,180800,18.57,RGB
Clothes,clothes577_1.jpg,.jpg,533,400,1.3325,213200,34.33,RGB
Clothes,clothes578_1.jpg,.jpg,400,533,0.7505,213200,29.7,RGB
Clothes,clothes579_1.jpg,.jpg,400,533,0.7505,213200,23.09,RGB
Clothes,clothes58_1.jpg,.jpg,400,711,0.5626,284400,27.39,RGB
Clothes,clothes580_1.jpg,.jpg,533,400,1.3325,213200,25.11,RGB
Clothes,clothes581_1.jpg,.jpg,400,533,0.7505,213200,23.27,RGB
Clothes,clothes582_1.jpg,.jpg,400,670,0.597,268000,74.32,RGB
Clothes,clothes583_1.jpg,.jpg,400,414,0.9662,165600,18.95,RGB
Clothes,clothes584_1.jpg,.jpg,400,711,0.5626,284400,20.25,RGB
Clothes,clothes585_1.jpg,.jpg,400,741,0.5398,296400,48.69,RGB
Clothes,clothes586_1.jpg,.jpg,400,533,0.7505,213200,37.07,RGB
Clothes,clothes587_1.jpg,.jpg,400,534,0.7491,213600,22.24,RGB
Clothes,clothes588_1.jpg,.jpg,400,461,0.8677,184400,17.48,RGB
Clothes,clothes589_1.jpg,.jpg,440,400,1.1,176000,15.92,RGB
Clothes,clothes59_1.jpg,.jpg,400,534,0.7491,213600,49.09,RGB
Clothes,clothes590_1.jpg,.jpg,533,400,1.3325,213200,25.07,RGB
Clothes,clothes591_1.jpg,.jpg,400,400,1.0,160000,24.17,RGB
Clothes,clothes592_1.jpg,.jpg,400,533,0.7505,213200,28.9,RGB
Clothes,clothes593_1.jpg,.jpg,400,533,0.7505,213200,49.2,RGB
Clothes,clothes594_1.jpg,.jpg,400,533,0.7505,213200,27.2,RGB
Clothes,clothes595_1.jpg,.jpg,400,533,0.7505,213200,13.87,RGB
Clothes,clothes596_1.jpg,.jpg,400,533,0.7505,213200,20.92,RGB
Clothes,clothes597_1.jpg,.jpg,400,534,0.7491,213600,17.64,RGB
Clothes,clothes598_1.jpg,.jpg,400,533,0.7505,213200,15.69,RGB
Clothes,clothes599_1.jpg,.jpg,400,534,0.7491,213600,27.02,RGB
Clothes,clothes6_1.jpg,.jpg,533,400,1.3325,213200,22.97,RGB
Clothes,clothes60_1.jpg,.jpg,461,400,1.1525,184400,20.86,RGB
Clothes,clothes600_1.jpg,.jpg,400,400,1.0,160000,30.26,RGB
Clothes,clothes601_1.jpg,.jpg,400,533,0.7505,213200,27.78,RGB
Clothes,clothes602_1.jpg,.jpg,400,533,0.7505,213200,34.47,RGB
Clothes,clothes603_1.jpg,.jpg,400,533,0.7505,213200,31.2,RGB
Clothes,clothes604_1.jpg,.jpg,400,400,1.0,160000,19.09,RGB
Clothes,clothes605_1.jpg,.jpg,533,400,1.3325,213200,30.88,RGB
Clothes,clothes606_1.jpg,.jpg,400,533,0.7505,213200,20.7,RGB
Clothes,clothes607_1.jpg,.jpg,400,534,0.7491,213600,17.75,RGB
Clothes,clothes608_1.jpg,.jpg,400,534,0.7491,213600,26.26,RGB
Clothes,clothes609_1.jpg,.jpg,400,533,0.7505,213200,21.91,RGB
Clothes,clothes61_1.jpg,.jpg,400,534,0.7491,213600,20.58,RGB
Clothes,clothes610_1.jpg,.jpg,400,534,0.7491,213600,22.8,RGB
Clothes,clothes611_1.jpg,.jpg,533,400,1.3325,213200,24.39,RGB
Clothes,clothes612_1.jpg,.jpg,400,475,0.8421,190000,21.67,RGB
Clothes,clothes613_1.jpg,.jpg,400,533,0.7505,213200,49.06,RGB
Clothes,clothes614_1.jpg,.jpg,400,534,0.7491,213600,14.62,RGB
Clothes,clothes615_1.jpg,.jpg,400,533,0.7505,213200,46.47,RGB
Clothes,clothes616_1.jpg,.jpg,533,400,1.3325,213200,24.65,RGB
Clothes,clothes617_1.jpg,.jpg,400,534,0.7491,213600,23.57,RGB
Clothes,clothes618_1.jpg,.jpg,400,533,0.7505,213200,46.08,RGB
Clothes,clothes619_1.jpg,.jpg,400,534,0.7491,213600,17.02,RGB
Clothes,clothes62_1.jpg,.jpg,400,533,0.7505,213200,22.69,RGB
Clothes,clothes620_1.jpg,.jpg,400,533,0.7505,213200,31.66,RGB
Clothes,clothes621_1.jpg,.jpg,400,534,0.7491,213600,30.27,RGB
Clothes,clothes622_1.jpg,.jpg,400,711,0.5626,284400,32.16,RGB
Clothes,clothes623_1.jpg,.jpg,400,534,0.7491,213600,24.87,RGB
Clothes,clothes624_1.jpg,.jpg,400,534,0.7491,213600,19.93,RGB
Clothes,clothes625_1.jpg,.jpg,711,400,1.7775,284400,17.64,RGB
Clothes,clothes626_1.jpg,.jpg,400,534,0.7491,213600,17.38,RGB
Clothes,clothes627_1.jpg,.jpg,422,400,1.055,168800,38.91,RGB
Clothes,clothes628_1.jpg,.jpg,400,533,0.7505,213200,44.95,RGB
Clothes,clothes629_1.jpg,.jpg,400,533,0.7505,213200,27.51,RGB
Clothes,clothes63_1.jpg,.jpg,400,533,0.7505,213200,16.76,RGB
Clothes,clothes630_1.jpg,.jpg,400,534,0.7491,213600,17.1,RGB
Clothes,clothes631_1.jpg,.jpg,400,400,1.0,160000,37.48,RGB
Clothes,clothes632_1.jpg,.jpg,400,534,0.7491,213600,37.74,RGB
Clothes,clothes633_1.jpg,.jpg,534,400,1.335,213600,32.7,RGB
Clothes,clothes634_1.jpg,.jpg,711,400,1.7775,284400,38.69,RGB
Clothes,clothes635_1.jpg,.jpg,400,534,0.7491,213600,22.27,RGB
Clothes,clothes636_1.jpg,.jpg,533,400,1.3325,213200,52.14,RGB
Clothes,clothes637_1.jpg,.jpg,400,534,0.7491,213600,17.79,RGB
Clothes,clothes638_1.jpg,.jpg,400,533,0.7505,213200,15.46,RGB
Clothes,clothes639_1.jpg,.jpg,400,533,0.7505,213200,41.75,RGB
Clothes,clothes64_1.jpg,.jpg,533,400,1.3325,213200,21.03,RGB
Clothes,clothes640_1.jpg,.jpg,400,533,0.7505,213200,18.97,RGB
Clothes,clothes641_1.jpg,.jpg,400,533,0.7505,213200,26.22,RGB
Clothes,clothes642_1.jpg,.jpg,400,533,0.7505,213200,37.75,RGB
Clothes,clothes643_1.jpg,.jpg,400,533,0.7505,213200,37.88,RGB
Clothes,clothes644_1.jpg,.jpg,400,533,0.7505,213200,17.52,RGB
Clothes,clothes645_1.jpg,.jpg,400,533,0.7505,213200,49.72,RGB
Clothes,clothes646_1.jpg,.jpg,400,533,0.7505,213200,12.17,RGB
Clothes,clothes647_1.jpg,.jpg,400,533,0.7505,213200,24.91,RGB
Clothes,clothes648_1.jpg,.jpg,400,461,0.8677,184400,23.11,RGB
Clothes,clothes649_1.jpg,.jpg,400,533,0.7505,213200,27.0,RGB
Clothes,clothes65_1.jpg,.jpg,400,534,0.7491,213600,31.69,RGB
Clothes,clothes650_1.jpg,.jpg,400,533,0.7505,213200,37.13,RGB
Clothes,clothes651_1.jpg,.jpg,400,533,0.7505,213200,34.98,RGB
Clothes,clothes652_1.jpg,.jpg,400,533,0.7505,213200,30.86,RGB
Clothes,clothes653_1.jpg,.jpg,425,400,1.0625,170000,19.73,RGB
Clothes,clothes654_1.jpg,.jpg,400,533,0.7505,213200,35.53,RGB
Clothes,clothes655_1.jpg,.jpg,400,533,0.7505,213200,32.57,RGB
Clothes,clothes656_1.jpg,.jpg,400,711,0.5626,284400,25.56,RGB
Clothes,clothes657_1.jpg,.jpg,400,711,0.5626,284400,19.8,RGB
Clothes,clothes658_1.jpg,.jpg,400,534,0.7491,213600,23.76,RGB
Clothes,clothes659_1.jpg,.jpg,400,701,0.5706,280400,55.48,RGB
Clothes,clothes66_1.jpg,.jpg,400,533,0.7505,213200,34.38,RGB
Clothes,clothes660_1.jpg,.jpg,400,533,0.7505,213200,23.71,RGB
Clothes,clothes661_1.jpg,.jpg,400,533,0.7505,213200,20.23,RGB
Clothes,clothes662_1.jpg,.jpg,400,533,0.7505,213200,20.04,RGB
Clothes,clothes663_1.jpg,.jpg,534,400,1.335,213600,31.2,RGB
Clothes,clothes664_1.jpg,.jpg,400,534,0.7491,213600,17.59,RGB
Clothes,clothes665_1.jpg,.jpg,400,435,0.9195,174000,16.43,RGB
Clothes,clothes666_1.jpg,.jpg,400,533,0.7505,213200,30.75,RGB
Clothes,clothes667_1.jpg,.jpg,400,533,0.7505,213200,38.35,RGB
Clothes,clothes668_1.jpg,.jpg,534,400,1.335,213600,19.1,RGB
Clothes,clothes669_1.jpg,.jpg,400,534,0.7491,213600,22.74,RGB
Clothes,clothes67_1.jpg,.jpg,400,711,0.5626,284400,28.98,RGB
Clothes,clothes670_1.jpg,.jpg,400,534,0.7491,213600,28.15,RGB
Clothes,clothes671_1.jpg,.jpg,400,534,0.7491,213600,41.35,RGB
Clothes,clothes672_1.jpg,.jpg,534,400,1.335,213600,19.89,RGB
Clothes,clothes673_1.jpg,.jpg,400,533,0.7505,213200,21.56,RGB
Clothes,clothes674_1.jpg,.jpg,612,400,1.53,244800,39.48,RGB
Clothes,clothes675_1.jpg,.jpg,400,711,0.5626,284400,31.76,RGB
Clothes,clothes676_1.jpg,.jpg,400,533,0.7505,213200,27.78,RGB
Clothes,clothes677_1.jpg,.jpg,400,534,0.7491,213600,17.84,RGB
Clothes,clothes678_1.jpg,.jpg,400,533,0.7505,213200,40.15,RGB
Clothes,clothes679_1.jpg,.jpg,400,463,0.8639,185200,30.35,RGB
Clothes,clothes68_1.jpg,.jpg,400,534,0.7491,213600,16.06,RGB
Clothes,clothes680_1.jpg,.jpg,400,533,0.7505,213200,27.06,RGB
Clothes,clothes681_1.jpg,.jpg,400,711,0.5626,284400,39.6,RGB
Clothes,clothes682_1.jpg,.jpg,400,533,0.7505,213200,23.73,RGB
Clothes,clothes683_1.jpg,.jpg,533,400,1.3325,213200,42.29,RGB
Clothes,clothes684_1.jpg,.jpg,533,400,1.3325,213200,34.06,RGB
Clothes,clothes685_1.jpg,.jpg,400,400,1.0,160000,18.06,RGB
Clothes,clothes686_1.jpg,.jpg,400,588,0.6803,235200,28.08,RGB
Clothes,clothes687_1.jpg,.jpg,400,533,0.7505,213200,39.85,RGB
Clothes,clothes688_1.jpg,.jpg,400,533,0.7505,213200,31.61,RGB
Clothes,clothes689_1.jpg,.jpg,400,533,0.7505,213200,32.54,RGB
Clothes,clothes69_1.jpg,.jpg,400,534,0.7491,213600,22.38,RGB
Clothes,clothes690_1.jpg,.jpg,400,415,0.9639,166000,14.45,RGB
Clothes,clothes691_1.jpg,.jpg,534,400,1.335,213600,19.04,RGB
Clothes,clothes692_1.jpg,.jpg,400,534,0.7491,213600,27.83,RGB
Clothes,clothes693_1.jpg,.jpg,400,533,0.7505,213200,18.65,RGB
Clothes,clothes694_1.jpg,.jpg,400,533,0.7505,213200,34.44,RGB
Clothes,clothes695_1.jpg,.jpg,534,400,1.335,213600,25.97,RGB
Clothes,clothes696_1.jpg,.jpg,534,400,1.335,213600,18.21,RGB
Clothes,clothes697_1.jpg,.jpg,400,533,0.7505,213200,25.43,RGB
Clothes,clothes698_1.jpg,.jpg,400,533,0.7505,213200,20.83,RGB
Clothes,clothes699_1.jpg,.jpg,400,533,0.7505,213200,30.08,RGB
Clothes,clothes7_1.jpg,.jpg,400,534,0.7491,213600,15.41,RGB
Clothes,clothes70_1.jpg,.jpg,400,454,0.8811,181600,15.79,RGB
Clothes,clothes700_1.jpg,.jpg,533,400,1.3325,213200,15.74,RGB
Clothes,clothes701_1.jpg,.jpg,400,533,0.7505,213200,29.36,RGB
Clothes,clothes702_1.jpg,.jpg,400,533,0.7505,213200,19.15,RGB
Clothes,clothes703_1.jpg,.jpg,400,534,0.7491,213600,11.01,RGB
Clothes,clothes704_1.jpg,.jpg,400,533,0.7505,213200,26.86,RGB
Clothes,clothes705_1.jpg,.jpg,400,533,0.7505,213200,25.8,RGB
Clothes,clothes706_1.jpg,.jpg,534,400,1.335,213600,26.82,RGB
Clothes,clothes707_1.jpg,.jpg,533,400,1.3325,213200,34.63,RGB
Clothes,clothes708_1.jpg,.jpg,400,533,0.7505,213200,51.37,RGB
Clothes,clothes709_1.jpg,.jpg,400,533,0.7505,213200,24.68,RGB
Clothes,clothes71_1.jpg,.jpg,400,534,0.7491,213600,16.7,RGB
Clothes,clothes710_1.jpg,.jpg,400,534,0.7491,213600,19.5,RGB
Clothes,clothes711_1.jpg,.jpg,400,533,0.7505,213200,15.04,RGB
Clothes,clothes712_1.jpg,.jpg,822,400,2.055,328800,21.9,RGB
Clothes,clothes713_1.jpg,.jpg,400,533,0.7505,213200,32.74,RGB
Clothes,clothes714_1.jpg,.jpg,533,400,1.3325,213200,19.96,RGB
Clothes,clothes715_1.jpg,.jpg,400,534,0.7491,213600,29.52,RGB
Clothes,clothes716_1.jpg,.jpg,400,534,0.7491,213600,42.08,RGB
Clothes,clothes717_1.jpg,.jpg,400,533,0.7505,213200,19.01,RGB
Clothes,clothes718_1.jpg,.jpg,400,533,0.7505,213200,16.5,RGB
Clothes,clothes719_1.jpg,.jpg,400,600,0.6667,240000,28.79,RGB
Clothes,clothes72_1.jpg,.jpg,400,533,0.7505,213200,37.4,RGB
Clothes,clothes720_1.jpg,.jpg,400,533,0.7505,213200,27.75,RGB
Clothes,clothes721_1.jpg,.jpg,400,534,0.7491,213600,18.09,RGB
Clothes,clothes722_1.jpg,.jpg,400,533,0.7505,213200,19.98,RGB
Clothes,clothes723_1.jpg,.jpg,400,533,0.7505,213200,28.49,RGB
Clothes,clothes724_1.jpg,.jpg,400,533,0.7505,213200,31.16,RGB
Clothes,clothes725_1.jpg,.jpg,400,534,0.7491,213600,31.05,RGB
Clothes,clothes726_1.jpg,.jpg,533,400,1.3325,213200,31.59,RGB
Clothes,clothes727_1.jpg,.jpg,400,533,0.7505,213200,17.14,RGB
Clothes,clothes728_1.jpg,.jpg,400,533,0.7505,213200,28.19,RGB
Clothes,clothes729_1.jpg,.jpg,400,533,0.7505,213200,38.06,RGB
Clothes,clothes73_1.jpg,.jpg,400,534,0.7491,213600,18.83,RGB
Clothes,clothes730_1.jpg,.jpg,400,533,0.7505,213200,28.07,RGB
Clothes,clothes731_1.jpg,.jpg,400,533,0.7505,213200,33.34,RGB
Clothes,clothes732_1.jpg,.jpg,400,533,0.7505,213200,27.86,RGB
Clothes,clothes733_1.jpg,.jpg,400,533,0.7505,213200,28.85,RGB
Clothes,clothes734_1.jpg,.jpg,400,400,1.0,160000,31.69,RGB
Clothes,clothes735_1.jpg,.jpg,533,400,1.3325,213200,30.76,RGB
Clothes,clothes736_1.jpg,.jpg,711,400,1.7775,284400,45.43,RGB
Clothes,clothes737_1.jpg,.jpg,400,400,1.0,160000,25.97,RGB
Clothes,clothes738_1.jpg,.jpg,400,537,0.7449,214800,28.57,RGB
Clothes,clothes739_1.jpg,.jpg,400,533,0.7505,213200,27.0,RGB
Clothes,clothes74_1.jpg,.jpg,400,614,0.6515,245600,42.76,RGB
Clothes,clothes740_1.jpg,.jpg,400,533,0.7505,213200,17.62,RGB
Clothes,clothes741_1.jpg,.jpg,400,534,0.7491,213600,13.58,RGB
Clothes,clothes742_1.jpg,.jpg,400,533,0.7505,213200,29.86,RGB
Clothes,clothes743_1.jpg,.jpg,400,533,0.7505,213200,25.6,RGB
Clothes,clothes744_1.jpg,.jpg,400,533,0.7505,213200,24.56,RGB
Clothes,clothes745_1.jpg,.jpg,400,534,0.7491,213600,12.72,RGB
Clothes,clothes746_1.jpg,.jpg,534,400,1.335,213600,34.07,RGB
Clothes,clothes747_1.jpg,.jpg,400,445,0.8989,178000,19.75,RGB
Clothes,clothes748_1.jpg,.jpg,400,533,0.7505,213200,34.91,RGB
Clothes,clothes749_1.jpg,.jpg,445,400,1.1125,178000,22.24,RGB
Clothes,clothes75_1.jpg,.jpg,400,533,0.7505,213200,20.76,RGB
Clothes,clothes750_1.jpg,.jpg,400,533,0.7505,213200,34.98,RGB
Clothes,clothes751_1.jpg,.jpg,400,534,0.7491,213600,23.75,RGB
Clothes,clothes752_1.jpg,.jpg,400,533,0.7505,213200,34.78,RGB
Clothes,clothes753_1.jpg,.jpg,400,533,0.7505,213200,16.14,RGB
Clothes,clothes754_1.jpg,.jpg,400,533,0.7505,213200,13.24,RGB
Clothes,clothes755_1.jpg,.jpg,400,711,0.5626,284400,27.77,RGB
Clothes,clothes756_1.jpg,.jpg,400,533,0.7505,213200,21.42,RGB
Clothes,clothes757_1.jpg,.jpg,400,533,0.7505,213200,29.7,RGB
Clothes,clothes758_1.jpg,.jpg,400,400,1.0,160000,18.62,RGB
Clothes,clothes759_1.jpg,.jpg,400,400,1.0,160000,35.84,RGB
Clothes,clothes76_1.jpg,.jpg,400,533,0.7505,213200,17.11,RGB
Clothes,clothes760_1.jpg,.jpg,400,552,0.7246,220800,28.27,RGB
Clothes,clothes761_1.jpg,.jpg,400,534,0.7491,213600,18.38,RGB
Clothes,clothes762_1.jpg,.jpg,400,533,0.7505,213200,25.33,RGB
Clothes,clothes763_1.jpg,.jpg,400,533,0.7505,213200,28.89,RGB
Clothes,clothes764_1.jpg,.jpg,533,400,1.3325,213200,17.67,RGB
Clothes,clothes765_1.jpg,.jpg,533,400,1.3325,213200,25.65,RGB
Clothes,clothes766_1.jpg,.jpg,400,533,0.7505,213200,20.51,RGB
Clothes,clothes767_1.jpg,.jpg,400,533,0.7505,213200,20.68,RGB
Clothes,clothes768_1.jpg,.jpg,400,533,0.7505,213200,25.38,RGB
Clothes,clothes769_1.jpg,.jpg,400,408,0.9804,163200,14.6,RGB
Clothes,clothes77_1.jpg,.jpg,400,534,0.7491,213600,14.25,RGB
Clothes,clothes770_1.jpg,.jpg,400,533,0.7505,213200,12.24,RGB
Clothes,clothes771_1.jpg,.jpg,400,533,0.7505,213200,21.74,RGB
Clothes,clothes772_1.jpg,.jpg,400,533,0.7505,213200,41.94,RGB
Clothes,clothes773_1.jpg,.jpg,400,533,0.7505,213200,10.89,RGB
Clothes,clothes774_1.jpg,.jpg,400,534,0.7491,213600,18.74,RGB
Clothes,clothes775_1.jpg,.jpg,400,533,0.7505,213200,25.79,RGB
Clothes,clothes776_1.jpg,.jpg,400,437,0.9153,174800,47.26,RGB
Clothes,clothes777_1.jpg,.jpg,400,533,0.7505,213200,25.26,RGB
Clothes,clothes778_1.jpg,.jpg,400,533,0.7505,213200,21.95,RGB
Clothes,clothes779_1.jpg,.jpg,400,533,0.7505,213200,17.46,RGB
Clothes,clothes78_1.jpg,.jpg,400,460,0.8696,184000,43.75,RGB
Clothes,clothes780_1.jpg,.jpg,400,711,0.5626,284400,85.66,RGB
Clothes,clothes781_1.jpg,.jpg,400,533,0.7505,213200,23.69,RGB
Clothes,clothes782_1.jpg,.jpg,400,533,0.7505,213200,23.22,RGB
Clothes,clothes783_1.jpg,.jpg,400,533,0.7505,213200,17.58,RGB
Clothes,clothes784_1.jpg,.jpg,400,655,0.6107,262000,33.94,RGB
Clothes,clothes785_1.jpg,.jpg,400,425,0.9412,170000,30.05,RGB
Clothes,clothes786_1.jpg,.jpg,400,533,0.7505,213200,15.96,RGB
Clothes,clothes787_1.jpg,.jpg,400,533,0.7505,213200,27.57,RGB
Clothes,clothes788_1.jpg,.jpg,400,533,0.7505,213200,37.57,RGB
Clothes,clothes789_1.jpg,.jpg,400,533,0.7505,213200,43.85,RGB
Clothes,clothes79_1.jpg,.jpg,400,537,0.7449,214800,41.61,RGB
Clothes,clothes790_1.jpg,.jpg,400,534,0.7491,213600,13.23,RGB
Clothes,clothes791_1.jpg,.jpg,533,400,1.3325,213200,25.97,RGB
Clothes,clothes792_1.jpg,.jpg,400,534,0.7491,213600,20.44,RGB
Clothes,clothes793_1.jpg,.jpg,400,534,0.7491,213600,13.03,RGB
Clothes,clothes794_1.jpg,.jpg,400,534,0.7491,213600,13.0,RGB
Clothes,clothes795_1.jpg,.jpg,400,533,0.7505,213200,33.45,RGB
Clothes,clothes796_1.jpg,.jpg,400,534,0.7491,213600,19.99,RGB
Clothes,clothes797_1.jpg,.jpg,463,400,1.1575,185200,30.82,RGB
Clothes,clothes798_1.jpg,.jpg,400,534,0.7491,213600,22.05,RGB
Clothes,clothes799_1.jpg,.jpg,400,711,0.5626,284400,38.68,RGB
Clothes,clothes8_1.jpg,.jpg,400,533,0.7505,213200,18.48,RGB
Clothes,clothes80_1.jpg,.jpg,400,533,0.7505,213200,44.35,RGB
Clothes,clothes800_1.jpg,.jpg,400,534,0.7491,213600,19.62,RGB
Clothes,clothes801_1.jpg,.jpg,400,598,0.6689,239200,44.85,RGB
Clothes,clothes802_1.jpg,.jpg,400,400,1.0,160000,15.68,RGB
Clothes,clothes803_1.jpg,.jpg,483,400,1.2075,193200,44.74,RGB
Clothes,clothes804_1.jpg,.jpg,400,534,0.7491,213600,27.98,RGB
Clothes,clothes805_1.jpg,.jpg,400,534,0.7491,213600,20.23,RGB
Clothes,clothes806_1.jpg,.jpg,400,400,1.0,160000,19.35,RGB
Clothes,clothes807_1.jpg,.jpg,400,533,0.7505,213200,32.68,RGB
Clothes,clothes808_1.jpg,.jpg,400,534,0.7491,213600,39.0,RGB
Clothes,clothes809_1.jpg,.jpg,400,532,0.7519,212800,24.18,RGB
Clothes,clothes81_1.jpg,.jpg,400,533,0.7505,213200,29.04,RGB
Clothes,clothes810_1.jpg,.jpg,533,400,1.3325,213200,67.68,RGB
Clothes,clothes811_1.jpg,.jpg,400,534,0.7491,213600,23.1,RGB
Clothes,clothes812_1.jpg,.jpg,533,400,1.3325,213200,25.73,RGB
Clothes,clothes813_1.jpg,.jpg,533,400,1.3325,213200,22.96,RGB
Clothes,clothes814_1.jpg,.jpg,400,533,0.7505,213200,50.26,RGB
Clothes,clothes815_1.jpg,.jpg,500,400,1.25,200000,25.52,RGB
Clothes,clothes816_1.jpg,.jpg,534,400,1.335,213600,24.13,RGB
Clothes,clothes817_1.jpg,.jpg,400,711,0.5626,284400,15.49,RGB
Clothes,clothes818_1.jpg,.jpg,400,533,0.7505,213200,24.36,RGB
Clothes,clothes819_1.jpg,.jpg,400,533,0.7505,213200,28.3,RGB
Clothes,clothes82_1.jpg,.jpg,473,400,1.1825,189200,34.64,RGB
Clothes,clothes820_1.jpg,.jpg,400,432,0.9259,172800,14.7,RGB
Clothes,clothes821_1.jpg,.jpg,533,400,1.3325,213200,35.12,RGB
Clothes,clothes822_1.jpg,.jpg,400,533,0.7505,213200,18.95,RGB
Clothes,clothes823_1.jpg,.jpg,400,512,0.7812,204800,17.46,RGB
Clothes,clothes824_1.jpg,.jpg,400,534,0.7491,213600,26.89,RGB
Clothes,clothes825_1.jpg,.jpg,400,602,0.6645,240800,30.53,RGB
Clothes,clothes826_1.jpg,.jpg,534,400,1.335,213600,27.69,RGB
Clothes,clothes827_1.jpg,.jpg,400,533,0.7505,213200,26.27,RGB
Clothes,clothes828_1.jpg,.jpg,400,533,0.7505,213200,19.37,RGB
Clothes,clothes829_1.jpg,.jpg,400,534,0.7491,213600,26.33,RGB
Clothes,clothes83_1.jpg,.jpg,533,400,1.3325,213200,22.54,RGB
Clothes,clothes830_1.jpg,.jpg,400,508,0.7874,203200,42.53,RGB
Clothes,clothes831_1.jpg,.jpg,400,534,0.7491,213600,14.66,RGB
Clothes,clothes832_1.jpg,.jpg,400,474,0.8439,189600,24.5,RGB
Clothes,clothes833_1.jpg,.jpg,400,533,0.7505,213200,22.68,RGB
Clothes,clothes834_1.jpg,.jpg,400,534,0.7491,213600,26.1,RGB
Clothes,clothes835_1.jpg,.jpg,400,400,1.0,160000,19.39,RGB
Clothes,clothes836_1.jpg,.jpg,533,400,1.3325,213200,27.94,RGB
Clothes,clothes837_1.jpg,.jpg,400,533,0.7505,213200,33.26,RGB
Clothes,clothes838_1.jpg,.jpg,400,400,1.0,160000,13.73,RGB
Clothes,clothes839_1.jpg,.jpg,400,533,0.7505,213200,17.96,RGB
Clothes,clothes84_1.jpg,.jpg,400,711,0.5626,284400,45.95,RGB
Clothes,clothes840_1.jpg,.jpg,400,533,0.7505,213200,17.93,RGB
Clothes,clothes841_1.jpg,.jpg,533,400,1.3325,213200,25.27,RGB
Clothes,clothes842_1.jpg,.jpg,400,443,0.9029,177200,22.55,RGB
Clothes,clothes843_1.jpg,.jpg,533,400,1.3325,213200,28.41,RGB
Clothes,clothes844_1.jpg,.jpg,400,533,0.7505,213200,39.86,RGB
Clothes,clothes845_1.jpg,.jpg,400,533,0.7505,213200,36.89,RGB
Clothes,clothes846_1.jpg,.jpg,534,400,1.335,213600,23.67,RGB
Clothes,clothes847_1.jpg,.jpg,400,416,0.9615,166400,12.55,RGB
Clothes,clothes848_1.jpg,.jpg,400,533,0.7505,213200,18.11,RGB
Clothes,clothes849_1.jpg,.jpg,400,533,0.7505,213200,14.53,RGB
Clothes,clothes85_1.jpg,.jpg,400,533,0.7505,213200,45.13,RGB
Clothes,clothes850_1.jpg,.jpg,400,533,0.7505,213200,28.54,RGB
Clothes,clothes851_1.jpg,.jpg,400,534,0.7491,213600,25.81,RGB
Clothes,clothes852_1.jpg,.jpg,400,533,0.7505,213200,18.47,RGB
Clothes,clothes853_1.jpg,.jpg,400,533,0.7505,213200,28.69,RGB
Clothes,clothes854_1.jpg,.jpg,400,711,0.5626,284400,34.62,RGB
Clothes,clothes855_1.jpg,.jpg,400,534,0.7491,213600,22.86,RGB
Clothes,clothes856_1.jpg,.jpg,533,400,1.3325,213200,17.79,RGB
Clothes,clothes857_1.jpg,.jpg,400,458,0.8734,183200,16.4,RGB
Clothes,clothes858_1.jpg,.jpg,400,534,0.7491,213600,19.82,RGB
Clothes,clothes859_1.jpg,.jpg,400,533,0.7505,213200,17.12,RGB
Clothes,clothes86_1.jpg,.jpg,400,533,0.7505,213200,40.43,RGB
Clothes,clothes860_1.jpg,.jpg,400,499,0.8016,199600,15.2,RGB
Clothes,clothes861_1.jpg,.jpg,400,533,0.7505,213200,36.47,RGB
Clothes,clothes862_1.jpg,.jpg,400,533,0.7505,213200,33.15,RGB
Clothes,clothes863_1.jpg,.jpg,400,534,0.7491,213600,42.88,RGB
Clothes,clothes864_1.jpg,.jpg,400,533,0.7505,213200,24.86,RGB
Clothes,clothes865_1.jpg,.jpg,400,533,0.7505,213200,21.63,RGB
Clothes,clothes866_1.jpg,.jpg,400,534,0.7491,213600,23.84,RGB
Clothes,clothes867_1.jpg,.jpg,400,533,0.7505,213200,22.45,RGB
Clothes,clothes868_1.jpg,.jpg,400,534,0.7491,213600,14.05,RGB
Clothes,clothes869_1.jpg,.jpg,534,400,1.335,213600,23.43,RGB
Clothes,clothes87_1.jpg,.jpg,400,454,0.8811,181600,27.72,RGB
Clothes,clothes870_1.jpg,.jpg,533,400,1.3325,213200,41.16,RGB
Clothes,clothes871_1.jpg,.jpg,400,534,0.7491,213600,15.56,RGB
Clothes,clothes872_1.jpg,.jpg,400,533,0.7505,213200,24.72,RGB
Clothes,clothes873_1.jpg,.jpg,521,400,1.3025,208400,25.54,RGB
Clothes,clothes874_1.jpg,.jpg,400,534,0.7491,213600,22.0,RGB
Clothes,clothes875_1.jpg,.jpg,400,533,0.7505,213200,21.81,RGB
Clothes,clothes876_1.jpg,.jpg,400,533,0.7505,213200,46.04,RGB
Clothes,clothes877_1.jpg,.jpg,400,534,0.7491,213600,23.9,RGB
Clothes,clothes878_1.jpg,.jpg,400,537,0.7449,214800,17.16,RGB
Clothes,clothes879_1.jpg,.jpg,711,400,1.7775,284400,31.85,RGB
Clothes,clothes88_1.jpg,.jpg,400,533,0.7505,213200,26.79,RGB
Clothes,clothes880_1.jpg,.jpg,533,400,1.3325,213200,30.38,RGB
Clothes,clothes881_1.jpg,.jpg,400,533,0.7505,213200,24.38,RGB
Clothes,clothes882_1.jpg,.jpg,400,533,0.7505,213200,17.4,RGB
Clothes,clothes883_1.jpg,.jpg,400,533,0.7505,213200,23.78,RGB
Clothes,clothes884_1.jpg,.jpg,400,533,0.7505,213200,22.22,RGB
Clothes,clothes885_1.jpg,.jpg,400,533,0.7505,213200,19.22,RGB
Clothes,clothes886_1.jpg,.jpg,432,400,1.08,172800,37.82,RGB
Clothes,clothes887_1.jpg,.jpg,400,533,0.7505,213200,37.04,RGB
Clothes,clothes888_1.jpg,.jpg,400,533,0.7505,213200,33.14,RGB
Clothes,clothes889_1.jpg,.jpg,400,534,0.7491,213600,30.72,RGB
Clothes,clothes89_1.jpg,.jpg,400,534,0.7491,213600,24.89,RGB
Clothes,clothes890_1.jpg,.jpg,400,400,1.0,160000,15.68,RGB
Clothes,clothes891_1.jpg,.jpg,400,711,0.5626,284400,59.78,RGB
Clothes,clothes892_1.jpg,.jpg,605,400,1.5125,242000,32.97,RGB
Clothes,clothes893_1.jpg,.jpg,400,711,0.5626,284400,18.55,RGB
Clothes,clothes894_1.jpg,.jpg,400,400,1.0,160000,17.88,RGB
Clothes,clothes895_1.jpg,.jpg,400,534,0.7491,213600,25.95,RGB
Clothes,clothes896_1.jpg,.jpg,400,711,0.5626,284400,25.57,RGB
Clothes,clothes897_1.jpg,.jpg,400,534,0.7491,213600,14.34,RGB
Clothes,clothes898_1.jpg,.jpg,400,534,0.7491,213600,12.41,RGB
Clothes,clothes899_1.jpg,.jpg,400,533,0.7505,213200,29.16,RGB
Clothes,clothes9_1.jpg,.jpg,400,533,0.7505,213200,35.16,RGB
Clothes,clothes90_1.jpg,.jpg,400,533,0.7505,213200,28.42,RGB
Clothes,clothes900_1.jpg,.jpg,400,534,0.7491,213600,25.44,RGB
Clothes,clothes901_1.jpg,.jpg,400,534,0.7491,213600,39.27,RGB
Clothes,clothes902_1.jpg,.jpg,400,513,0.7797,205200,26.99,RGB
Clothes,clothes903_1.jpg,.jpg,400,533,0.7505,213200,37.78,RGB
Clothes,clothes904_1.jpg,.jpg,400,406,0.9852,162400,20.54,RGB
Clothes,clothes905_1.jpg,.jpg,400,534,0.7491,213600,17.74,RGB
Clothes,clothes906_1.jpg,.jpg,400,533,0.7505,213200,43.59,RGB
Clothes,clothes907_1.jpg,.jpg,533,400,1.3325,213200,18.02,RGB
Clothes,clothes908_1.jpg,.jpg,400,711,0.5626,284400,55.65,RGB
Clothes,clothes909_1.jpg,.jpg,400,533,0.7505,213200,18.21,RGB
Clothes,clothes91_1.jpg,.jpg,400,400,1.0,160000,19.46,RGB
Clothes,clothes910_1.jpg,.jpg,400,533,0.7505,213200,34.27,RGB
Clothes,clothes911_1.jpg,.jpg,400,534,0.7491,213600,26.69,RGB
Clothes,clothes912_1.jpg,.jpg,400,533,0.7505,213200,27.03,RGB
Clothes,clothes913_1.jpg,.jpg,400,449,0.8909,179600,12.46,RGB
Clothes,clothes914_1.jpg,.jpg,534,400,1.335,213600,27.5,RGB
Clothes,clothes915_1.jpg,.jpg,400,711,0.5626,284400,32.06,RGB
Clothes,clothes916_1.jpg,.jpg,400,711,0.5626,284400,42.92,RGB
Clothes,clothes917_1.jpg,.jpg,400,533,0.7505,213200,21.85,RGB
Clothes,clothes918_1.jpg,.jpg,448,400,1.12,179200,19.48,RGB
Clothes,clothes919_1.jpg,.jpg,400,534,0.7491,213600,29.42,RGB
Clothes,clothes92_1.jpg,.jpg,400,440,0.9091,176000,22.79,RGB
Clothes,clothes920_1.jpg,.jpg,400,533,0.7505,213200,12.67,RGB
Clothes,clothes921_1.jpg,.jpg,400,490,0.8163,196000,25.47,RGB
Clothes,clothes922_1.jpg,.jpg,534,400,1.335,213600,29.46,RGB
Clothes,clothes923_1.jpg,.jpg,400,533,0.7505,213200,34.11,RGB
Clothes,clothes924_1.jpg,.jpg,400,534,0.7491,213600,20.97,RGB
Clothes,clothes925_1.jpg,.jpg,400,400,1.0,160000,26.54,RGB
Clothes,clothes926_1.jpg,.jpg,400,412,0.9709,164800,22.03,RGB
Clothes,clothes927_1.jpg,.jpg,400,533,0.7505,213200,27.23,RGB
Clothes,clothes928_1.jpg,.jpg,400,533,0.7505,213200,23.78,RGB
Clothes,clothes929_1.jpg,.jpg,400,423,0.9456,169200,13.31,RGB
Clothes,clothes93_1.jpg,.jpg,400,534,0.7491,213600,16.42,RGB
Clothes,clothes930_1.jpg,.jpg,400,533,0.7505,213200,22.03,RGB
Clothes,clothes931_1.jpg,.jpg,533,400,1.3325,213200,17.05,RGB
Clothes,clothes932_1.jpg,.jpg,744,400,1.86,297600,47.87,RGB
Clothes,clothes933_1.jpg,.jpg,400,533,0.7505,213200,40.2,RGB
Clothes,clothes934_1.jpg,.jpg,400,534,0.7491,213600,19.23,RGB
Clothes,clothes935_1.jpg,.jpg,400,711,0.5626,284400,38.69,RGB
Clothes,clothes936_1.jpg,.jpg,400,473,0.8457,189200,38.46,RGB
Clothes,clothes937_1.jpg,.jpg,400,534,0.7491,213600,23.08,RGB
Clothes,clothes938_1.jpg,.jpg,400,533,0.7505,213200,27.28,RGB
Clothes,clothes939_1.jpg,.jpg,533,400,1.3325,213200,20.73,RGB
Clothes,clothes94_1.jpg,.jpg,400,533,0.7505,213200,14.06,RGB
Clothes,clothes940_1.jpg,.jpg,400,533,0.7505,213200,32.06,RGB
Clothes,clothes941_1.jpg,.jpg,534,400,1.335,213600,25.83,RGB
Clothes,clothes942_1.jpg,.jpg,400,429,0.9324,171600,17.39,RGB
Clothes,clothes943_1.jpg,.jpg,400,411,0.9732,164400,17.96,RGB
Clothes,clothes944_1.jpg,.jpg,400,602,0.6645,240800,31.75,RGB
Clothes,clothes945_1.jpg,.jpg,400,797,0.5019,318800,25.84,RGB
Clothes,clothes946_1.jpg,.jpg,534,400,1.335,213600,24.75,RGB
Clothes,clothes947_1.jpg,.jpg,400,533,0.7505,213200,35.03,RGB
Clothes,clothes948_1.jpg,.jpg,400,533,0.7505,213200,22.49,RGB
Clothes,clothes949_1.jpg,.jpg,400,533,0.7505,213200,14.12,RGB
Clothes,clothes95_1.jpg,.jpg,400,534,0.7491,213600,16.83,RGB
Clothes,clothes950_1.jpg,.jpg,400,533,0.7505,213200,39.68,RGB
Clothes,clothes951_1.jpg,.jpg,400,400,1.0,160000,22.32,RGB
Clothes,clothes952_1.jpg,.jpg,400,711,0.5626,284400,20.23,RGB
Clothes,clothes953_1.jpg,.jpg,400,533,0.7505,213200,33.53,RGB
Clothes,clothes954_1.jpg,.jpg,400,533,0.7505,213200,28.31,RGB
Clothes,clothes955_1.jpg,.jpg,400,533,0.7505,213200,31.8,RGB
Clothes,clothes956_1.jpg,.jpg,400,533,0.7505,213200,38.5,RGB
Clothes,clothes957_1.jpg,.jpg,400,533,0.7505,213200,22.75,RGB
Clothes,clothes958_1.jpg,.jpg,400,534,0.7491,213600,15.5,RGB
Clothes,clothes959_1.jpg,.jpg,400,711,0.5626,284400,13.66,RGB
Clothes,clothes96_1.jpg,.jpg,400,534,0.7491,213600,17.78,RGB
Clothes,clothes960_1.jpg,.jpg,711,400,1.7775,284400,49.69,RGB
Clothes,clothes961_1.jpg,.jpg,400,534,0.7491,213600,24.96,RGB
Clothes,clothes962_1.jpg,.jpg,400,533,0.7505,213200,34.66,RGB
Clothes,clothes963_1.jpg,.jpg,400,711,0.5626,284400,37.55,RGB
Clothes,clothes964_1.jpg,.jpg,400,534,0.7491,213600,20.24,RGB
Clothes,clothes965_1.jpg,.jpg,711,400,1.7775,284400,55.83,RGB
Clothes,clothes966_1.jpg,.jpg,400,457,0.8753,182800,13.36,RGB
Clothes,clothes967_1.jpg,.jpg,400,534,0.7491,213600,35.0,RGB
Clothes,clothes968_1.jpg,.jpg,400,534,0.7491,213600,17.74,RGB
Clothes,clothes969_1.jpg,.jpg,400,533,0.7505,213200,23.82,RGB
Clothes,clothes97_1.jpg,.jpg,400,534,0.7491,213600,24.67,RGB
Clothes,clothes970_1.jpg,.jpg,400,534,0.7491,213600,23.38,RGB
Clothes,clothes971_1.jpg,.jpg,400,867,0.4614,346800,30.5,RGB
Clothes,clothes972_1.jpg,.jpg,400,484,0.8264,193600,12.6,RGB
Clothes,clothes973_1.jpg,.jpg,400,533,0.7505,213200,44.47,RGB
Clothes,clothes974_1.jpg,.jpg,400,534,0.7491,213600,25.8,RGB
Clothes,clothes975_1.jpg,.jpg,400,533,0.7505,213200,30.01,RGB
Clothes,clothes976_1.jpg,.jpg,400,430,0.9302,172000,16.85,RGB
Clothes,clothes977_1.jpg,.jpg,400,532,0.7519,212800,64.97,RGB
Clothes,clothes978_1.jpg,.jpg,400,534,0.7491,213600,23.91,RGB
Clothes,clothes979_1.jpg,.jpg,400,711,0.5626,284400,17.77,RGB
Clothes,clothes98_1.jpg,.jpg,480,400,1.2,192000,18.17,RGB
Clothes,clothes980_1.jpg,.jpg,400,476,0.8403,190400,29.9,RGB
Clothes,clothes981_1.jpg,.jpg,400,533,0.7505,213200,13.32,RGB
Clothes,clothes982_1.jpg,.jpg,403,400,1.0075,161200,16.68,RGB
Clothes,clothes983_1.jpg,.jpg,400,534,0.7491,213600,19.12,RGB
Clothes,clothes984_1.jpg,.jpg,533,400,1.3325,213200,25.36,RGB
Clothes,clothes985_1.jpg,.jpg,400,533,0.7505,213200,15.85,RGB
Clothes,clothes986_1.jpg,.jpg,400,533,0.7505,213200,31.79,RGB
Clothes,clothes987_1.jpg,.jpg,400,533,0.7505,213200,13.08,RGB
Clothes,clothes988_1.jpg,.jpg,400,533,0.7505,213200,33.62,RGB
Clothes,clothes989_1.jpg,.jpg,400,539,0.7421,215600,28.55,RGB
Clothes,clothes99_1.jpg,.jpg,400,533,0.7505,213200,15.05,RGB
Clothes,clothes990_1.jpg,.jpg,416,400,1.04,166400,11.7,RGB
Clothes,clothes991_1.jpg,.jpg,400,533,0.7505,213200,29.5,RGB
Clothes,clothes992_1.jpg,.jpg,400,533,0.7505,213200,31.36,RGB
Clothes,clothes993_1.jpg,.jpg,400,533,0.7505,213200,35.06,RGB
Clothes,clothes994_1.jpg,.jpg,400,534,0.7491,213600,27.25,RGB
Clothes,clothes995_1.jpg,.jpg,400,533,0.7505,213200,49.58,RGB
Clothes,clothes996_1.jpg,.jpg,400,533,0.7505,213200,34.18,RGB
Clothes,clothes997_1.jpg,.jpg,522,400,1.305,208800,49.8,RGB
Clothes,clothes998_1.jpg,.jpg,400,533,0.7505,213200,48.4,RGB
Clothes,clothes999_1.jpg,.jpg,533,400,1.3325,213200,20.37,RGB
